index,mode,gold_hit,wrong_answer_hit,abstained,confidence,conflict_expected,conflict_detected
0,basic_rag,False,False,False,0.5162,False,False
1,basic_rag,True,False,False,0.567,False,False
2,basic_rag,True,False,False,0.746,True,False
3,basic_rag,True,True,False,0.9362,False,False
4,basic_rag,False,False,False,1.0,True,False
5,basic_rag,True,False,False,0.7543,False,False
6,basic_rag,True,False,False,0.8495,True,False
7,basic_rag,False,True,False,0.5275,False,False
8,basic_rag,False,True,False,1.0,True,False
9,basic_rag,False,False,True,0.0,True,False
10,basic_rag,False,False,False,0.5228,False,False
11,basic_rag,True,False,False,0.5019,False,False
12,basic_rag,True,False,False,0.6762,True,False
13,basic_rag,True,True,False,0.9715,True,False
14,basic_rag,True,False,False,0.943,True,False
15,basic_rag,True,True,False,0.9189,True,False
16,basic_rag,False,False,False,1.0,False,False
17,basic_rag,False,False,False,1.0,False,False
18,basic_rag,False,True,False,0.9862,False,False
19,basic_rag,True,False,False,0.7612,False,False
20,basic_rag,True,True,False,0.6306,True,False
21,basic_rag,False,False,False,0.6035,True,False
22,basic_rag,False,True,False,0.5294,True,False
23,basic_rag,False,True,False,0.8131,False,False
24,basic_rag,False,True,False,0.7024,True,False
25,basic_rag,False,True,False,0.7169,False,False
26,basic_rag,True,False,False,0.6611,True,False
27,basic_rag,True,False,False,1.0,True,False
28,basic_rag,False,True,False,0.5526,False,False
29,basic_rag,False,False,False,1.0,False,False
30,basic_rag,True,False,False,0.9385,True,False
31,basic_rag,True,False,False,0.9665,False,False
32,basic_rag,True,True,False,0.9918,True,False
33,basic_rag,True,False,False,0.5491,True,False
34,basic_rag,False,False,True,0.0,False,False
35,basic_rag,True,False,False,1.0,False,False
36,basic_rag,True,True,False,0.8686,False,False
37,basic_rag,False,True,False,0.8409,True,False
38,basic_rag,True,True,False,0.6224,False,False
39,basic_rag,True,True,False,1.0,True,False
40,basic_rag,True,False,False,0.5186,False,False
41,basic_rag,True,True,False,0.969,True,False
42,basic_rag,False,False,False,1.0,False,False
43,basic_rag,True,False,False,0.5716,False,False
44,basic_rag,False,False,False,1.0,False,False
45,basic_rag,False,False,False,0.9986,True,False
46,basic_rag,False,False,False,1.0,False,False
47,basic_rag,True,True,False,0.6328,True,False
48,basic_rag,True,True,False,0.3348,True,False
49,basic_rag,False,True,False,0.5878,True,False
50,basic_rag,True,False,False,0.7716,False,False
51,basic_rag,False,True,False,1.0,True,False
52,basic_rag,True,False,False,0.6681,False,False
53,basic_rag,True,True,False,0.984,True,False
54,basic_rag,True,True,False,0.8132,True,False
55,basic_rag,True,False,False,1.0,True,False
56,basic_rag,True,False,False,0.9758,True,False
57,basic_rag,False,False,False,1.0,False,False
58,basic_rag,False,False,False,1.0,False,False
59,basic_rag,False,False,False,0.6577,False,False
60,basic_rag,False,True,False,0.795,True,False
61,basic_rag,True,True,False,0.9901,True,False
62,basic_rag,True,False,False,0.5386,True,False
63,basic_rag,False,False,False,0.9491,True,False
64,basic_rag,False,False,False,1.0,True,False
65,basic_rag,False,False,True,0.0,False,False
66,basic_rag,True,False,False,0.8572,True,False
67,basic_rag,True,False,False,0.618,True,False
68,basic_rag,False,True,False,0.5599,True,False
69,basic_rag,False,False,False,0.5351,True,False
70,basic_rag,True,True,False,0.708,True,False
71,basic_rag,True,True,False,0.9857,True,False
72,basic_rag,True,False,False,0.9585,False,False
73,basic_rag,True,True,False,0.668,True,False
74,basic_rag,True,True,False,0.562,True,False
75,basic_rag,True,False,False,0.6223,False,False
76,basic_rag,True,True,False,0.9544,True,False
77,basic_rag,False,False,True,0.0,True,False
78,basic_rag,False,False,True,0.0,False,False
79,basic_rag,True,False,False,0.7216,False,False
80,basic_rag,False,False,False,1.0,True,False
81,basic_rag,True,True,False,0.855,True,False
82,basic_rag,True,False,False,0.7077,True,False
83,basic_rag,True,False,False,1.0,True,False
84,basic_rag,False,False,False,1.0,False,False
85,basic_rag,False,False,False,1.0,False,False
86,basic_rag,True,False,False,0.5538,False,False
87,basic_rag,False,False,False,1.0,False,False
88,basic_rag,True,True,False,0.9938,False,False
89,basic_rag,True,False,False,0.686,False,False
90,basic_rag,False,True,False,0.71,True,False
91,basic_rag,False,False,False,1.0,False,False
92,basic_rag,True,True,False,0.9949,True,False
93,basic_rag,True,False,False,0.5008,False,False
94,basic_rag,False,True,False,0.5899,False,False
95,basic_rag,True,False,False,0.6072,True,False
96,basic_rag,True,False,False,0.8139,True,False
97,basic_rag,True,True,False,0.7329,True,False
98,basic_rag,False,False,True,0.0,False,False
99,basic_rag,False,False,True,0.0,False,False
100,basic_rag,True,False,False,0.5862,False,False
101,basic_rag,False,False,False,0.969,True,False
102,basic_rag,True,False,False,0.938,True,False
103,basic_rag,True,False,False,1.0,False,False
104,basic_rag,False,False,False,0.944,True,False
105,basic_rag,False,False,False,0.9777,False,False
106,basic_rag,True,False,False,0.8473,False,False
107,basic_rag,True,False,False,0.9427,False,False
108,basic_rag,True,False,False,1.0,False,False
109,basic_rag,True,False,False,0.7403,False,False
110,basic_rag,True,False,False,0.802,True,False
111,basic_rag,False,True,False,0.7823,True,False
112,basic_rag,True,False,False,1.0,False,False
113,basic_rag,True,False,False,0.9593,False,False
114,basic_rag,True,False,False,0.9789,True,False
115,basic_rag,False,False,False,0.9821,False,False
116,basic_rag,True,True,False,0.9746,False,False
117,basic_rag,False,False,False,0.9452,False,False
118,basic_rag,False,False,False,0.9124,True,False
119,basic_rag,True,False,False,0.961,True,False
120,basic_rag,True,False,False,1.0,False,False
121,basic_rag,True,False,False,0.6768,False,False
122,basic_rag,True,False,False,0.5618,False,False
123,basic_rag,True,False,False,0.6596,False,False
124,basic_rag,True,False,False,0.9459,True,False
125,basic_rag,True,False,False,0.6945,False,False
126,basic_rag,True,False,False,0.9789,False,False
127,basic_rag,True,False,False,0.9707,True,False
128,basic_rag,True,True,False,0.993,True,False
129,basic_rag,True,True,False,1.0,True,False
130,basic_rag,True,True,False,0.712,False,False
131,basic_rag,True,True,False,0.9543,True,False
132,basic_rag,False,True,False,0.634,True,False
133,basic_rag,True,False,False,0.876,True,False
134,basic_rag,True,False,False,1.0,False,False
135,basic_rag,False,False,False,0.9497,True,False
136,basic_rag,True,False,False,0.9399,False,False
137,basic_rag,True,False,False,0.9573,True,False
138,basic_rag,True,True,False,0.9925,False,False
139,basic_rag,True,False,False,0.9701,True,False
140,basic_rag,True,False,False,0.5057,True,False
141,basic_rag,True,True,False,0.8663,True,False
142,basic_rag,True,False,False,0.7892,False,False
143,basic_rag,False,False,False,0.6998,False,False
144,basic_rag,True,False,False,0.9139,False,False
145,basic_rag,True,False,False,0.6427,False,False
146,basic_rag,True,True,False,0.9683,True,False
147,basic_rag,False,False,False,0.9671,False,False
148,basic_rag,True,True,False,0.5203,True,False
149,basic_rag,True,True,False,0.9987,True,False
150,basic_rag,True,False,False,0.9378,False,False
151,basic_rag,True,False,False,0.7561,False,False
152,basic_rag,True,False,False,0.7599,True,False
153,basic_rag,True,True,False,0.7521,True,False
154,basic_rag,True,False,False,0.6309,False,False
155,basic_rag,True,True,False,0.9984,True,False
156,basic_rag,True,True,False,0.9467,True,False
157,basic_rag,True,False,False,0.846,True,False
158,basic_rag,True,True,False,0.9141,False,False
159,basic_rag,True,True,False,0.9051,False,False
160,basic_rag,True,False,False,0.897,True,False
161,basic_rag,False,False,False,0.9804,False,False
162,basic_rag,False,True,False,0.8073,True,False
163,basic_rag,False,False,False,0.9949,True,False
164,basic_rag,True,False,False,0.6235,True,False
165,basic_rag,True,False,False,0.9774,False,False
166,basic_rag,True,False,False,0.7217,False,False
167,basic_rag,True,True,False,0.9613,False,False
168,basic_rag,True,False,False,0.9882,True,False
169,basic_rag,True,False,False,0.9848,True,False
170,basic_rag,False,False,False,1.0,False,False
171,basic_rag,True,False,False,0.578,False,False
172,basic_rag,True,True,False,0.5241,False,False
173,basic_rag,True,False,False,0.6783,True,False
174,basic_rag,False,False,False,0.8856,False,False
175,basic_rag,True,False,False,0.8777,True,False
176,basic_rag,True,False,False,0.997,False,False
177,basic_rag,True,True,False,0.9495,False,False
178,basic_rag,True,False,False,1.0,False,False
179,basic_rag,True,False,False,0.5641,False,False
180,basic_rag,True,False,False,0.7513,False,False
181,basic_rag,False,False,False,0.9145,True,False
182,basic_rag,True,False,False,0.9593,True,False
183,basic_rag,True,False,False,0.9656,True,False
184,basic_rag,True,False,False,0.9833,False,False
185,basic_rag,True,False,False,0.7337,False,False
186,basic_rag,True,False,False,0.9683,False,False
187,basic_rag,True,False,False,0.958,False,False
188,basic_rag,True,False,False,0.8237,False,False
189,basic_rag,True,False,False,0.63,True,False
190,basic_rag,True,False,False,1.0,True,False
191,basic_rag,True,False,False,1.0,False,False
192,basic_rag,True,False,False,0.7209,False,False
193,basic_rag,True,True,False,0.9981,True,False
194,basic_rag,True,False,False,0.8421,True,False
195,basic_rag,True,False,False,1.0,False,False
196,basic_rag,True,False,False,1.0,False,False
197,basic_rag,True,False,False,1.0,False,False
198,basic_rag,True,False,False,0.714,True,False
199,basic_rag,True,False,False,0.5193,True,False
200,basic_rag,True,False,False,0.921,False,False
201,basic_rag,False,False,False,0.9749,True,False
202,basic_rag,True,False,False,0.9513,False,False
203,basic_rag,True,True,False,0.8378,False,False
204,basic_rag,True,False,False,0.7451,True,False
205,basic_rag,True,False,False,0.8464,False,False
206,basic_rag,True,False,False,0.8223,True,False
207,basic_rag,True,True,False,1.0,True,False
208,basic_rag,False,False,False,0.7406,False,False
209,basic_rag,True,False,False,0.9968,True,False
210,basic_rag,True,False,False,1.0,False,False
211,basic_rag,True,False,False,1.0,True,False
212,basic_rag,False,False,True,0.0,False,False
213,basic_rag,False,False,False,0.9702,True,False
214,basic_rag,True,False,False,0.849,True,False
215,basic_rag,True,False,False,0.983,False,False
216,basic_rag,False,False,False,1.0,False,False
217,basic_rag,True,False,False,1.0,False,False
218,basic_rag,False,False,False,1.0,True,False
219,basic_rag,False,False,False,0.5048,False,False
220,basic_rag,True,False,False,0.7684,False,False
221,basic_rag,True,False,False,0.8069,True,False
222,basic_rag,False,False,False,0.7705,False,False
223,basic_rag,True,False,False,0.7555,True,False
224,basic_rag,False,False,False,0.5019,True,False
225,basic_rag,True,True,False,0.9739,True,False
226,basic_rag,True,False,False,0.8792,False,False
227,basic_rag,False,False,False,0.9915,False,False
228,basic_rag,False,False,False,0.624,False,False
229,basic_rag,True,True,False,1.0,True,False
230,basic_rag,True,False,False,0.6256,False,False
231,basic_rag,True,False,False,1.0,False,False
232,basic_rag,False,False,False,0.9462,False,False
233,basic_rag,True,False,False,0.7316,True,False
234,basic_rag,True,False,False,0.9923,True,False
235,basic_rag,True,False,False,0.9788,False,False
236,basic_rag,True,True,False,0.9204,False,False
237,basic_rag,True,False,False,0.8287,False,False
238,basic_rag,True,False,False,0.9946,True,False
239,basic_rag,True,False,False,1.0,False,False
240,basic_rag,True,True,False,0.9518,True,False
241,basic_rag,False,True,False,0.5316,True,False
242,basic_rag,True,True,False,0.7038,False,False
243,basic_rag,True,False,False,1.0,False,False
244,basic_rag,True,False,False,0.7952,False,False
245,basic_rag,True,False,False,0.9787,False,False
246,basic_rag,True,False,False,0.7977,False,False
247,basic_rag,True,False,False,0.8327,False,False
248,basic_rag,True,False,False,0.7346,False,False
249,basic_rag,True,False,False,0.5563,False,False
250,basic_rag,True,False,False,0.866,True,False
251,basic_rag,True,False,False,0.759,False,False
252,basic_rag,False,True,False,0.8617,True,False
253,basic_rag,True,False,False,0.9827,True,False
254,basic_rag,True,True,False,0.9833,True,False
255,basic_rag,True,True,False,0.9768,False,False
256,basic_rag,True,True,False,0.9901,True,False
257,basic_rag,True,False,False,0.9368,False,False
258,basic_rag,True,True,False,0.9542,True,False
259,basic_rag,True,False,False,1.0,False,False
260,basic_rag,True,False,False,1.0,False,False
261,basic_rag,True,True,False,0.9871,True,False
262,basic_rag,True,False,False,0.7848,False,False
263,basic_rag,True,False,False,0.9695,True,False
264,basic_rag,True,True,False,0.7131,False,False
265,basic_rag,True,True,False,0.9396,False,False
266,basic_rag,False,False,False,0.9472,True,False
267,basic_rag,True,False,False,0.8488,True,False
268,basic_rag,True,False,False,0.9156,False,False
269,basic_rag,False,True,False,0.9527,False,False
270,basic_rag,True,False,False,0.9713,False,False
271,basic_rag,False,False,False,0.9673,True,False
272,basic_rag,True,False,False,0.9576,False,False
273,basic_rag,True,False,False,0.9095,False,False
274,basic_rag,True,False,False,1.0,False,False
275,basic_rag,True,False,False,0.7714,False,False
276,basic_rag,True,False,False,0.9419,False,False
277,basic_rag,True,False,False,0.9591,False,False
278,basic_rag,True,True,False,0.9883,True,False
279,basic_rag,True,False,False,0.9892,False,False
280,basic_rag,False,False,False,0.6061,False,False
281,basic_rag,True,False,False,0.823,False,False
282,basic_rag,True,False,False,0.8585,True,False
283,basic_rag,True,True,False,0.8207,True,False
284,basic_rag,True,False,False,0.9002,True,False
285,basic_rag,True,False,False,0.8807,True,False
286,basic_rag,True,False,False,0.9542,False,False
287,basic_rag,True,False,False,0.7672,True,False
288,basic_rag,False,True,False,0.6074,True,False
289,basic_rag,True,False,False,0.965,True,False
290,basic_rag,True,False,False,0.7632,False,False
291,basic_rag,True,False,False,0.6127,True,False
292,basic_rag,True,False,False,0.8943,False,False
293,basic_rag,True,False,False,1.0,False,False
294,basic_rag,True,True,False,0.9693,True,False
295,basic_rag,False,False,False,0.9702,True,False
296,basic_rag,True,False,False,0.8605,True,False
297,basic_rag,True,True,False,0.9954,True,False
298,basic_rag,True,False,False,0.8101,True,False
299,basic_rag,True,False,False,0.9721,False,False
300,basic_rag,True,False,False,0.9509,True,False
301,basic_rag,True,False,False,0.5833,False,False
302,basic_rag,True,False,False,0.9072,False,False
303,basic_rag,True,False,False,0.946,True,False
304,basic_rag,True,False,False,0.8664,False,False
305,basic_rag,True,False,False,0.9774,False,False
306,basic_rag,True,False,False,0.8867,False,False
307,basic_rag,True,False,False,0.9907,True,False
308,basic_rag,True,False,False,0.8264,True,False
309,basic_rag,True,False,False,0.8855,True,False
310,basic_rag,True,False,False,0.979,False,False
311,basic_rag,False,False,False,0.6243,False,False
312,basic_rag,True,False,False,0.8558,False,False
313,basic_rag,True,True,False,0.7692,True,False
314,basic_rag,False,False,False,0.9462,True,False
315,basic_rag,True,False,False,0.8963,False,False
316,basic_rag,True,False,False,0.7833,False,False
317,basic_rag,True,False,False,0.9039,False,False
318,basic_rag,True,True,False,0.9264,False,False
319,basic_rag,True,False,False,0.9074,False,False
320,basic_rag,True,False,False,0.5426,False,False
321,basic_rag,True,False,False,0.7835,False,False
322,basic_rag,True,True,False,0.653,True,False
323,basic_rag,True,False,False,0.951,True,False
324,basic_rag,True,False,False,0.5571,True,False
325,basic_rag,True,False,False,0.9482,True,False
326,basic_rag,True,False,False,0.8102,False,False
327,basic_rag,True,False,False,0.8185,False,False
328,basic_rag,True,False,False,0.9365,True,False
329,basic_rag,True,False,False,0.9709,True,False
330,basic_rag,False,False,False,0.5212,False,False
331,basic_rag,True,False,False,0.9552,True,False
332,basic_rag,True,False,False,0.8517,False,False
333,basic_rag,True,False,False,0.9832,False,False
334,basic_rag,True,False,False,0.9833,True,False
335,basic_rag,True,False,False,0.7765,False,False
336,basic_rag,False,False,False,0.9745,False,False
337,basic_rag,True,False,False,0.824,False,False
338,basic_rag,True,True,False,0.899,True,False
339,basic_rag,False,False,False,0.9916,False,False
340,basic_rag,True,False,False,0.8548,False,False
341,basic_rag,True,False,False,0.9588,False,False
342,basic_rag,False,True,False,0.9224,True,False
343,basic_rag,True,False,False,0.8506,False,False
344,basic_rag,True,False,False,0.5238,False,False
345,basic_rag,True,False,False,0.9829,True,False
346,basic_rag,True,False,False,0.9959,True,False
347,basic_rag,True,False,False,0.5334,False,False
348,basic_rag,True,False,False,0.8155,False,False
349,basic_rag,False,False,False,0.8504,True,False
350,basic_rag,True,False,False,0.9961,True,False
351,basic_rag,True,False,False,0.8317,True,False
352,basic_rag,True,False,False,0.7442,False,False
353,basic_rag,True,False,False,0.9415,False,False
354,basic_rag,True,False,False,0.9899,False,False
355,basic_rag,True,False,False,0.7863,False,False
356,basic_rag,True,True,False,0.674,True,False
357,basic_rag,True,True,False,1.0,True,False
358,basic_rag,True,False,False,0.9089,True,False
359,basic_rag,True,False,False,0.9627,True,False
360,basic_rag,True,False,False,0.7735,False,False
361,basic_rag,False,False,False,0.996,False,False
362,basic_rag,True,False,False,0.9123,True,False
363,basic_rag,True,True,False,0.8795,False,False
364,basic_rag,True,False,False,0.9918,True,False
365,basic_rag,False,False,False,0.9436,False,False
366,basic_rag,True,False,False,0.8716,False,False
367,basic_rag,False,True,False,0.8318,True,False
368,basic_rag,True,False,False,0.7675,False,False
369,basic_rag,True,False,False,0.6022,True,False
370,basic_rag,True,False,False,0.7422,True,False
371,basic_rag,True,False,False,0.6346,False,False
372,basic_rag,True,False,False,0.8058,False,False
373,basic_rag,True,False,False,0.9036,False,False
374,basic_rag,True,False,False,0.6539,False,False
375,basic_rag,True,True,False,0.9981,True,False
376,basic_rag,True,False,False,0.9767,True,False
377,basic_rag,True,False,False,0.927,True,False
378,basic_rag,True,False,False,0.7268,False,False
379,basic_rag,True,False,False,0.9705,False,False
380,basic_rag,True,False,False,0.9896,False,False
381,basic_rag,True,False,False,0.8437,True,False
382,basic_rag,True,True,False,0.6949,True,False
383,basic_rag,False,False,False,0.8997,False,False
384,basic_rag,True,False,False,0.9823,False,False
385,basic_rag,True,False,False,0.9692,False,False
386,basic_rag,True,False,False,0.9789,True,False
387,basic_rag,False,False,False,0.9246,False,False
388,basic_rag,True,False,False,0.9513,True,False
389,basic_rag,True,False,False,0.9074,False,False
390,basic_rag,True,False,False,0.9554,True,False
391,basic_rag,True,True,False,0.5173,True,False
392,basic_rag,True,False,False,1.0,True,False
393,basic_rag,True,True,False,0.7759,True,False
394,basic_rag,True,False,False,0.8041,False,False
395,basic_rag,True,False,False,0.8247,False,False
396,basic_rag,True,False,False,0.867,False,False
397,basic_rag,True,False,False,0.6623,True,False
398,basic_rag,False,False,False,0.9746,True,False
399,basic_rag,False,False,False,0.8856,True,False
400,basic_rag,True,False,False,0.9964,False,False
401,basic_rag,True,False,False,0.8962,False,False
402,basic_rag,True,False,False,0.7462,False,False
403,basic_rag,False,False,False,0.7313,False,False
404,basic_rag,True,False,False,0.737,False,False
405,basic_rag,True,False,False,0.713,False,False
406,basic_rag,True,True,False,1.0,True,False
407,basic_rag,True,False,False,0.7649,True,False
408,basic_rag,False,False,False,0.7778,True,False
409,basic_rag,True,False,False,0.9754,True,False
410,basic_rag,True,False,False,0.9685,True,False
411,basic_rag,True,False,False,0.9854,False,False
412,basic_rag,True,False,False,0.9846,True,False
413,basic_rag,False,False,False,0.8124,True,False
414,basic_rag,True,True,False,0.9686,True,False
415,basic_rag,False,True,False,0.8853,True,False
416,basic_rag,True,False,False,0.7829,False,False
417,basic_rag,True,False,False,0.9078,False,False
418,basic_rag,True,True,False,0.997,True,False
419,basic_rag,True,False,False,0.8607,False,False
420,basic_rag,False,False,False,0.9655,True,False
421,basic_rag,True,False,False,0.9963,False,False
422,basic_rag,True,False,False,0.8917,False,False
423,basic_rag,True,False,False,0.992,False,False
424,basic_rag,True,False,False,0.7548,True,False
425,basic_rag,True,False,False,0.7998,False,False
426,basic_rag,True,False,False,0.8839,True,False
427,basic_rag,True,False,False,0.5091,False,False
428,basic_rag,True,False,False,0.5334,False,False
429,basic_rag,True,False,False,0.9964,True,False
430,basic_rag,True,False,False,0.9371,False,False
431,basic_rag,True,False,False,0.7254,True,False
432,basic_rag,True,False,False,0.6044,False,False
433,basic_rag,False,False,False,0.7183,False,False
434,basic_rag,True,True,False,0.9124,True,False
435,basic_rag,False,False,False,0.5102,False,False
436,basic_rag,True,False,False,0.9062,False,False
437,basic_rag,True,False,False,0.6641,False,False
438,basic_rag,True,False,False,0.7019,True,False
439,basic_rag,True,False,False,0.9893,False,False
440,basic_rag,True,False,False,0.7982,False,False
441,basic_rag,False,False,False,0.711,False,False
442,basic_rag,True,False,False,0.9909,True,False
443,basic_rag,True,True,False,0.6072,True,False
444,basic_rag,True,False,False,0.9053,True,False
445,basic_rag,True,False,False,0.9882,False,False
446,basic_rag,False,False,False,0.9023,True,False
447,basic_rag,True,False,False,0.7269,True,False
448,basic_rag,True,False,False,0.9709,True,False
449,basic_rag,True,False,False,0.5111,False,False
450,basic_rag,True,False,False,0.9861,True,False
451,basic_rag,True,True,False,0.956,True,False
452,basic_rag,True,True,False,0.8734,False,False
453,basic_rag,True,False,False,0.9672,True,False
454,basic_rag,True,False,False,0.9822,False,False
455,basic_rag,True,False,False,0.9892,True,False
456,basic_rag,True,True,False,0.9965,False,False
457,basic_rag,True,False,False,0.9116,True,False
458,basic_rag,True,False,False,0.9623,False,False
459,basic_rag,True,False,False,0.8552,False,False
460,basic_rag,True,True,False,0.9065,True,False
461,basic_rag,True,True,False,0.9985,True,False
462,basic_rag,True,False,False,0.9211,False,False
463,basic_rag,False,True,False,0.9959,True,False
464,basic_rag,True,False,False,0.6909,True,False
465,basic_rag,False,False,False,0.9951,True,False
466,basic_rag,True,False,False,0.9159,True,False
467,basic_rag,True,False,False,0.897,True,False
468,basic_rag,True,True,False,0.6365,True,False
469,basic_rag,True,False,False,0.9456,True,False
470,basic_rag,True,True,False,0.9092,True,False
471,basic_rag,True,False,False,0.8013,False,False
472,basic_rag,True,False,False,0.9802,False,False
473,basic_rag,True,True,False,0.9981,True,False
474,basic_rag,True,True,False,0.9523,True,False
475,basic_rag,True,True,False,0.7676,True,False
476,basic_rag,False,False,False,0.9264,False,False
477,basic_rag,True,True,False,0.9933,True,False
478,basic_rag,True,False,False,0.7767,False,False
479,basic_rag,True,False,False,0.9911,True,False
480,basic_rag,True,False,False,0.8008,False,False
481,basic_rag,True,False,False,1.0,False,False
482,basic_rag,True,True,False,0.9687,True,False
483,basic_rag,False,False,False,0.9213,False,False
484,basic_rag,True,False,False,0.9216,False,False
485,basic_rag,True,True,False,0.7992,True,False
486,basic_rag,True,False,False,0.8675,True,False
487,basic_rag,True,False,False,0.7647,True,False
488,basic_rag,True,False,False,0.7978,False,False
489,basic_rag,True,False,False,0.8899,False,False
490,basic_rag,True,False,False,0.5766,True,False
491,basic_rag,True,False,False,0.8092,False,False
492,basic_rag,True,False,False,0.7756,False,False
493,basic_rag,True,False,False,0.8287,True,False
494,basic_rag,True,False,False,0.953,False,False
495,basic_rag,True,False,False,0.9691,True,False
496,basic_rag,True,False,False,0.9821,True,False
497,basic_rag,True,False,False,0.9399,False,False
498,basic_rag,True,True,False,0.9243,True,False
499,basic_rag,True,True,False,1.0,True,False
0,hybrid_rag,False,False,False,0.5162,False,False
1,hybrid_rag,True,False,False,0.5302,False,False
2,hybrid_rag,True,True,False,0.7145,True,False
3,hybrid_rag,True,True,False,0.8581,False,False
4,hybrid_rag,True,False,False,0.5488,True,False
5,hybrid_rag,True,False,False,0.7098,False,False
6,hybrid_rag,True,False,False,0.7549,True,False
7,hybrid_rag,False,True,False,0.5331,False,False
8,hybrid_rag,True,True,False,0.5,True,False
9,hybrid_rag,True,False,False,0.4017,True,False
10,hybrid_rag,False,False,False,0.5103,False,False
11,hybrid_rag,True,False,False,0.5,False,False
12,hybrid_rag,True,False,False,0.7108,True,False
13,hybrid_rag,True,True,False,0.9284,True,False
14,hybrid_rag,True,False,False,0.7613,True,False
15,hybrid_rag,False,False,False,0.7981,True,False
16,hybrid_rag,True,False,False,0.5,False,False
17,hybrid_rag,True,False,False,0.5167,False,False
18,hybrid_rag,False,True,False,0.8108,False,False
19,hybrid_rag,True,False,False,0.884,False,False
20,hybrid_rag,True,True,False,0.7317,True,False
21,hybrid_rag,False,False,False,0.6716,True,False
22,hybrid_rag,True,False,False,0.5,True,False
23,hybrid_rag,False,True,False,0.7892,False,False
24,hybrid_rag,True,True,False,0.7205,True,False
25,hybrid_rag,False,True,False,0.7359,False,False
26,hybrid_rag,True,False,False,0.718,True,False
27,hybrid_rag,True,True,False,0.5,True,False
28,hybrid_rag,False,True,False,0.5237,False,False
29,hybrid_rag,True,False,False,0.5,False,False
30,hybrid_rag,True,False,False,0.7694,True,False
31,hybrid_rag,True,False,False,0.71,False,False
32,hybrid_rag,True,True,False,0.984,True,False
33,hybrid_rag,True,False,False,0.7011,True,False
34,hybrid_rag,False,False,False,0.55,False,False
35,hybrid_rag,True,False,False,0.5,False,False
36,hybrid_rag,True,True,False,0.7419,False,False
37,hybrid_rag,True,True,False,0.811,True,False
38,hybrid_rag,True,True,False,0.7683,False,False
39,hybrid_rag,True,True,False,0.9963,True,False
40,hybrid_rag,True,False,False,0.5797,False,False
41,hybrid_rag,True,True,False,0.8911,True,False
42,hybrid_rag,False,False,False,1.0,False,False
43,hybrid_rag,True,False,False,0.7422,False,False
44,hybrid_rag,True,False,False,0.5,False,False
45,hybrid_rag,False,False,False,0.9985,True,False
46,hybrid_rag,False,False,False,1.0,False,False
47,hybrid_rag,True,True,False,0.6786,True,False
48,hybrid_rag,False,True,False,0.3099,True,False
49,hybrid_rag,True,False,False,0.7854,True,False
50,hybrid_rag,True,False,False,0.7246,False,False
51,hybrid_rag,True,True,False,0.5,True,False
52,hybrid_rag,True,False,False,0.698,False,False
53,hybrid_rag,True,True,False,0.992,True,False
54,hybrid_rag,True,True,False,0.7308,True,False
55,hybrid_rag,True,True,False,0.5,True,False
56,hybrid_rag,True,False,False,0.7911,True,False
57,hybrid_rag,True,False,False,0.5,False,False
58,hybrid_rag,True,False,False,0.5167,False,False
59,hybrid_rag,False,True,False,0.6481,False,False
60,hybrid_rag,False,True,False,0.8097,True,False
61,hybrid_rag,True,True,False,0.9596,True,False
62,hybrid_rag,True,False,False,0.5173,True,False
63,hybrid_rag,False,False,False,0.7247,True,False
64,hybrid_rag,False,False,False,0.9995,True,False
65,hybrid_rag,True,False,False,0.55,False,False
66,hybrid_rag,True,True,False,0.7791,True,False
67,hybrid_rag,True,False,False,0.8247,True,False
68,hybrid_rag,True,False,False,0.7954,True,False
69,hybrid_rag,False,False,False,0.5672,True,False
70,hybrid_rag,True,True,False,0.7302,True,False
71,hybrid_rag,True,True,False,0.4435,True,False
72,hybrid_rag,True,False,False,0.9495,False,False
73,hybrid_rag,True,False,False,0.6175,True,False
74,hybrid_rag,True,True,False,0.5279,True,False
75,hybrid_rag,True,False,False,0.6031,False,False
76,hybrid_rag,True,True,False,0.9626,True,False
77,hybrid_rag,True,True,False,0.5485,True,False
78,hybrid_rag,True,False,False,0.55,False,False
79,hybrid_rag,True,False,False,0.5484,False,False
80,hybrid_rag,False,False,False,0.9998,True,False
81,hybrid_rag,True,True,False,0.804,True,False
82,hybrid_rag,True,False,False,0.6422,True,False
83,hybrid_rag,True,True,False,0.5,True,False
84,hybrid_rag,True,False,False,0.5,False,False
85,hybrid_rag,False,False,False,0.5,False,False
86,hybrid_rag,True,False,False,0.5243,False,False
87,hybrid_rag,True,False,False,0.5,False,False
88,hybrid_rag,True,True,False,0.92,False,False
89,hybrid_rag,True,False,False,0.7014,False,False
90,hybrid_rag,True,True,False,0.6352,True,False
91,hybrid_rag,True,False,False,0.633,False,False
92,hybrid_rag,True,False,False,0.6147,True,False
93,hybrid_rag,True,False,False,0.5143,False,False
94,hybrid_rag,False,True,False,0.7062,False,False
95,hybrid_rag,True,True,False,0.5655,True,False
96,hybrid_rag,True,False,False,0.8657,True,False
97,hybrid_rag,True,True,False,0.7435,True,False
98,hybrid_rag,False,False,False,0.55,False,False
99,hybrid_rag,True,False,False,0.55,False,False
100,hybrid_rag,True,False,False,0.5872,False,False
101,hybrid_rag,True,False,False,0.8813,True,False
102,hybrid_rag,True,False,False,0.8605,True,False
103,hybrid_rag,True,False,False,0.5,False,False
104,hybrid_rag,True,False,False,0.7715,True,False
105,hybrid_rag,True,False,False,0.7653,False,False
106,hybrid_rag,True,False,False,0.8136,False,False
107,hybrid_rag,True,False,False,0.922,False,False
108,hybrid_rag,True,False,False,1.0,False,False
109,hybrid_rag,True,False,False,0.7701,False,False
110,hybrid_rag,True,True,False,0.7107,True,False
111,hybrid_rag,False,True,False,0.8543,True,False
112,hybrid_rag,True,False,False,0.5,False,False
113,hybrid_rag,True,False,False,0.881,False,False
114,hybrid_rag,True,False,False,0.9179,True,False
115,hybrid_rag,True,False,False,0.9504,False,False
116,hybrid_rag,True,True,False,0.8923,False,False
117,hybrid_rag,False,False,False,0.9724,False,False
118,hybrid_rag,False,False,False,0.9351,True,False
119,hybrid_rag,True,False,False,0.9725,True,False
120,hybrid_rag,True,False,False,0.5,False,False
121,hybrid_rag,True,False,False,0.826,False,False
122,hybrid_rag,True,False,False,0.6809,False,False
123,hybrid_rag,True,False,False,0.8002,False,False
124,hybrid_rag,True,False,False,0.9248,True,False
125,hybrid_rag,True,False,False,0.625,False,False
126,hybrid_rag,True,False,False,0.8873,False,False
127,hybrid_rag,True,False,False,0.8741,True,False
128,hybrid_rag,True,True,False,0.9909,True,False
129,hybrid_rag,True,True,False,0.9976,True,False
130,hybrid_rag,True,True,False,0.776,False,False
131,hybrid_rag,True,False,False,0.8361,True,False
132,hybrid_rag,False,True,False,0.5603,True,False
133,hybrid_rag,True,False,False,0.8145,True,False
134,hybrid_rag,True,False,False,0.5,False,False
135,hybrid_rag,False,False,False,0.9347,True,False
136,hybrid_rag,True,False,False,0.864,False,False
137,hybrid_rag,True,True,False,0.9211,True,False
138,hybrid_rag,True,True,False,0.9589,False,False
139,hybrid_rag,True,False,False,0.9153,True,False
140,hybrid_rag,True,False,False,0.5069,True,False
141,hybrid_rag,True,True,False,0.7832,True,False
142,hybrid_rag,True,False,False,0.8607,False,False
143,hybrid_rag,False,False,False,0.6686,False,False
144,hybrid_rag,True,False,False,0.7902,False,False
145,hybrid_rag,True,False,False,0.7977,False,False
146,hybrid_rag,True,True,False,0.9478,True,False
147,hybrid_rag,False,False,False,0.9716,False,False
148,hybrid_rag,True,True,False,0.713,True,False
149,hybrid_rag,True,True,False,0.9717,True,False
150,hybrid_rag,True,False,False,0.9096,False,False
151,hybrid_rag,True,False,False,0.6492,False,False
152,hybrid_rag,True,False,False,0.8696,True,False
153,hybrid_rag,True,False,False,0.6134,True,False
154,hybrid_rag,True,False,False,0.5932,False,False
155,hybrid_rag,True,True,False,0.9864,True,False
156,hybrid_rag,True,False,False,0.8077,True,False
157,hybrid_rag,True,True,False,0.814,True,False
158,hybrid_rag,True,True,False,0.83,False,False
159,hybrid_rag,True,True,False,0.9436,False,False
160,hybrid_rag,False,False,False,0.8337,True,False
161,hybrid_rag,False,False,False,0.9243,False,False
162,hybrid_rag,False,True,False,0.7293,True,False
163,hybrid_rag,False,False,False,0.9432,True,False
164,hybrid_rag,True,False,False,0.6062,True,False
165,hybrid_rag,True,False,False,0.9606,False,False
166,hybrid_rag,True,False,False,0.7867,False,False
167,hybrid_rag,True,True,False,0.9646,False,False
168,hybrid_rag,True,False,False,0.9617,True,False
169,hybrid_rag,True,False,False,0.8973,True,False
170,hybrid_rag,True,False,False,0.5638,False,False
171,hybrid_rag,True,False,False,0.6679,False,False
172,hybrid_rag,True,True,False,0.5109,False,False
173,hybrid_rag,True,False,False,0.8177,True,False
174,hybrid_rag,True,False,False,0.6667,False,False
175,hybrid_rag,True,False,False,0.7434,True,False
176,hybrid_rag,True,True,False,0.7897,False,False
177,hybrid_rag,True,False,False,0.9368,False,False
178,hybrid_rag,True,False,False,1.0,False,False
179,hybrid_rag,True,False,False,0.5289,False,False
180,hybrid_rag,True,False,False,0.759,False,False
181,hybrid_rag,False,False,False,0.799,True,False
182,hybrid_rag,True,False,False,0.9496,True,False
183,hybrid_rag,True,False,False,0.9307,True,False
184,hybrid_rag,True,False,False,0.9109,False,False
185,hybrid_rag,True,False,False,0.6454,False,False
186,hybrid_rag,True,False,False,0.8159,False,False
187,hybrid_rag,True,False,False,0.9465,False,False
188,hybrid_rag,True,False,False,0.8912,False,False
189,hybrid_rag,True,False,False,0.7778,True,False
190,hybrid_rag,False,True,False,0.9957,True,False
191,hybrid_rag,True,False,False,1.0,False,False
192,hybrid_rag,True,False,False,0.6286,False,False
193,hybrid_rag,False,False,False,0.901,True,False
194,hybrid_rag,True,True,False,0.8579,True,False
195,hybrid_rag,True,False,False,0.5,False,False
196,hybrid_rag,True,False,False,0.5,False,False
197,hybrid_rag,True,False,False,1.0,False,False
198,hybrid_rag,True,False,False,0.7691,True,False
199,hybrid_rag,True,False,False,0.615,True,False
200,hybrid_rag,True,False,False,0.6894,False,False
201,hybrid_rag,False,False,False,0.9201,True,False
202,hybrid_rag,True,False,False,0.974,False,False
203,hybrid_rag,True,True,False,0.8554,False,False
204,hybrid_rag,True,False,False,0.8383,True,False
205,hybrid_rag,False,False,False,0.7575,False,False
206,hybrid_rag,True,False,False,0.8634,True,False
207,hybrid_rag,True,True,False,1.0,True,False
208,hybrid_rag,False,False,False,0.6523,False,False
209,hybrid_rag,True,True,False,0.9652,True,False
210,hybrid_rag,True,False,False,0.5,False,False
211,hybrid_rag,True,True,False,0.5361,True,False
212,hybrid_rag,True,True,False,0.4635,False,False
213,hybrid_rag,False,False,False,0.9356,True,False
214,hybrid_rag,False,False,False,0.7691,True,False
215,hybrid_rag,True,False,False,0.9783,False,False
216,hybrid_rag,False,False,False,1.0,False,False
217,hybrid_rag,True,False,False,1.0,False,False
218,hybrid_rag,False,False,False,0.9977,True,False
219,hybrid_rag,False,False,False,0.5719,False,False
220,hybrid_rag,True,False,False,0.8883,False,False
221,hybrid_rag,True,False,False,0.8144,True,False
222,hybrid_rag,False,False,False,0.7998,False,False
223,hybrid_rag,True,False,False,0.7058,True,False
224,hybrid_rag,False,False,False,0.5482,True,False
225,hybrid_rag,True,True,False,0.972,True,False
226,hybrid_rag,True,False,False,0.869,False,False
227,hybrid_rag,False,True,False,0.8742,False,False
228,hybrid_rag,False,False,False,0.7295,False,False
229,hybrid_rag,True,True,False,0.7702,True,False
230,hybrid_rag,True,False,False,0.5557,False,False
231,hybrid_rag,True,False,False,0.5,False,False
232,hybrid_rag,False,False,False,0.8464,False,False
233,hybrid_rag,True,False,False,0.7956,True,False
234,hybrid_rag,True,False,False,0.8545,True,False
235,hybrid_rag,True,False,False,0.7465,False,False
236,hybrid_rag,True,True,False,0.9135,False,False
237,hybrid_rag,True,False,False,0.6768,False,False
238,hybrid_rag,True,False,False,0.795,True,False
239,hybrid_rag,True,False,False,0.5,False,False
240,hybrid_rag,True,True,False,0.7871,True,False
241,hybrid_rag,False,True,False,0.7525,True,False
242,hybrid_rag,True,True,False,0.7943,False,False
243,hybrid_rag,True,False,False,0.5,False,False
244,hybrid_rag,True,False,False,0.7227,False,False
245,hybrid_rag,True,False,False,0.8556,False,False
246,hybrid_rag,True,False,False,0.8546,False,False
247,hybrid_rag,True,False,False,0.8621,False,False
248,hybrid_rag,True,False,False,0.8014,False,False
249,hybrid_rag,True,False,False,0.6905,False,False
250,hybrid_rag,True,False,False,0.7754,True,False
251,hybrid_rag,True,False,False,0.8211,False,False
252,hybrid_rag,True,True,False,0.7976,True,False
253,hybrid_rag,True,False,False,0.9772,True,False
254,hybrid_rag,True,False,False,0.9286,True,False
255,hybrid_rag,True,False,False,0.9098,False,False
256,hybrid_rag,True,True,False,0.9592,True,False
257,hybrid_rag,False,False,False,0.6254,False,False
258,hybrid_rag,True,False,False,0.8906,True,False
259,hybrid_rag,True,False,False,0.5,False,False
260,hybrid_rag,True,False,False,0.5,False,False
261,hybrid_rag,True,True,False,0.9862,True,False
262,hybrid_rag,True,False,False,0.8254,False,False
263,hybrid_rag,True,False,False,0.8451,True,False
264,hybrid_rag,True,True,False,0.808,False,False
265,hybrid_rag,True,True,False,0.9444,False,False
266,hybrid_rag,False,True,False,0.8998,True,False
267,hybrid_rag,True,False,False,0.9092,True,False
268,hybrid_rag,True,False,False,0.9541,False,False
269,hybrid_rag,False,True,False,0.8863,False,False
270,hybrid_rag,True,False,False,0.912,False,False
271,hybrid_rag,False,False,False,0.8766,True,False
272,hybrid_rag,True,False,False,0.8963,False,False
273,hybrid_rag,True,False,False,0.8534,False,False
274,hybrid_rag,True,False,False,1.0,False,False
275,hybrid_rag,True,False,False,0.829,False,False
276,hybrid_rag,True,False,False,0.9017,False,False
277,hybrid_rag,True,False,False,0.9147,False,False
278,hybrid_rag,True,True,False,0.9741,True,False
279,hybrid_rag,True,False,False,0.9252,False,False
280,hybrid_rag,True,False,False,0.7323,False,False
281,hybrid_rag,True,False,False,0.8126,False,False
282,hybrid_rag,True,False,False,0.745,True,False
283,hybrid_rag,True,True,False,0.8951,True,False
284,hybrid_rag,True,True,False,0.9009,True,False
285,hybrid_rag,False,False,False,0.9103,True,False
286,hybrid_rag,True,False,False,0.9043,False,False
287,hybrid_rag,True,False,False,0.7287,True,False
288,hybrid_rag,False,False,False,0.6861,True,False
289,hybrid_rag,True,False,False,0.8069,True,False
290,hybrid_rag,True,True,False,0.8529,False,False
291,hybrid_rag,False,False,False,0.6316,True,False
292,hybrid_rag,True,False,False,0.6774,False,False
293,hybrid_rag,True,False,False,0.5,False,False
294,hybrid_rag,True,True,False,0.8104,True,False
295,hybrid_rag,False,False,False,0.9032,True,False
296,hybrid_rag,True,False,False,0.8591,True,False
297,hybrid_rag,True,True,False,0.9951,True,False
298,hybrid_rag,True,False,False,0.888,True,False
299,hybrid_rag,True,False,False,0.9093,False,False
300,hybrid_rag,True,False,False,0.8986,True,False
301,hybrid_rag,True,False,False,0.6476,False,False
302,hybrid_rag,True,False,False,0.837,False,False
303,hybrid_rag,True,False,False,0.7783,True,False
304,hybrid_rag,True,False,False,0.582,False,False
305,hybrid_rag,True,False,False,0.978,False,False
306,hybrid_rag,True,False,False,0.7864,False,False
307,hybrid_rag,True,False,False,0.9891,True,False
308,hybrid_rag,False,False,False,0.8123,True,False
309,hybrid_rag,True,False,False,0.797,True,False
310,hybrid_rag,True,False,False,0.9451,False,False
311,hybrid_rag,False,False,False,0.6942,False,False
312,hybrid_rag,True,False,False,0.7867,False,False
313,hybrid_rag,True,True,False,0.7076,True,False
314,hybrid_rag,False,False,False,0.9516,True,False
315,hybrid_rag,True,False,False,0.6414,False,False
316,hybrid_rag,True,False,False,0.5325,False,False
317,hybrid_rag,True,False,False,0.8521,False,False
318,hybrid_rag,True,False,False,0.7591,False,False
319,hybrid_rag,True,False,False,0.9231,False,False
320,hybrid_rag,True,False,False,0.5897,False,False
321,hybrid_rag,True,False,False,0.9002,False,False
322,hybrid_rag,True,True,False,0.7936,True,False
323,hybrid_rag,True,False,False,0.8811,True,False
324,hybrid_rag,True,True,False,0.5799,True,False
325,hybrid_rag,True,False,False,0.7704,True,False
326,hybrid_rag,True,False,False,0.5294,False,False
327,hybrid_rag,True,False,False,0.7369,False,False
328,hybrid_rag,True,False,False,0.8875,True,False
329,hybrid_rag,True,True,False,0.8899,True,False
330,hybrid_rag,True,False,False,0.5227,False,False
331,hybrid_rag,True,False,False,0.8671,True,False
332,hybrid_rag,False,False,False,0.8227,False,False
333,hybrid_rag,True,False,False,0.9753,False,False
334,hybrid_rag,True,False,False,0.5523,True,False
335,hybrid_rag,True,False,False,0.7967,False,False
336,hybrid_rag,True,False,False,0.9657,False,False
337,hybrid_rag,True,False,False,0.842,False,False
338,hybrid_rag,True,True,False,0.9003,True,False
339,hybrid_rag,True,False,False,0.9167,False,False
340,hybrid_rag,True,False,False,0.9121,False,False
341,hybrid_rag,True,False,False,0.9427,False,False
342,hybrid_rag,True,False,False,0.8872,True,False
343,hybrid_rag,True,False,False,0.8558,False,False
344,hybrid_rag,True,False,False,0.5107,False,False
345,hybrid_rag,True,False,False,0.9313,True,False
346,hybrid_rag,True,True,False,0.9895,True,False
347,hybrid_rag,True,False,False,0.6289,False,False
348,hybrid_rag,True,False,False,0.7304,False,False
349,hybrid_rag,True,False,False,0.8484,True,False
350,hybrid_rag,True,False,False,0.9978,True,False
351,hybrid_rag,True,False,False,0.8527,True,False
352,hybrid_rag,True,False,False,0.7194,False,False
353,hybrid_rag,True,False,False,0.7862,False,False
354,hybrid_rag,True,False,False,0.9806,False,False
355,hybrid_rag,True,False,False,0.7823,False,False
356,hybrid_rag,True,True,False,0.7412,True,False
357,hybrid_rag,True,True,False,0.475,True,False
358,hybrid_rag,True,True,False,0.8961,True,False
359,hybrid_rag,True,True,False,0.9111,True,False
360,hybrid_rag,False,False,False,0.7246,False,False
361,hybrid_rag,True,False,False,0.8482,False,False
362,hybrid_rag,True,False,False,0.9297,True,False
363,hybrid_rag,True,True,False,0.7647,False,False
364,hybrid_rag,True,False,False,0.9872,True,False
365,hybrid_rag,True,False,False,0.8751,False,False
366,hybrid_rag,True,False,False,0.5498,False,False
367,hybrid_rag,True,False,False,0.8032,True,False
368,hybrid_rag,True,False,False,0.8523,False,False
369,hybrid_rag,True,False,False,0.7202,True,False
370,hybrid_rag,True,False,False,0.7042,True,False
371,hybrid_rag,True,False,False,0.7188,False,False
372,hybrid_rag,True,False,False,0.746,False,False
373,hybrid_rag,True,False,False,0.8268,False,False
374,hybrid_rag,True,False,False,0.7222,False,False
375,hybrid_rag,True,True,False,0.9418,True,False
376,hybrid_rag,True,True,False,0.956,True,False
377,hybrid_rag,True,False,False,0.8191,True,False
378,hybrid_rag,True,False,False,0.8265,False,False
379,hybrid_rag,True,False,False,0.9393,False,False
380,hybrid_rag,True,False,False,0.9031,False,False
381,hybrid_rag,True,False,False,0.7914,True,False
382,hybrid_rag,True,True,False,0.8208,True,False
383,hybrid_rag,False,False,False,0.9071,False,False
384,hybrid_rag,True,False,False,0.9612,False,False
385,hybrid_rag,True,False,False,0.9205,False,False
386,hybrid_rag,True,False,False,0.9481,True,False
387,hybrid_rag,False,False,False,0.8185,False,False
388,hybrid_rag,False,True,False,0.8562,True,False
389,hybrid_rag,True,True,False,0.7203,False,False
390,hybrid_rag,True,False,False,0.9752,True,False
391,hybrid_rag,True,False,False,0.5488,True,False
392,hybrid_rag,True,False,False,1.0,True,False
393,hybrid_rag,True,False,False,0.8483,True,False
394,hybrid_rag,True,False,False,0.7577,False,False
395,hybrid_rag,True,False,False,0.7943,False,False
396,hybrid_rag,True,False,False,0.9026,False,False
397,hybrid_rag,True,False,False,0.573,True,False
398,hybrid_rag,False,False,False,0.9657,True,False
399,hybrid_rag,True,False,False,0.7871,True,False
400,hybrid_rag,True,False,False,0.9811,False,False
401,hybrid_rag,True,False,False,0.7055,False,False
402,hybrid_rag,True,False,False,0.8159,False,False
403,hybrid_rag,True,False,False,0.6333,False,False
404,hybrid_rag,True,False,False,0.6264,False,False
405,hybrid_rag,True,False,False,0.8564,False,False
406,hybrid_rag,False,True,False,0.7243,True,False
407,hybrid_rag,True,False,False,0.65,True,False
408,hybrid_rag,False,False,False,0.8223,True,False
409,hybrid_rag,True,False,False,0.9349,True,False
410,hybrid_rag,True,False,False,0.9408,True,False
411,hybrid_rag,True,False,False,0.978,False,False
412,hybrid_rag,True,False,False,0.7775,True,False
413,hybrid_rag,False,False,False,0.7191,True,False
414,hybrid_rag,True,False,False,0.9381,True,False
415,hybrid_rag,True,False,False,0.8537,True,False
416,hybrid_rag,True,False,False,0.7296,False,False
417,hybrid_rag,True,False,False,0.9543,False,False
418,hybrid_rag,True,True,False,0.9897,True,False
419,hybrid_rag,True,False,False,0.803,False,False
420,hybrid_rag,False,False,False,0.8374,True,False
421,hybrid_rag,True,False,False,0.9409,False,False
422,hybrid_rag,True,False,False,0.9227,False,False
423,hybrid_rag,True,False,False,0.9888,False,False
424,hybrid_rag,True,False,False,0.8575,True,False
425,hybrid_rag,True,False,False,0.8202,False,False
426,hybrid_rag,True,True,False,0.8335,True,False
427,hybrid_rag,True,False,False,0.5674,False,False
428,hybrid_rag,False,False,False,0.5,False,False
429,hybrid_rag,True,False,False,0.9532,True,False
430,hybrid_rag,True,False,False,0.9374,False,False
431,hybrid_rag,True,False,False,0.7682,True,False
432,hybrid_rag,True,False,False,0.5641,False,False
433,hybrid_rag,False,False,False,0.7887,False,False
434,hybrid_rag,True,False,False,0.8492,True,False
435,hybrid_rag,False,False,False,0.5763,False,False
436,hybrid_rag,True,False,False,0.7246,False,False
437,hybrid_rag,True,False,False,0.7804,False,False
438,hybrid_rag,True,False,False,0.7902,True,False
439,hybrid_rag,True,False,False,0.9933,False,False
440,hybrid_rag,True,False,False,0.7175,False,False
441,hybrid_rag,False,False,False,0.6915,False,False
442,hybrid_rag,True,False,False,0.8942,True,False
443,hybrid_rag,True,True,False,0.7841,True,False
444,hybrid_rag,True,False,False,0.7768,True,False
445,hybrid_rag,True,False,False,0.9142,False,False
446,hybrid_rag,False,False,False,0.8945,True,False
447,hybrid_rag,True,False,False,0.7946,True,False
448,hybrid_rag,False,False,False,0.9567,True,False
449,hybrid_rag,True,False,False,0.5397,False,False
450,hybrid_rag,True,False,False,0.8766,True,False
451,hybrid_rag,True,True,False,0.7732,True,False
452,hybrid_rag,False,False,False,0.8851,False,False
453,hybrid_rag,True,False,False,0.9225,True,False
454,hybrid_rag,True,True,False,0.9724,False,False
455,hybrid_rag,False,False,False,0.9745,True,False
456,hybrid_rag,True,True,False,0.9402,False,False
457,hybrid_rag,True,False,False,0.9165,True,False
458,hybrid_rag,True,False,False,0.4331,False,False
459,hybrid_rag,True,False,False,0.8931,False,False
460,hybrid_rag,True,True,False,0.9043,True,False
461,hybrid_rag,True,True,False,0.87,True,False
462,hybrid_rag,True,False,False,0.8904,False,False
463,hybrid_rag,True,False,False,0.9259,True,False
464,hybrid_rag,True,False,False,0.7182,True,False
465,hybrid_rag,False,False,False,0.9892,True,False
466,hybrid_rag,True,False,False,0.8213,True,False
467,hybrid_rag,True,False,False,0.9414,True,False
468,hybrid_rag,True,True,False,0.6323,True,False
469,hybrid_rag,False,False,False,0.8959,True,False
470,hybrid_rag,True,True,False,0.958,True,False
471,hybrid_rag,True,False,False,0.818,False,False
472,hybrid_rag,False,False,False,0.9697,False,False
473,hybrid_rag,True,False,False,0.5267,True,False
474,hybrid_rag,True,True,False,0.8216,True,False
475,hybrid_rag,True,False,False,0.6881,True,False
476,hybrid_rag,False,False,False,0.9367,False,False
477,hybrid_rag,True,True,False,0.9558,True,False
478,hybrid_rag,True,False,False,0.8248,False,False
479,hybrid_rag,True,False,False,0.9954,True,False
480,hybrid_rag,True,False,False,0.8288,False,False
481,hybrid_rag,False,True,False,0.9831,False,False
482,hybrid_rag,True,False,False,0.9744,True,False
483,hybrid_rag,False,False,False,0.8327,False,False
484,hybrid_rag,True,False,False,0.8322,False,False
485,hybrid_rag,True,True,False,0.8198,True,False
486,hybrid_rag,True,False,False,0.9053,True,False
487,hybrid_rag,True,False,False,0.752,True,False
488,hybrid_rag,True,False,False,0.6341,False,False
489,hybrid_rag,True,False,False,0.8123,False,False
490,hybrid_rag,True,False,False,0.6482,True,False
491,hybrid_rag,True,False,False,0.7772,False,False
492,hybrid_rag,True,False,False,0.8981,False,False
493,hybrid_rag,True,False,False,0.8523,True,False
494,hybrid_rag,True,False,False,0.7707,False,False
495,hybrid_rag,True,False,False,0.8795,True,False
496,hybrid_rag,True,False,False,0.9752,True,False
497,hybrid_rag,True,False,False,0.9284,False,False
498,hybrid_rag,True,True,False,0.6909,True,False
499,hybrid_rag,True,True,False,0.9995,True,False
0,conflict_aware,False,False,False,0.6481,False,False
1,conflict_aware,True,False,False,0.6551,False,False
2,conflict_aware,True,True,False,0.3133,True,True
3,conflict_aware,True,True,False,0.819,False,False
4,conflict_aware,True,False,False,0.4549,True,True
5,conflict_aware,True,False,False,0.7449,False,False
6,conflict_aware,True,False,False,0.336,True,True
7,conflict_aware,False,True,False,0.6565,False,False
8,conflict_aware,True,True,False,0.1903,True,True
9,conflict_aware,True,False,False,0.3825,True,True
10,conflict_aware,False,False,False,0.6452,False,False
11,conflict_aware,True,False,False,0.2127,False,True
12,conflict_aware,True,False,False,0.7454,True,False
13,conflict_aware,True,True,False,0.6513,True,True
14,conflict_aware,True,False,False,0.7848,True,False
15,conflict_aware,False,False,False,0.8009,True,False
16,conflict_aware,True,False,False,0.64,False,False
17,conflict_aware,True,False,False,0.6283,False,False
18,conflict_aware,False,True,False,0.7953,False,False
19,conflict_aware,True,False,False,0.832,False,False
20,conflict_aware,False,True,False,0.7688,True,False
21,conflict_aware,False,False,False,0.2922,True,True
22,conflict_aware,True,False,False,0.6694,True,False
23,conflict_aware,False,True,False,0.8169,False,False
24,conflict_aware,True,True,False,0.7502,True,False
25,conflict_aware,False,True,False,0.758,False,False
26,conflict_aware,False,False,False,0.3161,True,True
27,conflict_aware,False,True,False,0.6706,True,False
28,conflict_aware,False,True,False,0.6673,False,False
29,conflict_aware,True,False,False,0.64,False,False
30,conflict_aware,True,False,False,0.3473,True,True
31,conflict_aware,True,False,False,0.7449,False,False
32,conflict_aware,True,False,False,0.672,True,True
33,conflict_aware,True,False,False,0.6202,True,True
34,conflict_aware,False,False,False,0.625,False,False
35,conflict_aware,True,False,False,0.64,False,False
36,conflict_aware,True,True,False,0.7609,False,False
37,conflict_aware,True,False,False,0.8254,True,False
38,conflict_aware,True,True,False,0.7891,False,False
39,conflict_aware,False,True,False,0.6784,True,True
40,conflict_aware,True,False,False,0.245,False,True
41,conflict_aware,True,False,False,0.6258,True,True
42,conflict_aware,False,False,False,0.85,False,False
43,conflict_aware,True,False,False,0.7611,False,False
44,conflict_aware,True,False,False,0.64,False,False
45,conflict_aware,False,False,False,0.9203,True,False
46,conflict_aware,False,False,False,0.85,False,False
47,conflict_aware,True,False,False,0.2837,True,True
48,conflict_aware,False,True,False,0.1111,True,True
49,conflict_aware,True,False,False,0.7827,True,False
50,conflict_aware,True,False,False,0.7522,False,False
51,conflict_aware,True,False,False,0.6555,True,False
52,conflict_aware,True,False,False,0.312,False,True
53,conflict_aware,True,True,False,0.9165,True,False
54,conflict_aware,True,True,False,0.7554,True,False
55,conflict_aware,True,True,False,0.6861,True,False
56,conflict_aware,True,False,False,0.6658,True,True
57,conflict_aware,True,False,False,0.64,False,False
58,conflict_aware,True,False,False,0.6283,False,False
59,conflict_aware,False,True,False,0.745,False,False
60,conflict_aware,False,True,False,0.802,True,False
61,conflict_aware,True,False,False,0.9004,True,False
62,conflict_aware,True,False,False,0.6487,True,False
63,conflict_aware,False,False,False,0.325,True,True
64,conflict_aware,False,False,False,0.9208,True,False
65,conflict_aware,True,False,False,0.625,False,False
66,conflict_aware,True,True,False,0.7796,True,False
67,conflict_aware,False,False,False,0.8098,True,False
68,conflict_aware,False,False,False,0.5162,True,True
69,conflict_aware,False,False,False,0.6736,True,False
70,conflict_aware,True,True,False,0.7643,True,False
71,conflict_aware,True,False,False,0.642,True,False
72,conflict_aware,True,False,False,0.6554,False,True
73,conflict_aware,True,True,False,0.7128,True,False
74,conflict_aware,True,True,False,0.6539,True,False
75,conflict_aware,True,False,False,0.7168,False,False
76,conflict_aware,True,True,False,0.8865,True,False
77,conflict_aware,False,True,False,0.4548,True,True
78,conflict_aware,True,False,False,0.625,False,False
79,conflict_aware,True,False,False,0.6642,False,False
80,conflict_aware,False,False,False,0.6102,True,True
81,conflict_aware,True,True,False,0.7146,True,True
82,conflict_aware,True,False,False,0.7111,True,False
83,conflict_aware,False,True,False,0.4307,True,True
84,conflict_aware,True,False,False,0.64,False,False
85,conflict_aware,False,False,False,0.64,False,False
86,conflict_aware,True,False,False,0.6521,False,False
87,conflict_aware,True,False,False,0.64,False,False
88,conflict_aware,True,True,False,0.7955,False,True
89,conflict_aware,True,False,False,0.2825,False,True
90,conflict_aware,True,True,False,0.7152,True,False
91,conflict_aware,True,False,False,0.7065,False,False
92,conflict_aware,True,False,False,0.7282,True,False
93,conflict_aware,True,False,False,0.2946,False,True
94,conflict_aware,False,True,False,0.7586,False,False
95,conflict_aware,True,False,False,0.7032,True,False
96,conflict_aware,True,False,False,0.8228,True,False
97,conflict_aware,True,True,False,0.7618,True,False
98,conflict_aware,False,False,False,0.625,False,False
99,conflict_aware,True,False,False,0.625,False,False
100,conflict_aware,True,False,False,0.6836,False,False
101,conflict_aware,True,False,False,0.8379,True,False
102,conflict_aware,True,False,False,0.846,True,False
103,conflict_aware,True,False,False,0.64,False,False
104,conflict_aware,True,False,False,0.5212,True,True
105,conflict_aware,True,False,False,0.3441,False,True
106,conflict_aware,True,False,False,0.3631,False,True
107,conflict_aware,True,False,False,0.8509,False,False
108,conflict_aware,True,False,False,0.85,False,False
109,conflict_aware,True,False,False,0.775,False,False
110,conflict_aware,True,False,False,0.3829,True,True
111,conflict_aware,True,False,False,0.3899,True,True
112,conflict_aware,True,False,False,0.64,False,False
113,conflict_aware,True,False,False,0.7064,False,True
114,conflict_aware,True,False,False,0.8489,True,False
115,conflict_aware,True,False,False,0.5098,False,True
116,conflict_aware,True,True,False,0.8439,False,False
117,conflict_aware,False,False,False,0.9051,False,False
118,conflict_aware,False,False,False,0.8884,True,False
119,conflict_aware,True,False,False,0.6657,True,True
120,conflict_aware,True,False,False,0.64,False,False
121,conflict_aware,True,False,False,0.3691,False,True
122,conflict_aware,True,False,False,0.5248,False,True
123,conflict_aware,True,False,False,0.7901,False,False
124,conflict_aware,True,False,False,0.4545,True,True
125,conflict_aware,True,False,False,0.2439,False,True
126,conflict_aware,True,False,False,0.8411,False,False
127,conflict_aware,True,False,False,0.5622,True,True
128,conflict_aware,True,False,False,0.8932,True,False
129,conflict_aware,False,True,False,0.9194,True,False
130,conflict_aware,True,True,False,0.7935,False,False
131,conflict_aware,True,False,False,0.8081,True,False
132,conflict_aware,False,True,False,0.6702,True,False
133,conflict_aware,True,False,False,0.8279,True,True
134,conflict_aware,False,False,False,0.2055,False,True
135,conflict_aware,False,False,False,0.9037,True,False
136,conflict_aware,True,False,False,0.3884,False,True
137,conflict_aware,False,False,False,0.7579,True,True
138,conflict_aware,True,True,False,0.8695,False,False
139,conflict_aware,True,False,False,0.5657,True,True
140,conflict_aware,True,False,False,0.659,True,False
141,conflict_aware,True,True,False,0.7894,True,False
142,conflict_aware,True,False,False,0.361,False,True
143,conflict_aware,False,False,False,0.2799,False,True
144,conflict_aware,True,False,False,0.3293,False,True
145,conflict_aware,True,False,False,0.7889,False,False
146,conflict_aware,True,False,False,0.5168,True,True
147,conflict_aware,False,False,False,0.6855,False,True
148,conflict_aware,True,True,False,0.5018,True,True
149,conflict_aware,False,True,False,0.9032,True,False
150,conflict_aware,True,False,False,0.8448,False,False
151,conflict_aware,True,False,False,0.5045,False,True
152,conflict_aware,True,False,False,0.8653,True,False
153,conflict_aware,True,False,False,0.2698,True,True
154,conflict_aware,False,False,False,0.5617,False,True
155,conflict_aware,True,True,False,0.7326,True,True
156,conflict_aware,True,False,False,0.4309,True,True
157,conflict_aware,False,False,False,0.4802,True,True
158,conflict_aware,True,True,False,0.5974,False,True
159,conflict_aware,True,True,False,0.6448,False,True
160,conflict_aware,False,False,False,0.6113,True,True
161,conflict_aware,False,False,False,0.8661,False,False
162,conflict_aware,False,True,False,0.7546,True,False
163,conflict_aware,False,False,False,0.8926,True,False
164,conflict_aware,False,False,False,0.7001,True,False
165,conflict_aware,True,False,False,0.5926,False,True
166,conflict_aware,True,False,False,0.3561,False,True
167,conflict_aware,True,True,False,0.9089,False,False
168,conflict_aware,True,False,False,0.8781,True,False
169,conflict_aware,True,False,False,0.8159,True,True
170,conflict_aware,True,False,False,0.6719,False,False
171,conflict_aware,True,False,False,0.7394,False,False
172,conflict_aware,True,True,False,0.6609,False,False
173,conflict_aware,True,False,False,0.7102,True,True
174,conflict_aware,True,False,False,0.7234,False,False
175,conflict_aware,True,False,False,0.7843,True,False
176,conflict_aware,True,True,False,0.7995,False,False
177,conflict_aware,True,False,False,0.8585,False,False
178,conflict_aware,True,False,False,0.85,False,False
179,conflict_aware,True,False,False,0.6544,False,False
180,conflict_aware,True,False,False,0.5597,False,True
181,conflict_aware,False,False,False,0.5963,True,True
182,conflict_aware,True,False,False,0.6971,True,True
183,conflict_aware,True,False,False,0.8413,True,True
184,conflict_aware,False,False,False,0.4115,False,True
185,conflict_aware,True,False,False,0.7127,False,False
186,conflict_aware,True,False,False,0.798,False,False
187,conflict_aware,False,False,False,0.6712,False,True
188,conflict_aware,True,False,False,0.8356,False,False
189,conflict_aware,True,False,False,0.8016,True,False
190,conflict_aware,False,True,False,0.5776,True,True
191,conflict_aware,True,False,False,0.85,False,False
192,conflict_aware,True,False,False,0.7043,False,False
193,conflict_aware,False,False,False,0.6397,True,True
194,conflict_aware,True,False,False,0.81,True,True
195,conflict_aware,True,False,False,0.64,False,False
196,conflict_aware,True,False,False,0.6546,False,False
197,conflict_aware,True,False,False,0.85,False,False
198,conflict_aware,True,False,False,0.5016,True,True
199,conflict_aware,False,False,False,0.4885,True,True
200,conflict_aware,True,False,False,0.4451,False,True
201,conflict_aware,False,False,False,0.4119,True,True
202,conflict_aware,True,False,False,0.8841,False,False
203,conflict_aware,True,True,False,0.3837,False,True
204,conflict_aware,True,False,False,0.3632,True,True
205,conflict_aware,False,False,False,0.5614,False,True
206,conflict_aware,True,False,False,0.8372,True,False
207,conflict_aware,False,True,False,0.8366,True,True
208,conflict_aware,False,False,False,0.6219,False,True
209,conflict_aware,True,False,False,0.8881,True,False
210,conflict_aware,True,False,False,0.1908,False,True
211,conflict_aware,False,True,False,0.2081,True,True
212,conflict_aware,True,True,False,0.1823,False,True
213,conflict_aware,False,False,False,0.5204,True,True
214,conflict_aware,False,False,False,0.7864,True,False
215,conflict_aware,True,False,False,0.4455,False,True
216,conflict_aware,False,False,False,0.85,False,False
217,conflict_aware,True,False,False,0.85,False,False
218,conflict_aware,False,False,False,0.7099,True,True
219,conflict_aware,False,False,False,0.2341,False,True
220,conflict_aware,True,False,False,0.8342,False,False
221,conflict_aware,True,False,False,0.8256,True,False
222,conflict_aware,False,False,False,0.7899,False,False
223,conflict_aware,True,False,False,0.4694,True,True
224,conflict_aware,False,False,False,0.4712,True,True
225,conflict_aware,True,False,False,0.6827,True,True
226,conflict_aware,True,False,False,0.5445,False,True
227,conflict_aware,False,True,False,0.8348,False,False
228,conflict_aware,False,False,False,0.7695,False,False
229,conflict_aware,False,True,False,0.5408,True,True
230,conflict_aware,True,False,False,0.6904,False,False
231,conflict_aware,True,False,False,0.4304,False,True
232,conflict_aware,False,False,False,0.8132,False,False
233,conflict_aware,True,False,False,0.3679,True,True
234,conflict_aware,True,False,False,0.6337,True,True
235,conflict_aware,True,False,False,0.4569,False,True
236,conflict_aware,True,True,False,0.5006,False,True
237,conflict_aware,True,False,False,0.7284,False,False
238,conflict_aware,True,False,False,0.4487,True,True
239,conflict_aware,True,False,False,0.64,False,False
240,conflict_aware,True,True,False,0.574,True,True
241,conflict_aware,False,True,False,0.7662,True,False
242,conflict_aware,True,True,False,0.584,False,True
243,conflict_aware,True,False,False,0.64,False,False
244,conflict_aware,True,False,False,0.306,False,True
245,conflict_aware,True,False,False,0.5365,False,True
246,conflict_aware,True,False,False,0.3862,False,True
247,conflict_aware,True,False,False,0.5303,False,True
248,conflict_aware,True,False,False,0.5885,False,True
249,conflict_aware,True,False,False,0.6507,False,True
250,conflict_aware,True,False,False,0.7777,True,False
251,conflict_aware,True,False,False,0.593,False,True
252,conflict_aware,True,True,False,0.3549,True,True
253,conflict_aware,True,False,False,0.6783,True,True
254,conflict_aware,False,False,False,0.5331,True,True
255,conflict_aware,True,False,False,0.8448,False,False
256,conflict_aware,False,True,False,0.9004,True,False
257,conflict_aware,False,False,False,0.2752,False,True
258,conflict_aware,True,False,False,0.4555,True,True
259,conflict_aware,True,False,False,0.64,False,False
260,conflict_aware,True,False,False,0.64,False,False
261,conflict_aware,True,False,False,0.6731,True,True
262,conflict_aware,True,False,False,0.8098,False,False
263,conflict_aware,True,False,False,0.6176,True,True
264,conflict_aware,True,True,False,0.8075,False,False
265,conflict_aware,True,True,False,0.8622,False,False
266,conflict_aware,False,True,False,0.6385,True,True
267,conflict_aware,True,False,False,0.8601,True,False
268,conflict_aware,True,False,False,0.867,False,False
269,conflict_aware,False,True,False,0.8625,False,False
270,conflict_aware,True,False,False,0.6409,False,True
271,conflict_aware,False,False,False,0.7492,True,True
272,conflict_aware,True,False,False,0.8459,False,False
273,conflict_aware,True,False,False,0.4898,False,True
274,conflict_aware,True,False,False,0.85,False,False
275,conflict_aware,True,False,False,0.3777,False,True
276,conflict_aware,True,False,False,0.5699,False,True
277,conflict_aware,False,False,False,0.3992,False,True
278,conflict_aware,True,True,False,0.9081,True,False
279,conflict_aware,True,False,False,0.6431,False,True
280,conflict_aware,True,False,False,0.7561,False,False
281,conflict_aware,True,False,False,0.7963,False,False
282,conflict_aware,True,False,False,0.7624,True,False
283,conflict_aware,True,True,False,0.8375,True,False
284,conflict_aware,True,False,False,0.8709,True,False
285,conflict_aware,False,False,False,0.6149,True,True
286,conflict_aware,True,False,False,0.8499,False,False
287,conflict_aware,True,False,False,0.7848,True,False
288,conflict_aware,False,False,False,0.7331,True,False
289,conflict_aware,True,False,False,0.3665,True,True
290,conflict_aware,True,False,False,0.4088,False,True
291,conflict_aware,False,False,False,0.7438,True,False
292,conflict_aware,True,False,False,0.7287,False,False
293,conflict_aware,True,False,False,0.64,False,False
294,conflict_aware,True,True,False,0.7952,True,False
295,conflict_aware,False,False,False,0.8717,True,False
296,conflict_aware,True,False,False,0.6257,True,True
297,conflict_aware,False,True,False,0.5619,True,True
298,conflict_aware,True,False,False,0.3965,True,True
299,conflict_aware,True,False,False,0.8446,False,False
300,conflict_aware,True,False,False,0.52,True,True
301,conflict_aware,True,False,False,0.7138,False,False
302,conflict_aware,True,False,False,0.3745,False,True
303,conflict_aware,True,False,False,0.6159,True,True
304,conflict_aware,True,False,False,0.681,False,False
305,conflict_aware,False,False,False,0.6705,False,True
306,conflict_aware,True,False,False,0.4509,False,True
307,conflict_aware,True,False,False,0.4646,True,True
308,conflict_aware,False,False,False,0.5686,True,True
309,conflict_aware,True,False,False,0.7885,True,False
310,conflict_aware,True,False,False,0.4934,False,True
311,conflict_aware,False,False,False,0.7371,False,False
312,conflict_aware,True,False,False,0.7833,False,False
313,conflict_aware,True,True,False,0.7438,True,False
314,conflict_aware,False,False,False,0.6559,True,True
315,conflict_aware,True,False,False,0.7255,False,False
316,conflict_aware,True,False,False,0.6563,False,False
317,conflict_aware,True,False,False,0.4103,False,True
318,conflict_aware,True,False,False,0.7696,False,False
319,conflict_aware,True,False,False,0.4163,False,True
320,conflict_aware,True,False,False,0.6849,False,False
321,conflict_aware,True,False,False,0.8543,False,False
322,conflict_aware,True,True,False,0.8019,True,False
323,conflict_aware,True,False,False,0.4033,True,True
324,conflict_aware,True,True,False,0.7101,True,False
325,conflict_aware,True,False,False,0.5655,True,True
326,conflict_aware,True,False,False,0.6868,False,False
327,conflict_aware,True,False,False,0.7662,False,False
328,conflict_aware,True,False,False,0.7626,True,True
329,conflict_aware,True,True,False,0.4149,True,True
330,conflict_aware,True,False,False,0.2184,False,True
331,conflict_aware,True,False,False,0.4603,True,True
332,conflict_aware,False,False,False,0.5984,False,True
333,conflict_aware,True,False,False,0.6781,False,True
334,conflict_aware,True,False,False,0.6812,True,False
335,conflict_aware,True,False,False,0.3528,False,True
336,conflict_aware,False,False,False,0.8895,False,False
337,conflict_aware,True,False,False,0.5922,False,True
338,conflict_aware,False,False,False,0.7636,True,True
339,conflict_aware,True,False,False,0.4253,False,True
340,conflict_aware,True,False,False,0.8722,False,False
341,conflict_aware,True,False,False,0.4904,False,True
342,conflict_aware,False,True,False,0.6274,True,True
343,conflict_aware,True,False,False,0.3961,False,True
344,conflict_aware,True,False,False,0.2179,False,True
345,conflict_aware,True,False,False,0.4362,True,True
346,conflict_aware,True,True,False,0.9221,True,False
347,conflict_aware,True,False,False,0.7044,False,False
348,conflict_aware,True,False,False,0.7552,False,False
349,conflict_aware,False,False,False,0.5118,True,True
350,conflict_aware,True,False,False,0.9346,True,False
351,conflict_aware,True,False,False,0.5292,True,True
352,conflict_aware,True,False,False,0.7496,False,False
353,conflict_aware,False,False,False,0.6222,False,True
354,conflict_aware,True,False,False,0.4545,False,True
355,conflict_aware,True,False,False,0.5639,False,True
356,conflict_aware,True,True,False,0.7606,True,False
357,conflict_aware,True,False,False,0.2322,True,True
358,conflict_aware,True,False,False,0.631,True,True
359,conflict_aware,True,True,False,0.4963,True,True
360,conflict_aware,False,False,False,0.6619,False,True
361,conflict_aware,True,False,False,0.5324,False,True
362,conflict_aware,True,False,False,0.5274,True,True
363,conflict_aware,True,True,False,0.7723,False,False
364,conflict_aware,True,False,False,0.6042,True,True
365,conflict_aware,True,False,False,0.8586,False,False
366,conflict_aware,True,False,False,0.2154,False,True
367,conflict_aware,True,False,False,0.7988,True,False
368,conflict_aware,True,False,False,0.4561,False,True
369,conflict_aware,True,False,False,0.7088,True,True
370,conflict_aware,True,False,False,0.2986,True,True
371,conflict_aware,True,False,False,0.5687,False,True
372,conflict_aware,True,False,False,0.4197,False,True
373,conflict_aware,True,False,False,0.3695,False,True
374,conflict_aware,True,False,False,0.331,False,True
375,conflict_aware,True,False,False,0.7323,True,True
376,conflict_aware,False,False,False,0.5149,True,True
377,conflict_aware,True,False,False,0.3718,True,True
378,conflict_aware,True,False,False,0.8183,False,False
379,conflict_aware,True,False,False,0.4321,False,True
380,conflict_aware,True,False,False,0.7133,False,True
381,conflict_aware,True,False,False,0.8046,True,False
382,conflict_aware,True,False,False,0.8238,True,False
383,conflict_aware,False,True,False,0.5174,False,True
384,conflict_aware,True,False,False,0.9126,False,False
385,conflict_aware,True,False,False,0.6965,False,True
386,conflict_aware,False,False,False,0.5735,True,True
387,conflict_aware,False,False,False,0.4773,False,True
388,conflict_aware,False,True,False,0.4878,True,True
389,conflict_aware,True,True,False,0.3232,False,True
390,conflict_aware,True,False,False,0.5228,True,True
391,conflict_aware,True,False,False,0.6798,True,False
392,conflict_aware,True,False,False,0.85,True,False
393,conflict_aware,True,False,False,0.5176,True,True
394,conflict_aware,True,False,False,0.7689,False,False
395,conflict_aware,True,False,False,0.3601,False,True
396,conflict_aware,True,False,False,0.8413,False,False
397,conflict_aware,True,False,False,0.6765,True,False
398,conflict_aware,False,False,False,0.79,True,True
399,conflict_aware,True,False,False,0.7836,True,False
400,conflict_aware,True,False,False,0.6915,False,True
401,conflict_aware,True,False,False,0.7542,False,False
402,conflict_aware,True,False,False,0.798,False,False
403,conflict_aware,True,False,False,0.2379,False,True
404,conflict_aware,True,False,False,0.7032,False,False
405,conflict_aware,True,False,False,0.5388,False,True
406,conflict_aware,False,False,False,0.5051,True,True
407,conflict_aware,True,False,False,0.5526,True,True
408,conflict_aware,False,False,False,0.8012,True,False
409,conflict_aware,True,False,False,0.4042,True,True
410,conflict_aware,True,False,False,0.8745,True,False
411,conflict_aware,True,False,False,0.5179,False,True
412,conflict_aware,True,False,False,0.4765,True,True
413,conflict_aware,True,False,False,0.5451,True,True
414,conflict_aware,True,False,False,0.4984,True,True
415,conflict_aware,True,False,False,0.3825,True,True
416,conflict_aware,True,False,False,0.5448,False,True
417,conflict_aware,False,False,False,0.5254,False,True
418,conflict_aware,True,True,False,0.4723,True,True
419,conflict_aware,True,False,False,0.8231,False,False
420,conflict_aware,False,False,False,0.8387,True,False
421,conflict_aware,True,False,False,0.651,False,True
422,conflict_aware,True,False,False,0.653,False,True
423,conflict_aware,True,False,False,0.5366,False,True
424,conflict_aware,True,False,False,0.8187,True,False
425,conflict_aware,True,False,False,0.3733,False,True
426,conflict_aware,True,True,False,0.3867,True,True
427,conflict_aware,True,False,False,0.4637,False,True
428,conflict_aware,False,False,False,0.64,False,False
429,conflict_aware,True,False,False,0.4199,True,True
430,conflict_aware,True,False,False,0.8587,False,False
431,conflict_aware,False,False,False,0.8003,True,False
432,conflict_aware,True,False,False,0.672,False,False
433,conflict_aware,False,False,False,0.7843,False,False
434,conflict_aware,True,False,False,0.5346,True,True
435,conflict_aware,False,False,False,0.2431,False,True
436,conflict_aware,True,False,False,0.767,False,False
437,conflict_aware,True,False,False,0.6186,False,True
438,conflict_aware,True,False,False,0.5114,True,True
439,conflict_aware,True,False,False,0.8867,False,False
440,conflict_aware,True,False,False,0.7487,False,False
441,conflict_aware,False,False,False,0.7358,False,False
442,conflict_aware,True,False,False,0.7498,True,True
443,conflict_aware,True,True,False,0.572,True,True
444,conflict_aware,True,False,False,0.7862,True,False
445,conflict_aware,True,False,False,0.7271,False,True
446,conflict_aware,False,False,False,0.5573,True,True
447,conflict_aware,True,False,False,0.7872,True,False
448,conflict_aware,False,False,False,0.9304,True,False
449,conflict_aware,True,False,False,0.5309,False,True
450,conflict_aware,True,False,False,0.3767,True,True
451,conflict_aware,True,True,False,0.7817,True,False
452,conflict_aware,False,False,False,0.536,False,True
453,conflict_aware,True,False,False,0.6421,True,True
454,conflict_aware,False,True,False,0.5401,False,True
455,conflict_aware,False,False,False,0.6938,True,True
456,conflict_aware,True,True,False,0.8601,False,False
457,conflict_aware,True,False,False,0.5089,True,True
458,conflict_aware,False,False,False,0.3691,False,True
459,conflict_aware,True,False,False,0.8366,False,False
460,conflict_aware,True,True,False,0.734,True,True
461,conflict_aware,True,True,False,0.8626,True,False
462,conflict_aware,True,False,False,0.5783,False,True
463,conflict_aware,True,False,False,0.4386,True,True
464,conflict_aware,False,False,False,0.5817,True,True
465,conflict_aware,False,False,False,0.5919,True,True
466,conflict_aware,True,False,False,0.3665,True,True
467,conflict_aware,True,False,False,0.6788,True,True
468,conflict_aware,True,True,False,0.2527,True,True
469,conflict_aware,True,False,False,0.5232,True,True
470,conflict_aware,True,True,False,0.9047,True,False
471,conflict_aware,True,False,False,0.5967,False,True
472,conflict_aware,False,False,False,0.4371,False,True
473,conflict_aware,True,False,False,0.2045,True,True
474,conflict_aware,True,False,False,0.5986,True,True
475,conflict_aware,True,False,False,0.6183,True,True
476,conflict_aware,False,False,False,0.8768,False,False
477,conflict_aware,True,False,False,0.6409,True,True
478,conflict_aware,True,False,False,0.418,False,True
479,conflict_aware,True,False,False,0.454,True,True
480,conflict_aware,True,False,False,0.4246,False,True
481,conflict_aware,True,True,False,0.9108,False,False
482,conflict_aware,False,False,False,0.63,True,True
483,conflict_aware,False,False,False,0.8064,False,False
484,conflict_aware,True,False,False,0.8201,False,False
485,conflict_aware,True,False,False,0.8152,True,False
486,conflict_aware,True,False,False,0.4156,True,True
487,conflict_aware,True,False,False,0.3253,True,True
488,conflict_aware,True,False,False,0.707,False,False
489,conflict_aware,True,False,False,0.6392,False,True
490,conflict_aware,False,False,False,0.4458,True,True
491,conflict_aware,True,False,False,0.6825,False,True
492,conflict_aware,True,False,False,0.8729,False,False
493,conflict_aware,True,False,False,0.7332,True,True
494,conflict_aware,True,False,False,0.5587,False,True
495,conflict_aware,False,False,False,0.5917,True,True
496,conflict_aware,True,False,False,0.892,True,False
497,conflict_aware,True,False,False,0.7928,False,True
498,conflict_aware,True,True,False,0.2978,True,True
499,conflict_aware,True,True,False,0.4541,True,True
0,evidenceguard,False,False,False,0.6481,False,False
1,evidenceguard,True,False,False,0.6551,False,False
2,evidenceguard,False,False,True,0.3133,True,True
3,evidenceguard,True,True,False,0.819,False,False
4,evidenceguard,False,False,True,0.4549,True,True
5,evidenceguard,True,False,False,0.7449,False,False
6,evidenceguard,False,False,True,0.336,True,True
7,evidenceguard,False,True,False,0.6565,False,False
8,evidenceguard,False,False,True,0.1903,True,True
9,evidenceguard,False,False,True,0.3825,True,True
10,evidenceguard,False,False,False,0.6452,False,False
11,evidenceguard,False,False,True,0.2127,False,True
12,evidenceguard,True,False,False,0.7454,True,False
13,evidenceguard,True,True,False,0.6513,True,True
14,evidenceguard,True,False,False,0.7848,True,False
15,evidenceguard,False,False,False,0.8009,True,False
16,evidenceguard,True,False,False,0.64,False,False
17,evidenceguard,True,False,False,0.6283,False,False
18,evidenceguard,False,True,False,0.7953,False,False
19,evidenceguard,True,False,False,0.832,False,False
20,evidenceguard,False,True,False,0.7688,True,False
21,evidenceguard,False,False,True,0.2922,True,True
22,evidenceguard,True,False,False,0.6694,True,False
23,evidenceguard,False,True,False,0.8169,False,False
24,evidenceguard,True,True,False,0.7502,True,False
25,evidenceguard,False,True,False,0.758,False,False
26,evidenceguard,False,False,True,0.3161,True,True
27,evidenceguard,False,True,False,0.6706,True,False
28,evidenceguard,False,True,False,0.6673,False,False
29,evidenceguard,True,False,False,0.64,False,False
30,evidenceguard,False,False,True,0.3473,True,True
31,evidenceguard,True,False,False,0.7449,False,False
32,evidenceguard,True,False,False,0.672,True,True
33,evidenceguard,True,False,False,0.6202,True,True
34,evidenceguard,False,False,False,0.625,False,False
35,evidenceguard,True,False,False,0.64,False,False
36,evidenceguard,True,True,False,0.7609,False,False
37,evidenceguard,True,False,False,0.8254,True,False
38,evidenceguard,True,True,False,0.7891,False,False
39,evidenceguard,False,True,False,0.6784,True,True
40,evidenceguard,False,False,True,0.245,False,True
41,evidenceguard,True,False,False,0.6258,True,True
42,evidenceguard,False,False,False,0.85,False,False
43,evidenceguard,True,False,False,0.7611,False,False
44,evidenceguard,True,False,False,0.64,False,False
45,evidenceguard,False,False,False,0.9203,True,False
46,evidenceguard,False,False,False,0.85,False,False
47,evidenceguard,False,False,True,0.2837,True,True
48,evidenceguard,False,False,True,0.1111,True,True
49,evidenceguard,True,False,False,0.7827,True,False
50,evidenceguard,True,False,False,0.7522,False,False
51,evidenceguard,True,False,False,0.6555,True,False
52,evidenceguard,False,False,True,0.312,False,True
53,evidenceguard,True,True,False,0.9165,True,False
54,evidenceguard,True,True,False,0.7554,True,False
55,evidenceguard,True,True,False,0.6861,True,False
56,evidenceguard,True,False,False,0.6658,True,True
57,evidenceguard,True,False,False,0.64,False,False
58,evidenceguard,True,False,False,0.6283,False,False
59,evidenceguard,False,True,False,0.745,False,False
60,evidenceguard,False,True,False,0.802,True,False
61,evidenceguard,True,False,False,0.9004,True,False
62,evidenceguard,True,False,False,0.6487,True,False
63,evidenceguard,False,False,True,0.325,True,True
64,evidenceguard,False,False,False,0.9208,True,False
65,evidenceguard,True,False,False,0.625,False,False
66,evidenceguard,True,True,False,0.7796,True,False
67,evidenceguard,False,False,False,0.8098,True,False
68,evidenceguard,False,False,True,0.5162,True,True
69,evidenceguard,False,False,False,0.6736,True,False
70,evidenceguard,True,True,False,0.7643,True,False
71,evidenceguard,True,False,False,0.642,True,False
72,evidenceguard,True,False,False,0.6554,False,True
73,evidenceguard,True,True,False,0.7128,True,False
74,evidenceguard,True,True,False,0.6539,True,False
75,evidenceguard,True,False,False,0.7168,False,False
76,evidenceguard,True,True,False,0.8865,True,False
77,evidenceguard,False,False,True,0.4548,True,True
78,evidenceguard,True,False,False,0.625,False,False
79,evidenceguard,True,False,False,0.6642,False,False
80,evidenceguard,False,False,False,0.6102,True,True
81,evidenceguard,True,True,False,0.7146,True,True
82,evidenceguard,True,False,False,0.7111,True,False
83,evidenceguard,False,False,True,0.4307,True,True
84,evidenceguard,True,False,False,0.64,False,False
85,evidenceguard,False,False,False,0.64,False,False
86,evidenceguard,True,False,False,0.6521,False,False
87,evidenceguard,True,False,False,0.64,False,False
88,evidenceguard,True,True,False,0.7955,False,True
89,evidenceguard,False,False,True,0.2825,False,True
90,evidenceguard,True,True,False,0.7152,True,False
91,evidenceguard,True,False,False,0.7065,False,False
92,evidenceguard,True,False,False,0.7282,True,False
93,evidenceguard,False,False,True,0.2946,False,True
94,evidenceguard,False,True,False,0.7586,False,False
95,evidenceguard,True,False,False,0.7032,True,False
96,evidenceguard,True,False,False,0.8228,True,False
97,evidenceguard,True,True,False,0.7618,True,False
98,evidenceguard,False,False,False,0.625,False,False
99,evidenceguard,True,False,False,0.625,False,False
100,evidenceguard,True,False,False,0.6836,False,False
101,evidenceguard,True,False,False,0.8379,True,False
102,evidenceguard,True,False,False,0.846,True,False
103,evidenceguard,True,False,False,0.64,False,False
104,evidenceguard,False,False,True,0.5212,True,True
105,evidenceguard,False,False,True,0.3441,False,True
106,evidenceguard,False,False,True,0.3631,False,True
107,evidenceguard,True,False,False,0.8509,False,False
108,evidenceguard,True,False,False,0.85,False,False
109,evidenceguard,True,False,False,0.775,False,False
110,evidenceguard,False,False,True,0.3829,True,True
111,evidenceguard,False,False,True,0.3899,True,True
112,evidenceguard,True,False,False,0.64,False,False
113,evidenceguard,True,False,False,0.7064,False,True
114,evidenceguard,True,False,False,0.8489,True,False
115,evidenceguard,False,False,True,0.5098,False,True
116,evidenceguard,True,True,False,0.8439,False,False
117,evidenceguard,False,False,False,0.9051,False,False
118,evidenceguard,False,False,False,0.8884,True,False
119,evidenceguard,True,False,False,0.6657,True,True
120,evidenceguard,True,False,False,0.64,False,False
121,evidenceguard,False,False,True,0.3691,False,True
122,evidenceguard,False,False,True,0.5248,False,True
123,evidenceguard,True,False,False,0.7901,False,False
124,evidenceguard,False,False,True,0.4545,True,True
125,evidenceguard,False,False,True,0.2439,False,True
126,evidenceguard,True,False,False,0.8411,False,False
127,evidenceguard,False,False,True,0.5622,True,True
128,evidenceguard,True,False,False,0.8932,True,False
129,evidenceguard,False,True,False,0.9194,True,False
130,evidenceguard,True,True,False,0.7935,False,False
131,evidenceguard,True,False,False,0.8081,True,False
132,evidenceguard,False,True,False,0.6702,True,False
133,evidenceguard,True,False,False,0.8279,True,True
134,evidenceguard,False,False,True,0.2055,False,True
135,evidenceguard,False,False,False,0.9037,True,False
136,evidenceguard,False,False,True,0.3884,False,True
137,evidenceguard,False,False,False,0.7579,True,True
138,evidenceguard,True,True,False,0.8695,False,False
139,evidenceguard,False,False,True,0.5657,True,True
140,evidenceguard,True,False,False,0.659,True,False
141,evidenceguard,True,True,False,0.7894,True,False
142,evidenceguard,False,False,True,0.361,False,True
143,evidenceguard,False,False,True,0.2799,False,True
144,evidenceguard,False,False,True,0.3293,False,True
145,evidenceguard,True,False,False,0.7889,False,False
146,evidenceguard,False,False,True,0.5168,True,True
147,evidenceguard,False,False,False,0.6855,False,True
148,evidenceguard,False,False,True,0.5018,True,True
149,evidenceguard,False,True,False,0.9032,True,False
150,evidenceguard,True,False,False,0.8448,False,False
151,evidenceguard,False,False,True,0.5045,False,True
152,evidenceguard,True,False,False,0.8653,True,False
153,evidenceguard,False,False,True,0.2698,True,True
154,evidenceguard,False,False,True,0.5617,False,True
155,evidenceguard,True,True,False,0.7326,True,True
156,evidenceguard,False,False,True,0.4309,True,True
157,evidenceguard,False,False,True,0.4802,True,True
158,evidenceguard,False,False,True,0.5974,False,True
159,evidenceguard,True,True,False,0.6448,False,True
160,evidenceguard,False,False,False,0.6113,True,True
161,evidenceguard,False,False,False,0.8661,False,False
162,evidenceguard,False,True,False,0.7546,True,False
163,evidenceguard,False,False,False,0.8926,True,False
164,evidenceguard,False,False,False,0.7001,True,False
165,evidenceguard,False,False,True,0.5926,False,True
166,evidenceguard,False,False,True,0.3561,False,True
167,evidenceguard,True,True,False,0.9089,False,False
168,evidenceguard,True,False,False,0.8781,True,False
169,evidenceguard,True,False,False,0.8159,True,True
170,evidenceguard,True,False,False,0.6719,False,False
171,evidenceguard,True,False,False,0.7394,False,False
172,evidenceguard,True,True,False,0.6609,False,False
173,evidenceguard,True,False,False,0.7102,True,True
174,evidenceguard,True,False,False,0.7234,False,False
175,evidenceguard,True,False,False,0.7843,True,False
176,evidenceguard,True,True,False,0.7995,False,False
177,evidenceguard,True,False,False,0.8585,False,False
178,evidenceguard,True,False,False,0.85,False,False
179,evidenceguard,True,False,False,0.6544,False,False
180,evidenceguard,False,False,True,0.5597,False,True
181,evidenceguard,False,False,True,0.5963,True,True
182,evidenceguard,True,False,False,0.6971,True,True
183,evidenceguard,True,False,False,0.8413,True,True
184,evidenceguard,False,False,True,0.4115,False,True
185,evidenceguard,True,False,False,0.7127,False,False
186,evidenceguard,True,False,False,0.798,False,False
187,evidenceguard,False,False,False,0.6712,False,True
188,evidenceguard,True,False,False,0.8356,False,False
189,evidenceguard,True,False,False,0.8016,True,False
190,evidenceguard,False,False,True,0.5776,True,True
191,evidenceguard,True,False,False,0.85,False,False
192,evidenceguard,True,False,False,0.7043,False,False
193,evidenceguard,False,False,False,0.6397,True,True
194,evidenceguard,True,False,False,0.81,True,True
195,evidenceguard,True,False,False,0.64,False,False
196,evidenceguard,True,False,False,0.6546,False,False
197,evidenceguard,True,False,False,0.85,False,False
198,evidenceguard,False,False,True,0.5016,True,True
199,evidenceguard,False,False,True,0.4885,True,True
200,evidenceguard,False,False,True,0.4451,False,True
201,evidenceguard,False,False,True,0.4119,True,True
202,evidenceguard,True,False,False,0.8841,False,False
203,evidenceguard,False,False,True,0.3837,False,True
204,evidenceguard,False,False,True,0.3632,True,True
205,evidenceguard,False,False,True,0.5614,False,True
206,evidenceguard,True,False,False,0.8372,True,False
207,evidenceguard,False,True,False,0.8366,True,True
208,evidenceguard,False,False,False,0.6219,False,True
209,evidenceguard,True,False,False,0.8881,True,False
210,evidenceguard,False,False,True,0.1908,False,True
211,evidenceguard,False,False,True,0.2081,True,True
212,evidenceguard,False,False,True,0.1823,False,True
213,evidenceguard,False,False,True,0.5204,True,True
214,evidenceguard,False,False,False,0.7864,True,False
215,evidenceguard,False,False,True,0.4455,False,True
216,evidenceguard,False,False,False,0.85,False,False
217,evidenceguard,True,False,False,0.85,False,False
218,evidenceguard,False,False,False,0.7099,True,True
219,evidenceguard,False,False,True,0.2341,False,True
220,evidenceguard,True,False,False,0.8342,False,False
221,evidenceguard,True,False,False,0.8256,True,False
222,evidenceguard,False,False,False,0.7899,False,False
223,evidenceguard,False,False,True,0.4694,True,True
224,evidenceguard,False,False,True,0.4712,True,True
225,evidenceguard,True,False,False,0.6827,True,True
226,evidenceguard,False,False,True,0.5445,False,True
227,evidenceguard,False,True,False,0.8348,False,False
228,evidenceguard,False,False,False,0.7695,False,False
229,evidenceguard,False,False,True,0.5408,True,True
230,evidenceguard,True,False,False,0.6904,False,False
231,evidenceguard,False,False,True,0.4304,False,True
232,evidenceguard,False,False,False,0.8132,False,False
233,evidenceguard,False,False,True,0.3679,True,True
234,evidenceguard,True,False,False,0.6337,True,True
235,evidenceguard,False,False,True,0.4569,False,True
236,evidenceguard,False,False,True,0.5006,False,True
237,evidenceguard,True,False,False,0.7284,False,False
238,evidenceguard,False,False,True,0.4487,True,True
239,evidenceguard,True,False,False,0.64,False,False
240,evidenceguard,False,False,True,0.574,True,True
241,evidenceguard,False,True,False,0.7662,True,False
242,evidenceguard,False,False,True,0.584,False,True
243,evidenceguard,True,False,False,0.64,False,False
244,evidenceguard,False,False,True,0.306,False,True
245,evidenceguard,False,False,True,0.5365,False,True
246,evidenceguard,False,False,True,0.3862,False,True
247,evidenceguard,False,False,True,0.5303,False,True
248,evidenceguard,False,False,True,0.5885,False,True
249,evidenceguard,True,False,False,0.6507,False,True
250,evidenceguard,True,False,False,0.7777,True,False
251,evidenceguard,False,False,True,0.593,False,True
252,evidenceguard,False,False,True,0.3549,True,True
253,evidenceguard,True,False,False,0.6783,True,True
254,evidenceguard,False,False,True,0.5331,True,True
255,evidenceguard,True,False,False,0.8448,False,False
256,evidenceguard,False,True,False,0.9004,True,False
257,evidenceguard,False,False,True,0.2752,False,True
258,evidenceguard,False,False,True,0.4555,True,True
259,evidenceguard,True,False,False,0.64,False,False
260,evidenceguard,True,False,False,0.64,False,False
261,evidenceguard,True,False,False,0.6731,True,True
262,evidenceguard,True,False,False,0.8098,False,False
263,evidenceguard,True,False,False,0.6176,True,True
264,evidenceguard,True,True,False,0.8075,False,False
265,evidenceguard,True,True,False,0.8622,False,False
266,evidenceguard,False,True,False,0.6385,True,True
267,evidenceguard,True,False,False,0.8601,True,False
268,evidenceguard,True,False,False,0.867,False,False
269,evidenceguard,False,True,False,0.8625,False,False
270,evidenceguard,True,False,False,0.6409,False,True
271,evidenceguard,False,False,False,0.7492,True,True
272,evidenceguard,True,False,False,0.8459,False,False
273,evidenceguard,False,False,True,0.4898,False,True
274,evidenceguard,True,False,False,0.85,False,False
275,evidenceguard,False,False,True,0.3777,False,True
276,evidenceguard,False,False,True,0.5699,False,True
277,evidenceguard,False,False,True,0.3992,False,True
278,evidenceguard,True,True,False,0.9081,True,False
279,evidenceguard,True,False,False,0.6431,False,True
280,evidenceguard,True,False,False,0.7561,False,False
281,evidenceguard,True,False,False,0.7963,False,False
282,evidenceguard,True,False,False,0.7624,True,False
283,evidenceguard,True,True,False,0.8375,True,False
284,evidenceguard,True,False,False,0.8709,True,False
285,evidenceguard,False,False,False,0.6149,True,True
286,evidenceguard,True,False,False,0.8499,False,False
287,evidenceguard,True,False,False,0.7848,True,False
288,evidenceguard,False,False,False,0.7331,True,False
289,evidenceguard,False,False,True,0.3665,True,True
290,evidenceguard,False,False,True,0.4088,False,True
291,evidenceguard,False,False,False,0.7438,True,False
292,evidenceguard,True,False,False,0.7287,False,False
293,evidenceguard,True,False,False,0.64,False,False
294,evidenceguard,True,True,False,0.7952,True,False
295,evidenceguard,False,False,False,0.8717,True,False
296,evidenceguard,True,False,False,0.6257,True,True
297,evidenceguard,False,False,True,0.5619,True,True
298,evidenceguard,False,False,True,0.3965,True,True
299,evidenceguard,True,False,False,0.8446,False,False
300,evidenceguard,False,False,True,0.52,True,True
301,evidenceguard,True,False,False,0.7138,False,False
302,evidenceguard,False,False,True,0.3745,False,True
303,evidenceguard,True,False,False,0.6159,True,True
304,evidenceguard,True,False,False,0.681,False,False
305,evidenceguard,False,False,False,0.6705,False,True
306,evidenceguard,False,False,True,0.4509,False,True
307,evidenceguard,False,False,True,0.4646,True,True
308,evidenceguard,False,False,True,0.5686,True,True
309,evidenceguard,True,False,False,0.7885,True,False
310,evidenceguard,False,False,True,0.4934,False,True
311,evidenceguard,False,False,False,0.7371,False,False
312,evidenceguard,True,False,False,0.7833,False,False
313,evidenceguard,True,True,False,0.7438,True,False
314,evidenceguard,False,False,False,0.6559,True,True
315,evidenceguard,True,False,False,0.7255,False,False
316,evidenceguard,True,False,False,0.6563,False,False
317,evidenceguard,False,False,True,0.4103,False,True
318,evidenceguard,True,False,False,0.7696,False,False
319,evidenceguard,False,False,True,0.4163,False,True
320,evidenceguard,True,False,False,0.6849,False,False
321,evidenceguard,True,False,False,0.8543,False,False
322,evidenceguard,True,True,False,0.8019,True,False
323,evidenceguard,False,False,True,0.4033,True,True
324,evidenceguard,True,True,False,0.7101,True,False
325,evidenceguard,False,False,True,0.5655,True,True
326,evidenceguard,True,False,False,0.6868,False,False
327,evidenceguard,True,False,False,0.7662,False,False
328,evidenceguard,True,False,False,0.7626,True,True
329,evidenceguard,False,False,True,0.4149,True,True
330,evidenceguard,False,False,True,0.2184,False,True
331,evidenceguard,False,False,True,0.4603,True,True
332,evidenceguard,False,False,True,0.5984,False,True
333,evidenceguard,True,False,False,0.6781,False,True
334,evidenceguard,True,False,False,0.6812,True,False
335,evidenceguard,False,False,True,0.3528,False,True
336,evidenceguard,False,False,False,0.8895,False,False
337,evidenceguard,False,False,True,0.5922,False,True
338,evidenceguard,False,False,False,0.7636,True,True
339,evidenceguard,False,False,True,0.4253,False,True
340,evidenceguard,True,False,False,0.8722,False,False
341,evidenceguard,False,False,True,0.4904,False,True
342,evidenceguard,False,True,False,0.6274,True,True
343,evidenceguard,False,False,True,0.3961,False,True
344,evidenceguard,False,False,True,0.2179,False,True
345,evidenceguard,False,False,True,0.4362,True,True
346,evidenceguard,True,True,False,0.9221,True,False
347,evidenceguard,True,False,False,0.7044,False,False
348,evidenceguard,True,False,False,0.7552,False,False
349,evidenceguard,False,False,True,0.5118,True,True
350,evidenceguard,True,False,False,0.9346,True,False
351,evidenceguard,False,False,True,0.5292,True,True
352,evidenceguard,True,False,False,0.7496,False,False
353,evidenceguard,False,False,False,0.6222,False,True
354,evidenceguard,False,False,True,0.4545,False,True
355,evidenceguard,False,False,True,0.5639,False,True
356,evidenceguard,True,True,False,0.7606,True,False
357,evidenceguard,False,False,True,0.2322,True,True
358,evidenceguard,True,False,False,0.631,True,True
359,evidenceguard,False,False,True,0.4963,True,True
360,evidenceguard,False,False,False,0.6619,False,True
361,evidenceguard,False,False,True,0.5324,False,True
362,evidenceguard,False,False,True,0.5274,True,True
363,evidenceguard,True,True,False,0.7723,False,False
364,evidenceguard,True,False,False,0.6042,True,True
365,evidenceguard,True,False,False,0.8586,False,False
366,evidenceguard,False,False,True,0.2154,False,True
367,evidenceguard,True,False,False,0.7988,True,False
368,evidenceguard,False,False,True,0.4561,False,True
369,evidenceguard,True,False,False,0.7088,True,True
370,evidenceguard,False,False,True,0.2986,True,True
371,evidenceguard,False,False,True,0.5687,False,True
372,evidenceguard,False,False,True,0.4197,False,True
373,evidenceguard,False,False,True,0.3695,False,True
374,evidenceguard,False,False,True,0.331,False,True
375,evidenceguard,True,False,False,0.7323,True,True
376,evidenceguard,False,False,True,0.5149,True,True
377,evidenceguard,False,False,True,0.3718,True,True
378,evidenceguard,True,False,False,0.8183,False,False
379,evidenceguard,False,False,True,0.4321,False,True
380,evidenceguard,True,False,False,0.7133,False,True
381,evidenceguard,True,False,False,0.8046,True,False
382,evidenceguard,True,False,False,0.8238,True,False
383,evidenceguard,False,False,True,0.5174,False,True
384,evidenceguard,True,False,False,0.9126,False,False
385,evidenceguard,True,False,False,0.6965,False,True
386,evidenceguard,False,False,True,0.5735,True,True
387,evidenceguard,False,False,True,0.4773,False,True
388,evidenceguard,False,False,True,0.4878,True,True
389,evidenceguard,False,False,True,0.3232,False,True
390,evidenceguard,False,False,True,0.5228,True,True
391,evidenceguard,True,False,False,0.6798,True,False
392,evidenceguard,True,False,False,0.85,True,False
393,evidenceguard,False,False,True,0.5176,True,True
394,evidenceguard,True,False,False,0.7689,False,False
395,evidenceguard,False,False,True,0.3601,False,True
396,evidenceguard,True,False,False,0.8413,False,False
397,evidenceguard,True,False,False,0.6765,True,False
398,evidenceguard,False,False,False,0.79,True,True
399,evidenceguard,True,False,False,0.7836,True,False
400,evidenceguard,True,False,False,0.6915,False,True
401,evidenceguard,True,False,False,0.7542,False,False
402,evidenceguard,True,False,False,0.798,False,False
403,evidenceguard,False,False,True,0.2379,False,True
404,evidenceguard,True,False,False,0.7032,False,False
405,evidenceguard,False,False,True,0.5388,False,True
406,evidenceguard,False,False,True,0.5051,True,True
407,evidenceguard,False,False,True,0.5526,True,True
408,evidenceguard,False,False,False,0.8012,True,False
409,evidenceguard,False,False,True,0.4042,True,True
410,evidenceguard,True,False,False,0.8745,True,False
411,evidenceguard,False,False,True,0.5179,False,True
412,evidenceguard,False,False,True,0.4765,True,True
413,evidenceguard,False,False,True,0.5451,True,True
414,evidenceguard,False,False,True,0.4984,True,True
415,evidenceguard,False,False,True,0.3825,True,True
416,evidenceguard,False,False,True,0.5448,False,True
417,evidenceguard,False,False,True,0.5254,False,True
418,evidenceguard,False,False,True,0.4723,True,True
419,evidenceguard,True,False,False,0.8231,False,False
420,evidenceguard,False,False,False,0.8387,True,False
421,evidenceguard,True,False,False,0.651,False,True
422,evidenceguard,True,False,False,0.653,False,True
423,evidenceguard,False,False,True,0.5366,False,True
424,evidenceguard,True,False,False,0.8187,True,False
425,evidenceguard,False,False,True,0.3733,False,True
426,evidenceguard,False,False,True,0.3867,True,True
427,evidenceguard,False,False,True,0.4637,False,True
428,evidenceguard,False,False,False,0.64,False,False
429,evidenceguard,False,False,True,0.4199,True,True
430,evidenceguard,True,False,False,0.8587,False,False
431,evidenceguard,False,False,False,0.8003,True,False
432,evidenceguard,True,False,False,0.672,False,False
433,evidenceguard,False,False,False,0.7843,False,False
434,evidenceguard,False,False,True,0.5346,True,True
435,evidenceguard,False,False,True,0.2431,False,True
436,evidenceguard,True,False,False,0.767,False,False
437,evidenceguard,True,False,False,0.6186,False,True
438,evidenceguard,False,False,True,0.5114,True,True
439,evidenceguard,True,False,False,0.8867,False,False
440,evidenceguard,True,False,False,0.7487,False,False
441,evidenceguard,False,False,False,0.7358,False,False
442,evidenceguard,True,False,False,0.7498,True,True
443,evidenceguard,False,False,True,0.572,True,True
444,evidenceguard,True,False,False,0.7862,True,False
445,evidenceguard,True,False,False,0.7271,False,True
446,evidenceguard,False,False,True,0.5573,True,True
447,evidenceguard,True,False,False,0.7872,True,False
448,evidenceguard,False,False,False,0.9304,True,False
449,evidenceguard,False,False,True,0.5309,False,True
450,evidenceguard,False,False,True,0.3767,True,True
451,evidenceguard,True,True,False,0.7817,True,False
452,evidenceguard,False,False,True,0.536,False,True
453,evidenceguard,True,False,False,0.6421,True,True
454,evidenceguard,False,False,True,0.5401,False,True
455,evidenceguard,False,False,False,0.6938,True,True
456,evidenceguard,True,True,False,0.8601,False,False
457,evidenceguard,False,False,True,0.5089,True,True
458,evidenceguard,False,False,True,0.3691,False,True
459,evidenceguard,True,False,False,0.8366,False,False
460,evidenceguard,True,True,False,0.734,True,True
461,evidenceguard,True,True,False,0.8626,True,False
462,evidenceguard,False,False,True,0.5783,False,True
463,evidenceguard,False,False,True,0.4386,True,True
464,evidenceguard,False,False,True,0.5817,True,True
465,evidenceguard,False,False,True,0.5919,True,True
466,evidenceguard,False,False,True,0.3665,True,True
467,evidenceguard,True,False,False,0.6788,True,True
468,evidenceguard,False,False,True,0.2527,True,True
469,evidenceguard,False,False,True,0.5232,True,True
470,evidenceguard,True,True,False,0.9047,True,False
471,evidenceguard,False,False,True,0.5967,False,True
472,evidenceguard,False,False,True,0.4371,False,True
473,evidenceguard,False,False,True,0.2045,True,True
474,evidenceguard,False,False,True,0.5986,True,True
475,evidenceguard,True,False,False,0.6183,True,True
476,evidenceguard,False,False,False,0.8768,False,False
477,evidenceguard,True,False,False,0.6409,True,True
478,evidenceguard,False,False,True,0.418,False,True
479,evidenceguard,False,False,True,0.454,True,True
480,evidenceguard,False,False,True,0.4246,False,True
481,evidenceguard,True,True,False,0.9108,False,False
482,evidenceguard,False,False,False,0.63,True,True
483,evidenceguard,False,False,False,0.8064,False,False
484,evidenceguard,True,False,False,0.8201,False,False
485,evidenceguard,True,False,False,0.8152,True,False
486,evidenceguard,False,False,True,0.4156,True,True
487,evidenceguard,False,False,True,0.3253,True,True
488,evidenceguard,True,False,False,0.707,False,False
489,evidenceguard,True,False,False,0.6392,False,True
490,evidenceguard,False,False,True,0.4458,True,True
491,evidenceguard,True,False,False,0.6825,False,True
492,evidenceguard,True,False,False,0.8729,False,False
493,evidenceguard,True,False,False,0.7332,True,True
494,evidenceguard,False,False,True,0.5587,False,True
495,evidenceguard,False,False,True,0.5917,True,True
496,evidenceguard,True,False,False,0.892,True,False
497,evidenceguard,True,False,False,0.7928,False,True
498,evidenceguard,False,False,True,0.2978,True,True
499,evidenceguard,False,False,True,0.4541,True,True
