index,mode,any_gold_hit,all_gold_hit,wrong_answer_hit,strict_correct,abstained,confidence,conflict_expected,conflict_detected,retrieval_engine,nli_engine
0,basic_rag,False,False,False,False,False,0.5162,False,False,bm25,disabled-by-baseline
1,basic_rag,True,True,False,True,False,0.567,False,False,bm25,disabled-by-baseline
2,basic_rag,True,True,False,True,False,0.746,True,False,bm25,disabled-by-baseline
3,basic_rag,True,True,True,False,False,0.9362,False,False,bm25,disabled-by-baseline
4,basic_rag,False,False,False,False,False,1.0,True,False,bm25,disabled-by-baseline
5,basic_rag,True,True,False,True,False,0.7543,False,False,bm25,disabled-by-baseline
6,basic_rag,True,True,False,True,False,0.8495,True,False,bm25,disabled-by-baseline
7,basic_rag,False,False,True,False,False,0.5275,False,False,bm25,disabled-by-baseline
8,basic_rag,False,False,True,False,False,1.0,True,False,bm25,disabled-by-baseline
9,basic_rag,False,False,False,False,True,0.0,True,False,bm25,disabled-by-baseline
10,basic_rag,False,False,False,False,False,0.5228,False,False,bm25,disabled-by-baseline
11,basic_rag,True,True,False,True,False,0.5019,False,False,bm25,disabled-by-baseline
12,basic_rag,True,True,False,True,False,0.6762,True,False,bm25,disabled-by-baseline
13,basic_rag,True,True,True,False,False,0.9715,True,False,bm25,disabled-by-baseline
14,basic_rag,True,True,False,True,False,0.943,True,False,bm25,disabled-by-baseline
15,basic_rag,True,True,True,False,False,0.9189,True,False,bm25,disabled-by-baseline
16,basic_rag,False,False,False,False,False,1.0,False,False,bm25,disabled-by-baseline
17,basic_rag,False,False,False,False,False,1.0,False,False,bm25,disabled-by-baseline
18,basic_rag,False,False,True,False,False,0.9862,False,False,bm25,disabled-by-baseline
19,basic_rag,True,True,False,True,False,0.7612,False,False,bm25,disabled-by-baseline
20,basic_rag,True,True,True,False,False,0.6306,True,False,bm25,disabled-by-baseline
21,basic_rag,False,False,False,False,False,0.6035,True,False,bm25,disabled-by-baseline
22,basic_rag,False,False,True,False,False,0.5294,True,False,bm25,disabled-by-baseline
23,basic_rag,False,False,True,False,False,0.8131,False,False,bm25,disabled-by-baseline
24,basic_rag,False,False,True,False,False,0.7024,True,False,bm25,disabled-by-baseline
25,basic_rag,False,False,True,False,False,0.7169,False,False,bm25,disabled-by-baseline
26,basic_rag,True,True,False,True,False,0.6611,True,False,bm25,disabled-by-baseline
27,basic_rag,True,True,False,True,False,1.0,True,False,bm25,disabled-by-baseline
28,basic_rag,False,False,True,False,False,0.5526,False,False,bm25,disabled-by-baseline
29,basic_rag,False,False,False,False,False,1.0,False,False,bm25,disabled-by-baseline
30,basic_rag,True,True,False,True,False,0.9385,True,False,bm25,disabled-by-baseline
31,basic_rag,True,True,False,True,False,0.9665,False,False,bm25,disabled-by-baseline
32,basic_rag,True,True,True,False,False,0.9918,True,False,bm25,disabled-by-baseline
33,basic_rag,True,True,False,True,False,0.5491,True,False,bm25,disabled-by-baseline
34,basic_rag,False,False,False,False,True,0.0,False,False,bm25,disabled-by-baseline
35,basic_rag,True,True,False,True,False,1.0,False,False,bm25,disabled-by-baseline
36,basic_rag,True,True,True,False,False,0.8686,False,False,bm25,disabled-by-baseline
37,basic_rag,False,False,True,False,False,0.8409,True,False,bm25,disabled-by-baseline
38,basic_rag,True,True,True,False,False,0.6224,False,False,bm25,disabled-by-baseline
39,basic_rag,True,True,True,False,False,1.0,True,False,bm25,disabled-by-baseline
40,basic_rag,True,True,False,True,False,0.5186,False,False,bm25,disabled-by-baseline
41,basic_rag,True,True,True,False,False,0.969,True,False,bm25,disabled-by-baseline
42,basic_rag,False,False,False,False,False,1.0,False,False,bm25,disabled-by-baseline
43,basic_rag,True,True,False,True,False,0.5716,False,False,bm25,disabled-by-baseline
44,basic_rag,False,False,False,False,False,1.0,False,False,bm25,disabled-by-baseline
45,basic_rag,False,False,False,False,False,0.9986,True,False,bm25,disabled-by-baseline
46,basic_rag,False,False,False,False,False,1.0,False,False,bm25,disabled-by-baseline
47,basic_rag,True,True,True,False,False,0.6328,True,False,bm25,disabled-by-baseline
48,basic_rag,True,True,True,False,False,0.3348,True,False,bm25,disabled-by-baseline
49,basic_rag,False,False,True,False,False,0.5878,True,False,bm25,disabled-by-baseline
50,basic_rag,True,True,False,True,False,0.7716,False,False,bm25,disabled-by-baseline
51,basic_rag,False,False,True,False,False,1.0,True,False,bm25,disabled-by-baseline
52,basic_rag,True,True,False,True,False,0.6681,False,False,bm25,disabled-by-baseline
53,basic_rag,True,True,True,False,False,0.984,True,False,bm25,disabled-by-baseline
54,basic_rag,True,True,True,False,False,0.8132,True,False,bm25,disabled-by-baseline
55,basic_rag,True,True,False,True,False,1.0,True,False,bm25,disabled-by-baseline
56,basic_rag,True,True,False,True,False,0.9758,True,False,bm25,disabled-by-baseline
57,basic_rag,False,False,False,False,False,1.0,False,False,bm25,disabled-by-baseline
58,basic_rag,False,False,False,False,False,1.0,False,False,bm25,disabled-by-baseline
59,basic_rag,False,False,False,False,False,0.6577,False,False,bm25,disabled-by-baseline
60,basic_rag,False,False,True,False,False,0.795,True,False,bm25,disabled-by-baseline
61,basic_rag,True,True,True,False,False,0.9901,True,False,bm25,disabled-by-baseline
62,basic_rag,True,True,False,True,False,0.5386,True,False,bm25,disabled-by-baseline
63,basic_rag,False,False,False,False,False,0.9491,True,False,bm25,disabled-by-baseline
64,basic_rag,False,False,False,False,False,1.0,True,False,bm25,disabled-by-baseline
65,basic_rag,False,False,False,False,True,0.0,False,False,bm25,disabled-by-baseline
66,basic_rag,True,True,False,True,False,0.8572,True,False,bm25,disabled-by-baseline
67,basic_rag,True,True,False,True,False,0.618,True,False,bm25,disabled-by-baseline
68,basic_rag,False,False,True,False,False,0.5599,True,False,bm25,disabled-by-baseline
69,basic_rag,False,False,False,False,False,0.5351,True,False,bm25,disabled-by-baseline
70,basic_rag,True,True,True,False,False,0.708,True,False,bm25,disabled-by-baseline
71,basic_rag,True,True,True,False,False,0.9857,True,False,bm25,disabled-by-baseline
72,basic_rag,True,True,False,True,False,0.9585,False,False,bm25,disabled-by-baseline
73,basic_rag,True,True,True,False,False,0.668,True,False,bm25,disabled-by-baseline
74,basic_rag,True,True,True,False,False,0.562,True,False,bm25,disabled-by-baseline
75,basic_rag,True,True,False,True,False,0.6223,False,False,bm25,disabled-by-baseline
76,basic_rag,True,True,True,False,False,0.9544,True,False,bm25,disabled-by-baseline
77,basic_rag,False,False,False,False,True,0.0,True,False,bm25,disabled-by-baseline
78,basic_rag,False,False,False,False,True,0.0,False,False,bm25,disabled-by-baseline
79,basic_rag,True,True,False,True,False,0.7216,False,False,bm25,disabled-by-baseline
80,basic_rag,False,False,False,False,False,1.0,True,False,bm25,disabled-by-baseline
81,basic_rag,True,True,True,False,False,0.855,True,False,bm25,disabled-by-baseline
82,basic_rag,True,True,False,True,False,0.7077,True,False,bm25,disabled-by-baseline
83,basic_rag,True,True,False,True,False,1.0,True,False,bm25,disabled-by-baseline
84,basic_rag,False,False,False,False,False,1.0,False,False,bm25,disabled-by-baseline
85,basic_rag,False,False,False,False,False,1.0,False,False,bm25,disabled-by-baseline
86,basic_rag,True,True,False,True,False,0.5538,False,False,bm25,disabled-by-baseline
87,basic_rag,False,False,False,False,False,1.0,False,False,bm25,disabled-by-baseline
88,basic_rag,True,True,True,False,False,0.9938,False,False,bm25,disabled-by-baseline
89,basic_rag,True,True,False,True,False,0.686,False,False,bm25,disabled-by-baseline
90,basic_rag,False,False,True,False,False,0.71,True,False,bm25,disabled-by-baseline
91,basic_rag,False,False,False,False,False,1.0,False,False,bm25,disabled-by-baseline
92,basic_rag,True,True,True,False,False,0.9949,True,False,bm25,disabled-by-baseline
93,basic_rag,True,True,False,True,False,0.5008,False,False,bm25,disabled-by-baseline
94,basic_rag,False,False,True,False,False,0.5899,False,False,bm25,disabled-by-baseline
95,basic_rag,True,True,False,True,False,0.6072,True,False,bm25,disabled-by-baseline
96,basic_rag,True,True,False,True,False,0.8139,True,False,bm25,disabled-by-baseline
97,basic_rag,True,True,True,False,False,0.7329,True,False,bm25,disabled-by-baseline
98,basic_rag,False,False,False,False,True,0.0,False,False,bm25,disabled-by-baseline
99,basic_rag,False,False,False,False,True,0.0,False,False,bm25,disabled-by-baseline
100,basic_rag,True,True,False,True,False,0.5862,False,False,bm25,disabled-by-baseline
101,basic_rag,False,False,False,False,False,0.969,True,False,bm25,disabled-by-baseline
102,basic_rag,True,True,False,True,False,0.938,True,False,bm25,disabled-by-baseline
103,basic_rag,True,False,False,False,False,1.0,False,False,bm25,disabled-by-baseline
104,basic_rag,False,False,False,False,False,0.944,True,False,bm25,disabled-by-baseline
105,basic_rag,False,False,False,False,False,0.9777,False,False,bm25,disabled-by-baseline
106,basic_rag,True,True,False,True,False,0.8473,False,False,bm25,disabled-by-baseline
107,basic_rag,True,False,False,False,False,0.9427,False,False,bm25,disabled-by-baseline
108,basic_rag,True,False,False,False,False,1.0,False,False,bm25,disabled-by-baseline
109,basic_rag,True,True,False,True,False,0.7403,False,False,bm25,disabled-by-baseline
110,basic_rag,True,True,False,True,False,0.802,True,False,bm25,disabled-by-baseline
111,basic_rag,False,False,True,False,False,0.7823,True,False,bm25,disabled-by-baseline
112,basic_rag,True,False,False,False,False,1.0,False,False,bm25,disabled-by-baseline
113,basic_rag,True,False,False,False,False,0.9593,False,False,bm25,disabled-by-baseline
114,basic_rag,True,False,False,False,False,0.9789,True,False,bm25,disabled-by-baseline
115,basic_rag,False,False,False,False,False,0.9821,False,False,bm25,disabled-by-baseline
116,basic_rag,True,True,True,False,False,0.9746,False,False,bm25,disabled-by-baseline
117,basic_rag,False,False,False,False,False,0.9452,False,False,bm25,disabled-by-baseline
118,basic_rag,False,False,False,False,False,0.9124,True,False,bm25,disabled-by-baseline
119,basic_rag,True,False,False,False,False,0.961,True,False,bm25,disabled-by-baseline
120,basic_rag,True,False,False,False,False,1.0,False,False,bm25,disabled-by-baseline
121,basic_rag,True,True,False,True,False,0.6768,False,False,bm25,disabled-by-baseline
122,basic_rag,True,True,False,True,False,0.5618,False,False,bm25,disabled-by-baseline
123,basic_rag,True,True,False,True,False,0.6596,False,False,bm25,disabled-by-baseline
124,basic_rag,True,True,False,True,False,0.9459,True,False,bm25,disabled-by-baseline
125,basic_rag,True,True,False,True,False,0.6945,False,False,bm25,disabled-by-baseline
126,basic_rag,True,True,False,True,False,0.9789,False,False,bm25,disabled-by-baseline
127,basic_rag,True,False,False,False,False,0.9707,True,False,bm25,disabled-by-baseline
128,basic_rag,True,False,True,False,False,0.993,True,False,bm25,disabled-by-baseline
129,basic_rag,True,False,True,False,False,1.0,True,False,bm25,disabled-by-baseline
130,basic_rag,True,True,True,False,False,0.712,False,False,bm25,disabled-by-baseline
131,basic_rag,False,False,True,False,False,0.9543,True,False,bm25,disabled-by-baseline
132,basic_rag,False,False,True,False,False,0.634,True,False,bm25,disabled-by-baseline
133,basic_rag,True,False,False,False,False,0.876,True,False,bm25,disabled-by-baseline
134,basic_rag,True,False,False,False,False,1.0,False,False,bm25,disabled-by-baseline
135,basic_rag,False,False,False,False,False,0.9497,True,False,bm25,disabled-by-baseline
136,basic_rag,True,False,False,False,False,0.9399,False,False,bm25,disabled-by-baseline
137,basic_rag,True,True,False,True,False,0.9573,True,False,bm25,disabled-by-baseline
138,basic_rag,True,False,True,False,False,0.9925,False,False,bm25,disabled-by-baseline
139,basic_rag,True,False,False,False,False,0.9701,True,False,bm25,disabled-by-baseline
140,basic_rag,True,False,False,False,False,0.5057,True,False,bm25,disabled-by-baseline
141,basic_rag,True,False,True,False,False,0.8663,True,False,bm25,disabled-by-baseline
142,basic_rag,True,True,False,True,False,0.7892,False,False,bm25,disabled-by-baseline
143,basic_rag,False,False,False,False,False,0.6998,False,False,bm25,disabled-by-baseline
144,basic_rag,True,False,False,False,False,0.9139,False,False,bm25,disabled-by-baseline
145,basic_rag,True,False,False,False,False,0.6427,False,False,bm25,disabled-by-baseline
146,basic_rag,True,False,True,False,False,0.9683,True,False,bm25,disabled-by-baseline
147,basic_rag,False,False,False,False,False,0.9671,False,False,bm25,disabled-by-baseline
148,basic_rag,True,False,True,False,False,0.5203,True,False,bm25,disabled-by-baseline
149,basic_rag,True,False,True,False,False,0.9987,True,False,bm25,disabled-by-baseline
150,basic_rag,True,True,False,True,False,0.9378,False,False,bm25,disabled-by-baseline
151,basic_rag,True,True,False,True,False,0.7561,False,False,bm25,disabled-by-baseline
152,basic_rag,True,True,False,True,False,0.7599,True,False,bm25,disabled-by-baseline
153,basic_rag,True,False,True,False,False,0.7521,True,False,bm25,disabled-by-baseline
154,basic_rag,True,False,False,False,False,0.6309,False,False,bm25,disabled-by-baseline
155,basic_rag,True,True,True,False,False,0.9984,True,False,bm25,disabled-by-baseline
156,basic_rag,True,False,True,False,False,0.9467,True,False,bm25,disabled-by-baseline
157,basic_rag,True,False,False,False,False,0.846,True,False,bm25,disabled-by-baseline
158,basic_rag,True,False,True,False,False,0.9141,False,False,bm25,disabled-by-baseline
159,basic_rag,True,False,True,False,False,0.9051,False,False,bm25,disabled-by-baseline
160,basic_rag,True,False,False,False,False,0.897,True,False,bm25,disabled-by-baseline
161,basic_rag,False,False,False,False,False,0.9804,False,False,bm25,disabled-by-baseline
162,basic_rag,False,False,True,False,False,0.8073,True,False,bm25,disabled-by-baseline
163,basic_rag,False,False,False,False,False,0.9949,True,False,bm25,disabled-by-baseline
164,basic_rag,True,False,False,False,False,0.6235,True,False,bm25,disabled-by-baseline
165,basic_rag,True,False,False,False,False,0.9774,False,False,bm25,disabled-by-baseline
166,basic_rag,True,True,False,True,False,0.7217,False,False,bm25,disabled-by-baseline
167,basic_rag,True,True,True,False,False,0.9613,False,False,bm25,disabled-by-baseline
168,basic_rag,True,True,False,True,False,0.9882,True,False,bm25,disabled-by-baseline
169,basic_rag,True,False,False,False,False,0.9848,True,False,bm25,disabled-by-baseline
170,basic_rag,False,False,False,False,False,1.0,False,False,bm25,disabled-by-baseline
171,basic_rag,True,False,False,False,False,0.578,False,False,bm25,disabled-by-baseline
172,basic_rag,True,False,True,False,False,0.5241,False,False,bm25,disabled-by-baseline
173,basic_rag,True,True,False,True,False,0.6783,True,False,bm25,disabled-by-baseline
174,basic_rag,False,False,False,False,False,0.8856,False,False,bm25,disabled-by-baseline
175,basic_rag,True,True,False,True,False,0.8777,True,False,bm25,disabled-by-baseline
176,basic_rag,True,True,False,True,False,0.997,False,False,bm25,disabled-by-baseline
177,basic_rag,True,False,True,False,False,0.9495,False,False,bm25,disabled-by-baseline
178,basic_rag,True,False,False,False,False,1.0,False,False,bm25,disabled-by-baseline
179,basic_rag,True,False,False,False,False,0.5641,False,False,bm25,disabled-by-baseline
180,basic_rag,True,False,False,False,False,0.7513,False,False,bm25,disabled-by-baseline
181,basic_rag,False,False,False,False,False,0.9145,True,False,bm25,disabled-by-baseline
182,basic_rag,True,True,False,True,False,0.9593,True,False,bm25,disabled-by-baseline
183,basic_rag,True,False,False,False,False,0.9656,True,False,bm25,disabled-by-baseline
184,basic_rag,True,False,False,False,False,0.9833,False,False,bm25,disabled-by-baseline
185,basic_rag,True,True,False,True,False,0.7337,False,False,bm25,disabled-by-baseline
186,basic_rag,True,False,False,False,False,0.9683,False,False,bm25,disabled-by-baseline
187,basic_rag,True,False,False,False,False,0.958,False,False,bm25,disabled-by-baseline
188,basic_rag,True,True,False,True,False,0.8237,False,False,bm25,disabled-by-baseline
189,basic_rag,True,True,False,True,False,0.63,True,False,bm25,disabled-by-baseline
190,basic_rag,True,False,False,False,False,1.0,True,False,bm25,disabled-by-baseline
191,basic_rag,True,False,False,False,False,1.0,False,False,bm25,disabled-by-baseline
192,basic_rag,True,False,False,False,False,0.7209,False,False,bm25,disabled-by-baseline
193,basic_rag,True,False,True,False,False,0.9981,True,False,bm25,disabled-by-baseline
194,basic_rag,True,False,False,False,False,0.8421,True,False,bm25,disabled-by-baseline
195,basic_rag,True,False,False,False,False,1.0,False,False,bm25,disabled-by-baseline
196,basic_rag,True,False,False,False,False,1.0,False,False,bm25,disabled-by-baseline
197,basic_rag,True,False,False,False,False,1.0,False,False,bm25,disabled-by-baseline
198,basic_rag,True,False,False,False,False,0.714,True,False,bm25,disabled-by-baseline
199,basic_rag,True,False,False,False,False,0.5193,True,False,bm25,disabled-by-baseline
200,basic_rag,True,True,False,True,False,0.921,False,False,bm25,disabled-by-baseline
201,basic_rag,False,False,False,False,False,0.9749,True,False,bm25,disabled-by-baseline
202,basic_rag,True,True,False,True,False,0.9513,False,False,bm25,disabled-by-baseline
203,basic_rag,True,True,True,False,False,0.8378,False,False,bm25,disabled-by-baseline
204,basic_rag,True,True,False,True,False,0.7451,True,False,bm25,disabled-by-baseline
205,basic_rag,True,False,False,False,False,0.8464,False,False,bm25,disabled-by-baseline
206,basic_rag,True,False,False,False,False,0.8223,True,False,bm25,disabled-by-baseline
207,basic_rag,True,False,True,False,False,1.0,True,False,bm25,disabled-by-baseline
208,basic_rag,False,False,False,False,False,0.7406,False,False,bm25,disabled-by-baseline
209,basic_rag,True,True,False,True,False,0.9968,True,False,bm25,disabled-by-baseline
210,basic_rag,True,False,False,False,False,1.0,False,False,bm25,disabled-by-baseline
211,basic_rag,True,False,False,False,False,1.0,True,False,bm25,disabled-by-baseline
212,basic_rag,False,False,False,False,True,0.0,False,False,bm25,disabled-by-baseline
213,basic_rag,False,False,False,False,False,0.9702,True,False,bm25,disabled-by-baseline
214,basic_rag,True,False,False,False,False,0.849,True,False,bm25,disabled-by-baseline
215,basic_rag,True,False,False,False,False,0.983,False,False,bm25,disabled-by-baseline
216,basic_rag,False,False,False,False,False,1.0,False,False,bm25,disabled-by-baseline
217,basic_rag,True,False,False,False,False,1.0,False,False,bm25,disabled-by-baseline
218,basic_rag,False,False,False,False,False,1.0,True,False,bm25,disabled-by-baseline
219,basic_rag,False,False,False,False,False,0.5048,False,False,bm25,disabled-by-baseline
220,basic_rag,True,True,False,True,False,0.7684,False,False,bm25,disabled-by-baseline
221,basic_rag,True,True,False,True,False,0.8069,True,False,bm25,disabled-by-baseline
222,basic_rag,False,False,False,False,False,0.7705,False,False,bm25,disabled-by-baseline
223,basic_rag,True,False,False,False,False,0.7555,True,False,bm25,disabled-by-baseline
224,basic_rag,False,False,False,False,False,0.5019,True,False,bm25,disabled-by-baseline
225,basic_rag,True,True,False,True,False,0.9739,True,False,bm25,disabled-by-baseline
226,basic_rag,True,False,False,False,False,0.8792,False,False,bm25,disabled-by-baseline
227,basic_rag,False,False,False,False,False,0.9915,False,False,bm25,disabled-by-baseline
228,basic_rag,False,False,False,False,False,0.624,False,False,bm25,disabled-by-baseline
229,basic_rag,True,False,True,False,False,1.0,True,False,bm25,disabled-by-baseline
230,basic_rag,True,False,False,False,False,0.6256,False,False,bm25,disabled-by-baseline
231,basic_rag,True,False,False,False,False,1.0,False,False,bm25,disabled-by-baseline
232,basic_rag,False,False,False,False,False,0.9462,False,False,bm25,disabled-by-baseline
233,basic_rag,True,False,False,False,False,0.7316,True,False,bm25,disabled-by-baseline
234,basic_rag,True,False,False,False,False,0.9923,True,False,bm25,disabled-by-baseline
235,basic_rag,True,True,False,True,False,0.9788,False,False,bm25,disabled-by-baseline
236,basic_rag,True,False,True,False,False,0.9204,False,False,bm25,disabled-by-baseline
237,basic_rag,True,True,False,True,False,0.8287,False,False,bm25,disabled-by-baseline
238,basic_rag,True,False,False,False,False,0.9946,True,False,bm25,disabled-by-baseline
239,basic_rag,True,False,False,False,False,1.0,False,False,bm25,disabled-by-baseline
240,basic_rag,True,False,True,False,False,0.9518,True,False,bm25,disabled-by-baseline
241,basic_rag,False,False,True,False,False,0.5316,True,False,bm25,disabled-by-baseline
242,basic_rag,True,False,True,False,False,0.7038,False,False,bm25,disabled-by-baseline
243,basic_rag,True,False,False,False,False,1.0,False,False,bm25,disabled-by-baseline
244,basic_rag,True,False,False,False,False,0.7952,False,False,bm25,disabled-by-baseline
245,basic_rag,True,False,False,False,False,0.9787,False,False,bm25,disabled-by-baseline
246,basic_rag,True,False,False,False,False,0.7977,False,False,bm25,disabled-by-baseline
247,basic_rag,True,False,False,False,False,0.8327,False,False,bm25,disabled-by-baseline
248,basic_rag,True,False,False,False,False,0.7346,False,False,bm25,disabled-by-baseline
249,basic_rag,True,True,False,True,False,0.5563,False,False,bm25,disabled-by-baseline
250,basic_rag,True,False,False,False,False,0.866,True,False,bm25,disabled-by-baseline
251,basic_rag,True,True,False,True,False,0.759,False,False,bm25,disabled-by-baseline
252,basic_rag,False,False,True,False,False,0.8617,True,False,bm25,disabled-by-baseline
253,basic_rag,True,False,False,False,False,0.9827,True,False,bm25,disabled-by-baseline
254,basic_rag,True,False,True,False,False,0.9833,True,False,bm25,disabled-by-baseline
255,basic_rag,True,False,True,False,False,0.9768,False,False,bm25,disabled-by-baseline
256,basic_rag,True,False,True,False,False,0.9901,True,False,bm25,disabled-by-baseline
257,basic_rag,True,False,False,False,False,0.9368,False,False,bm25,disabled-by-baseline
258,basic_rag,True,False,True,False,False,0.9542,True,False,bm25,disabled-by-baseline
259,basic_rag,True,False,False,False,False,1.0,False,False,bm25,disabled-by-baseline
260,basic_rag,True,False,False,False,False,1.0,False,False,bm25,disabled-by-baseline
261,basic_rag,True,False,True,False,False,0.9871,True,False,bm25,disabled-by-baseline
262,basic_rag,True,True,False,True,False,0.7848,False,False,bm25,disabled-by-baseline
263,basic_rag,True,False,False,False,False,0.9695,True,False,bm25,disabled-by-baseline
264,basic_rag,True,False,True,False,False,0.7131,False,False,bm25,disabled-by-baseline
265,basic_rag,True,True,True,False,False,0.9396,False,False,bm25,disabled-by-baseline
266,basic_rag,False,False,False,False,False,0.9472,True,False,bm25,disabled-by-baseline
267,basic_rag,True,True,False,True,False,0.8488,True,False,bm25,disabled-by-baseline
268,basic_rag,True,True,False,True,False,0.9156,False,False,bm25,disabled-by-baseline
269,basic_rag,False,False,True,False,False,0.9527,False,False,bm25,disabled-by-baseline
270,basic_rag,True,True,False,True,False,0.9713,False,False,bm25,disabled-by-baseline
271,basic_rag,False,False,False,False,False,0.9673,True,False,bm25,disabled-by-baseline
272,basic_rag,True,False,False,False,False,0.9576,False,False,bm25,disabled-by-baseline
273,basic_rag,True,False,False,False,False,0.9095,False,False,bm25,disabled-by-baseline
274,basic_rag,True,False,False,False,False,1.0,False,False,bm25,disabled-by-baseline
275,basic_rag,True,True,False,True,False,0.7714,False,False,bm25,disabled-by-baseline
276,basic_rag,True,True,False,True,False,0.9419,False,False,bm25,disabled-by-baseline
277,basic_rag,True,False,False,False,False,0.9591,False,False,bm25,disabled-by-baseline
278,basic_rag,True,False,True,False,False,0.9883,True,False,bm25,disabled-by-baseline
279,basic_rag,True,False,False,False,False,0.9892,False,False,bm25,disabled-by-baseline
280,basic_rag,False,False,False,False,False,0.6061,False,False,bm25,disabled-by-baseline
281,basic_rag,True,False,False,False,False,0.823,False,False,bm25,disabled-by-baseline
282,basic_rag,True,True,False,True,False,0.8585,True,False,bm25,disabled-by-baseline
283,basic_rag,True,False,True,False,False,0.8207,True,False,bm25,disabled-by-baseline
284,basic_rag,True,True,False,True,False,0.9002,True,False,bm25,disabled-by-baseline
285,basic_rag,True,False,False,False,False,0.8807,True,False,bm25,disabled-by-baseline
286,basic_rag,True,False,False,False,False,0.9542,False,False,bm25,disabled-by-baseline
287,basic_rag,True,False,False,False,False,0.7672,True,False,bm25,disabled-by-baseline
288,basic_rag,False,False,True,False,False,0.6074,True,False,bm25,disabled-by-baseline
289,basic_rag,True,False,False,False,False,0.965,True,False,bm25,disabled-by-baseline
290,basic_rag,True,True,False,True,False,0.7632,False,False,bm25,disabled-by-baseline
291,basic_rag,True,False,False,False,False,0.6127,True,False,bm25,disabled-by-baseline
292,basic_rag,True,True,False,True,False,0.8943,False,False,bm25,disabled-by-baseline
293,basic_rag,True,False,False,False,False,1.0,False,False,bm25,disabled-by-baseline
294,basic_rag,True,False,True,False,False,0.9693,True,False,bm25,disabled-by-baseline
295,basic_rag,False,False,False,False,False,0.9702,True,False,bm25,disabled-by-baseline
296,basic_rag,True,True,False,True,False,0.8605,True,False,bm25,disabled-by-baseline
297,basic_rag,True,False,True,False,False,0.9954,True,False,bm25,disabled-by-baseline
298,basic_rag,True,True,False,True,False,0.8101,True,False,bm25,disabled-by-baseline
299,basic_rag,True,False,False,False,False,0.9721,False,False,bm25,disabled-by-baseline
300,basic_rag,True,False,False,False,False,0.9509,True,False,bm25,disabled-by-baseline
301,basic_rag,False,False,False,False,False,0.5833,False,False,bm25,disabled-by-baseline
302,basic_rag,True,False,False,False,False,0.9072,False,False,bm25,disabled-by-baseline
303,basic_rag,True,False,False,False,False,0.946,True,False,bm25,disabled-by-baseline
304,basic_rag,True,False,False,False,False,0.8664,False,False,bm25,disabled-by-baseline
305,basic_rag,True,False,False,False,False,0.9774,False,False,bm25,disabled-by-baseline
306,basic_rag,True,False,False,False,False,0.8867,False,False,bm25,disabled-by-baseline
307,basic_rag,True,False,False,False,False,0.9907,True,False,bm25,disabled-by-baseline
308,basic_rag,True,False,False,False,False,0.8264,True,False,bm25,disabled-by-baseline
309,basic_rag,True,False,False,False,False,0.8855,True,False,bm25,disabled-by-baseline
310,basic_rag,True,False,False,False,False,0.979,False,False,bm25,disabled-by-baseline
311,basic_rag,True,False,False,False,False,0.6243,False,False,bm25,disabled-by-baseline
312,basic_rag,True,False,False,False,False,0.8558,False,False,bm25,disabled-by-baseline
313,basic_rag,True,False,True,False,False,0.7692,True,False,bm25,disabled-by-baseline
314,basic_rag,False,False,False,False,False,0.9462,True,False,bm25,disabled-by-baseline
315,basic_rag,True,False,False,False,False,0.8963,False,False,bm25,disabled-by-baseline
316,basic_rag,True,False,False,False,False,0.7833,False,False,bm25,disabled-by-baseline
317,basic_rag,True,False,False,False,False,0.9039,False,False,bm25,disabled-by-baseline
318,basic_rag,True,False,True,False,False,0.9264,False,False,bm25,disabled-by-baseline
319,basic_rag,True,False,False,False,False,0.9074,False,False,bm25,disabled-by-baseline
320,basic_rag,True,False,False,False,False,0.5426,False,False,bm25,disabled-by-baseline
321,basic_rag,True,False,False,False,False,0.7835,False,False,bm25,disabled-by-baseline
322,basic_rag,True,False,True,False,False,0.653,True,False,bm25,disabled-by-baseline
323,basic_rag,True,False,False,False,False,0.951,True,False,bm25,disabled-by-baseline
324,basic_rag,True,False,False,False,False,0.5571,True,False,bm25,disabled-by-baseline
325,basic_rag,True,False,False,False,False,0.9482,True,False,bm25,disabled-by-baseline
326,basic_rag,True,False,False,False,False,0.8102,False,False,bm25,disabled-by-baseline
327,basic_rag,True,False,False,False,False,0.8185,False,False,bm25,disabled-by-baseline
328,basic_rag,True,False,False,False,False,0.9365,True,False,bm25,disabled-by-baseline
329,basic_rag,True,False,False,False,False,0.9709,True,False,bm25,disabled-by-baseline
330,basic_rag,False,False,False,False,False,0.5212,False,False,bm25,disabled-by-baseline
331,basic_rag,True,False,False,False,False,0.9552,True,False,bm25,disabled-by-baseline
332,basic_rag,True,False,False,False,False,0.8517,False,False,bm25,disabled-by-baseline
333,basic_rag,True,False,False,False,False,0.9832,False,False,bm25,disabled-by-baseline
334,basic_rag,True,False,False,False,False,0.9833,True,False,bm25,disabled-by-baseline
335,basic_rag,True,False,False,False,False,0.7765,False,False,bm25,disabled-by-baseline
336,basic_rag,False,False,False,False,False,0.9745,False,False,bm25,disabled-by-baseline
337,basic_rag,True,False,False,False,False,0.824,False,False,bm25,disabled-by-baseline
338,basic_rag,True,False,True,False,False,0.899,True,False,bm25,disabled-by-baseline
339,basic_rag,False,False,False,False,False,0.9916,False,False,bm25,disabled-by-baseline
340,basic_rag,True,False,False,False,False,0.8548,False,False,bm25,disabled-by-baseline
341,basic_rag,True,False,False,False,False,0.9588,False,False,bm25,disabled-by-baseline
342,basic_rag,False,False,True,False,False,0.9224,True,False,bm25,disabled-by-baseline
343,basic_rag,True,False,False,False,False,0.8506,False,False,bm25,disabled-by-baseline
344,basic_rag,True,False,False,False,False,0.5238,False,False,bm25,disabled-by-baseline
345,basic_rag,True,False,False,False,False,0.9829,True,False,bm25,disabled-by-baseline
346,basic_rag,True,False,False,False,False,0.9959,True,False,bm25,disabled-by-baseline
347,basic_rag,True,False,False,False,False,0.5334,False,False,bm25,disabled-by-baseline
348,basic_rag,True,False,False,False,False,0.8155,False,False,bm25,disabled-by-baseline
349,basic_rag,False,False,False,False,False,0.8504,True,False,bm25,disabled-by-baseline
350,basic_rag,True,False,False,False,False,0.9961,True,False,bm25,disabled-by-baseline
351,basic_rag,True,False,False,False,False,0.8317,True,False,bm25,disabled-by-baseline
352,basic_rag,True,False,False,False,False,0.7442,False,False,bm25,disabled-by-baseline
353,basic_rag,True,False,False,False,False,0.9415,False,False,bm25,disabled-by-baseline
354,basic_rag,True,False,False,False,False,0.9899,False,False,bm25,disabled-by-baseline
355,basic_rag,True,False,False,False,False,0.7863,False,False,bm25,disabled-by-baseline
356,basic_rag,True,False,True,False,False,0.674,True,False,bm25,disabled-by-baseline
357,basic_rag,True,False,True,False,False,1.0,True,False,bm25,disabled-by-baseline
358,basic_rag,True,False,False,False,False,0.9089,True,False,bm25,disabled-by-baseline
359,basic_rag,True,False,False,False,False,0.9627,True,False,bm25,disabled-by-baseline
360,basic_rag,True,False,False,False,False,0.7735,False,False,bm25,disabled-by-baseline
361,basic_rag,False,False,False,False,False,0.996,False,False,bm25,disabled-by-baseline
362,basic_rag,True,False,False,False,False,0.9123,True,False,bm25,disabled-by-baseline
363,basic_rag,True,False,True,False,False,0.8795,False,False,bm25,disabled-by-baseline
364,basic_rag,True,False,False,False,False,0.9918,True,False,bm25,disabled-by-baseline
365,basic_rag,False,False,False,False,False,0.9436,False,False,bm25,disabled-by-baseline
366,basic_rag,True,False,False,False,False,0.8716,False,False,bm25,disabled-by-baseline
367,basic_rag,False,False,False,False,False,0.8318,True,False,bm25,disabled-by-baseline
368,basic_rag,True,False,False,False,False,0.7675,False,False,bm25,disabled-by-baseline
369,basic_rag,True,False,False,False,False,0.6022,True,False,bm25,disabled-by-baseline
370,basic_rag,True,False,False,False,False,0.7422,True,False,bm25,disabled-by-baseline
371,basic_rag,True,False,False,False,False,0.6346,False,False,bm25,disabled-by-baseline
372,basic_rag,True,False,False,False,False,0.8058,False,False,bm25,disabled-by-baseline
373,basic_rag,True,False,False,False,False,0.9036,False,False,bm25,disabled-by-baseline
374,basic_rag,True,False,False,False,False,0.6539,False,False,bm25,disabled-by-baseline
375,basic_rag,True,False,True,False,False,0.9981,True,False,bm25,disabled-by-baseline
376,basic_rag,True,False,False,False,False,0.9767,True,False,bm25,disabled-by-baseline
377,basic_rag,True,False,False,False,False,0.927,True,False,bm25,disabled-by-baseline
378,basic_rag,True,False,False,False,False,0.7268,False,False,bm25,disabled-by-baseline
379,basic_rag,True,False,False,False,False,0.9705,False,False,bm25,disabled-by-baseline
380,basic_rag,True,False,False,False,False,0.9896,False,False,bm25,disabled-by-baseline
381,basic_rag,True,False,False,False,False,0.8437,True,False,bm25,disabled-by-baseline
382,basic_rag,True,False,True,False,False,0.6949,True,False,bm25,disabled-by-baseline
383,basic_rag,False,False,False,False,False,0.8997,False,False,bm25,disabled-by-baseline
384,basic_rag,True,False,False,False,False,0.9823,False,False,bm25,disabled-by-baseline
385,basic_rag,True,False,False,False,False,0.9692,False,False,bm25,disabled-by-baseline
386,basic_rag,True,False,False,False,False,0.9789,True,False,bm25,disabled-by-baseline
387,basic_rag,False,False,False,False,False,0.9246,False,False,bm25,disabled-by-baseline
388,basic_rag,True,False,False,False,False,0.9513,True,False,bm25,disabled-by-baseline
389,basic_rag,True,False,False,False,False,0.9074,False,False,bm25,disabled-by-baseline
390,basic_rag,True,False,False,False,False,0.9554,True,False,bm25,disabled-by-baseline
391,basic_rag,True,False,True,False,False,0.5173,True,False,bm25,disabled-by-baseline
392,basic_rag,True,False,False,False,False,1.0,True,False,bm25,disabled-by-baseline
393,basic_rag,True,False,True,False,False,0.7759,True,False,bm25,disabled-by-baseline
394,basic_rag,True,False,False,False,False,0.8041,False,False,bm25,disabled-by-baseline
395,basic_rag,True,False,False,False,False,0.8247,False,False,bm25,disabled-by-baseline
396,basic_rag,True,True,False,True,False,0.867,False,False,bm25,disabled-by-baseline
397,basic_rag,True,False,False,False,False,0.6623,True,False,bm25,disabled-by-baseline
398,basic_rag,False,False,False,False,False,0.9746,True,False,bm25,disabled-by-baseline
399,basic_rag,False,False,False,False,False,0.8856,True,False,bm25,disabled-by-baseline
400,basic_rag,True,False,False,False,False,0.9964,False,False,bm25,disabled-by-baseline
401,basic_rag,True,False,False,False,False,0.8962,False,False,bm25,disabled-by-baseline
402,basic_rag,True,False,False,False,False,0.7462,False,False,bm25,disabled-by-baseline
403,basic_rag,False,False,False,False,False,0.7313,False,False,bm25,disabled-by-baseline
404,basic_rag,True,False,False,False,False,0.737,False,False,bm25,disabled-by-baseline
405,basic_rag,True,False,False,False,False,0.713,False,False,bm25,disabled-by-baseline
406,basic_rag,True,False,True,False,False,1.0,True,False,bm25,disabled-by-baseline
407,basic_rag,True,False,False,False,False,0.7649,True,False,bm25,disabled-by-baseline
408,basic_rag,False,False,False,False,False,0.7778,True,False,bm25,disabled-by-baseline
409,basic_rag,True,False,False,False,False,0.9754,True,False,bm25,disabled-by-baseline
410,basic_rag,True,False,False,False,False,0.9685,True,False,bm25,disabled-by-baseline
411,basic_rag,True,False,False,False,False,0.9854,False,False,bm25,disabled-by-baseline
412,basic_rag,True,False,False,False,False,0.9846,True,False,bm25,disabled-by-baseline
413,basic_rag,False,False,False,False,False,0.8124,True,False,bm25,disabled-by-baseline
414,basic_rag,True,False,True,False,False,0.9686,True,False,bm25,disabled-by-baseline
415,basic_rag,False,False,True,False,False,0.8853,True,False,bm25,disabled-by-baseline
416,basic_rag,True,False,False,False,False,0.7829,False,False,bm25,disabled-by-baseline
417,basic_rag,True,False,False,False,False,0.9078,False,False,bm25,disabled-by-baseline
418,basic_rag,True,False,True,False,False,0.997,True,False,bm25,disabled-by-baseline
419,basic_rag,True,False,False,False,False,0.8607,False,False,bm25,disabled-by-baseline
420,basic_rag,False,False,False,False,False,0.9655,True,False,bm25,disabled-by-baseline
421,basic_rag,True,False,False,False,False,0.9963,False,False,bm25,disabled-by-baseline
422,basic_rag,True,False,False,False,False,0.8917,False,False,bm25,disabled-by-baseline
423,basic_rag,True,False,False,False,False,0.992,False,False,bm25,disabled-by-baseline
424,basic_rag,True,False,False,False,False,0.7548,True,False,bm25,disabled-by-baseline
425,basic_rag,True,False,False,False,False,0.7998,False,False,bm25,disabled-by-baseline
426,basic_rag,True,False,False,False,False,0.8839,True,False,bm25,disabled-by-baseline
427,basic_rag,True,False,False,False,False,0.5091,False,False,bm25,disabled-by-baseline
428,basic_rag,True,False,False,False,False,0.5334,False,False,bm25,disabled-by-baseline
429,basic_rag,True,False,False,False,False,0.9964,True,False,bm25,disabled-by-baseline
430,basic_rag,True,False,False,False,False,0.9371,False,False,bm25,disabled-by-baseline
431,basic_rag,True,False,False,False,False,0.7254,True,False,bm25,disabled-by-baseline
432,basic_rag,True,False,False,False,False,0.6044,False,False,bm25,disabled-by-baseline
433,basic_rag,False,False,False,False,False,0.7183,False,False,bm25,disabled-by-baseline
434,basic_rag,True,False,True,False,False,0.9124,True,False,bm25,disabled-by-baseline
435,basic_rag,False,False,False,False,False,0.5102,False,False,bm25,disabled-by-baseline
436,basic_rag,True,False,False,False,False,0.9062,False,False,bm25,disabled-by-baseline
437,basic_rag,True,False,False,False,False,0.6641,False,False,bm25,disabled-by-baseline
438,basic_rag,True,False,False,False,False,0.7019,True,False,bm25,disabled-by-baseline
439,basic_rag,True,False,False,False,False,0.9893,False,False,bm25,disabled-by-baseline
440,basic_rag,True,False,False,False,False,0.7982,False,False,bm25,disabled-by-baseline
441,basic_rag,False,False,False,False,False,0.711,False,False,bm25,disabled-by-baseline
442,basic_rag,True,False,False,False,False,0.9909,True,False,bm25,disabled-by-baseline
443,basic_rag,True,False,True,False,False,0.6072,True,False,bm25,disabled-by-baseline
444,basic_rag,True,False,False,False,False,0.9053,True,False,bm25,disabled-by-baseline
445,basic_rag,True,False,False,False,False,0.9882,False,False,bm25,disabled-by-baseline
446,basic_rag,False,False,False,False,False,0.9023,True,False,bm25,disabled-by-baseline
447,basic_rag,True,False,False,False,False,0.7269,True,False,bm25,disabled-by-baseline
448,basic_rag,True,False,False,False,False,0.9709,True,False,bm25,disabled-by-baseline
449,basic_rag,True,False,False,False,False,0.5111,False,False,bm25,disabled-by-baseline
450,basic_rag,True,False,False,False,False,0.9861,True,False,bm25,disabled-by-baseline
451,basic_rag,True,False,True,False,False,0.956,True,False,bm25,disabled-by-baseline
452,basic_rag,True,False,True,False,False,0.8734,False,False,bm25,disabled-by-baseline
453,basic_rag,True,False,False,False,False,0.9672,True,False,bm25,disabled-by-baseline
454,basic_rag,True,False,False,False,False,0.9822,False,False,bm25,disabled-by-baseline
455,basic_rag,True,False,False,False,False,0.9892,True,False,bm25,disabled-by-baseline
456,basic_rag,True,False,True,False,False,0.9965,False,False,bm25,disabled-by-baseline
457,basic_rag,True,False,False,False,False,0.9116,True,False,bm25,disabled-by-baseline
458,basic_rag,True,False,False,False,False,0.9623,False,False,bm25,disabled-by-baseline
459,basic_rag,True,False,False,False,False,0.8552,False,False,bm25,disabled-by-baseline
460,basic_rag,True,False,True,False,False,0.9065,True,False,bm25,disabled-by-baseline
461,basic_rag,True,False,True,False,False,0.9985,True,False,bm25,disabled-by-baseline
462,basic_rag,True,False,False,False,False,0.9211,False,False,bm25,disabled-by-baseline
463,basic_rag,False,False,True,False,False,0.9959,True,False,bm25,disabled-by-baseline
464,basic_rag,True,False,False,False,False,0.6909,True,False,bm25,disabled-by-baseline
465,basic_rag,False,False,False,False,False,0.9951,True,False,bm25,disabled-by-baseline
466,basic_rag,True,False,False,False,False,0.9159,True,False,bm25,disabled-by-baseline
467,basic_rag,True,False,False,False,False,0.897,True,False,bm25,disabled-by-baseline
468,basic_rag,True,False,True,False,False,0.6365,True,False,bm25,disabled-by-baseline
469,basic_rag,True,False,False,False,False,0.9456,True,False,bm25,disabled-by-baseline
470,basic_rag,True,False,True,False,False,0.9092,True,False,bm25,disabled-by-baseline
471,basic_rag,True,False,False,False,False,0.8013,False,False,bm25,disabled-by-baseline
472,basic_rag,True,False,False,False,False,0.9802,False,False,bm25,disabled-by-baseline
473,basic_rag,True,False,True,False,False,0.9981,True,False,bm25,disabled-by-baseline
474,basic_rag,True,False,True,False,False,0.9523,True,False,bm25,disabled-by-baseline
475,basic_rag,True,False,True,False,False,0.7676,True,False,bm25,disabled-by-baseline
476,basic_rag,False,False,False,False,False,0.9264,False,False,bm25,disabled-by-baseline
477,basic_rag,True,False,True,False,False,0.9933,True,False,bm25,disabled-by-baseline
478,basic_rag,True,False,False,False,False,0.7767,False,False,bm25,disabled-by-baseline
479,basic_rag,True,False,False,False,False,0.9911,True,False,bm25,disabled-by-baseline
480,basic_rag,True,False,False,False,False,0.8008,False,False,bm25,disabled-by-baseline
481,basic_rag,True,False,False,False,False,1.0,False,False,bm25,disabled-by-baseline
482,basic_rag,True,False,True,False,False,0.9687,True,False,bm25,disabled-by-baseline
483,basic_rag,False,False,False,False,False,0.9213,False,False,bm25,disabled-by-baseline
484,basic_rag,True,False,False,False,False,0.9216,False,False,bm25,disabled-by-baseline
485,basic_rag,True,False,True,False,False,0.7992,True,False,bm25,disabled-by-baseline
486,basic_rag,True,False,False,False,False,0.8675,True,False,bm25,disabled-by-baseline
487,basic_rag,True,False,False,False,False,0.7647,True,False,bm25,disabled-by-baseline
488,basic_rag,True,False,False,False,False,0.7978,False,False,bm25,disabled-by-baseline
489,basic_rag,True,False,False,False,False,0.8899,False,False,bm25,disabled-by-baseline
490,basic_rag,True,False,False,False,False,0.5766,True,False,bm25,disabled-by-baseline
491,basic_rag,True,False,False,False,False,0.8092,False,False,bm25,disabled-by-baseline
492,basic_rag,True,False,False,False,False,0.7756,False,False,bm25,disabled-by-baseline
493,basic_rag,True,False,False,False,False,0.8287,True,False,bm25,disabled-by-baseline
494,basic_rag,True,False,False,False,False,0.953,False,False,bm25,disabled-by-baseline
495,basic_rag,True,False,False,False,False,0.9691,True,False,bm25,disabled-by-baseline
496,basic_rag,True,False,False,False,False,0.9821,True,False,bm25,disabled-by-baseline
497,basic_rag,True,False,False,False,False,0.9399,False,False,bm25,disabled-by-baseline
498,basic_rag,True,False,True,False,False,0.9243,True,False,bm25,disabled-by-baseline
499,basic_rag,True,False,True,False,False,1.0,True,False,bm25,disabled-by-baseline
0,hybrid_rag,False,False,False,False,False,0.5223,False,False,sentence-transformers:sentence-transformers/all-MiniLM-L6-v2:cached,disabled-by-baseline
1,hybrid_rag,True,True,False,True,False,0.5077,False,False,sentence-transformers:sentence-transformers/all-MiniLM-L6-v2:cached,disabled-by-baseline
2,hybrid_rag,True,True,True,False,False,0.8422,True,False,sentence-transformers:sentence-transformers/all-MiniLM-L6-v2:cached,disabled-by-baseline
3,hybrid_rag,True,True,True,False,False,0.966,False,False,sentence-transformers:sentence-transformers/all-MiniLM-L6-v2:cached,disabled-by-baseline
4,hybrid_rag,False,False,True,False,False,0.5347,True,False,sentence-transformers:sentence-transformers/all-MiniLM-L6-v2:cached,disabled-by-baseline
5,hybrid_rag,True,True,False,True,False,0.8875,False,False,sentence-transformers:sentence-transformers/all-MiniLM-L6-v2:cached,disabled-by-baseline
6,hybrid_rag,True,True,False,True,False,0.9253,True,False,sentence-transformers:sentence-transformers/all-MiniLM-L6-v2:cached,disabled-by-baseline
7,hybrid_rag,False,False,True,False,False,0.6605,False,False,sentence-transformers:sentence-transformers/all-MiniLM-L6-v2:cached,disabled-by-baseline
8,hybrid_rag,False,False,True,False,False,1.0,True,False,sentence-transformers:sentence-transformers/all-MiniLM-L6-v2:cached,disabled-by-baseline
9,hybrid_rag,True,True,False,True,False,0.522,True,False,sentence-transformers:sentence-transformers/all-MiniLM-L6-v2:cached,disabled-by-baseline
10,hybrid_rag,False,False,False,False,False,0.5456,False,False,sentence-transformers:sentence-transformers/all-MiniLM-L6-v2:cached,disabled-by-baseline
11,hybrid_rag,True,True,False,True,False,0.5411,False,False,sentence-transformers:sentence-transformers/all-MiniLM-L6-v2:cached,disabled-by-baseline
12,hybrid_rag,True,True,False,True,False,0.6341,True,False,sentence-transformers:sentence-transformers/all-MiniLM-L6-v2:cached,disabled-by-baseline
13,hybrid_rag,True,True,False,True,False,0.9432,True,False,sentence-transformers:sentence-transformers/all-MiniLM-L6-v2:cached,disabled-by-baseline
14,hybrid_rag,True,True,False,True,False,0.6993,True,False,sentence-transformers:sentence-transformers/all-MiniLM-L6-v2:cached,disabled-by-baseline
15,hybrid_rag,False,False,True,False,False,0.7296,True,False,sentence-transformers:sentence-transformers/all-MiniLM-L6-v2:cached,disabled-by-baseline
16,hybrid_rag,True,True,False,True,False,0.5,False,False,sentence-transformers:sentence-transformers/all-MiniLM-L6-v2:cached,disabled-by-baseline
17,hybrid_rag,True,True,False,True,False,0.5167,False,False,sentence-transformers:sentence-transformers/all-MiniLM-L6-v2:cached,disabled-by-baseline
18,hybrid_rag,False,False,True,False,False,0.816,False,False,sentence-transformers:sentence-transformers/all-MiniLM-L6-v2:cached,disabled-by-baseline
19,hybrid_rag,True,True,False,True,False,0.8415,False,False,sentence-transformers:sentence-transformers/all-MiniLM-L6-v2:cached,disabled-by-baseline
20,hybrid_rag,True,True,True,False,False,0.7826,True,False,sentence-transformers:sentence-transformers/all-MiniLM-L6-v2:cached,disabled-by-baseline
21,hybrid_rag,False,False,False,False,False,0.7135,True,False,sentence-transformers:sentence-transformers/all-MiniLM-L6-v2:cached,disabled-by-baseline
22,hybrid_rag,True,True,True,False,False,0.5559,True,False,sentence-transformers:sentence-transformers/all-MiniLM-L6-v2:cached,disabled-by-baseline
23,hybrid_rag,False,False,True,False,False,0.835,False,False,sentence-transformers:sentence-transformers/all-MiniLM-L6-v2:cached,disabled-by-baseline
24,hybrid_rag,True,True,True,False,False,0.8353,True,False,sentence-transformers:sentence-transformers/all-MiniLM-L6-v2:cached,disabled-by-baseline
25,hybrid_rag,False,False,True,False,False,0.7781,False,False,sentence-transformers:sentence-transformers/all-MiniLM-L6-v2:cached,disabled-by-baseline
26,hybrid_rag,True,True,True,False,False,0.787,True,False,sentence-transformers:sentence-transformers/all-MiniLM-L6-v2:cached,disabled-by-baseline
27,hybrid_rag,True,True,True,False,False,0.5,True,False,sentence-transformers:sentence-transformers/all-MiniLM-L6-v2:cached,disabled-by-baseline
28,hybrid_rag,False,False,True,False,False,0.6443,False,False,sentence-transformers:sentence-transformers/all-MiniLM-L6-v2:cached,disabled-by-baseline
29,hybrid_rag,True,True,False,True,False,0.5,False,False,sentence-transformers:sentence-transformers/all-MiniLM-L6-v2:cached,disabled-by-baseline
30,hybrid_rag,True,True,True,False,False,0.8129,True,False,sentence-transformers:sentence-transformers/all-MiniLM-L6-v2:cached,disabled-by-baseline
31,hybrid_rag,True,True,False,True,False,0.7951,False,False,sentence-transformers:sentence-transformers/all-MiniLM-L6-v2:cached,disabled-by-baseline
32,hybrid_rag,True,True,True,False,False,0.977,True,False,sentence-transformers:sentence-transformers/all-MiniLM-L6-v2:cached,disabled-by-baseline
33,hybrid_rag,True,True,False,True,False,0.774,True,False,sentence-transformers:sentence-transformers/all-MiniLM-L6-v2:cached,disabled-by-baseline
34,hybrid_rag,False,False,False,False,False,0.55,False,False,sentence-transformers:sentence-transformers/all-MiniLM-L6-v2:cached,disabled-by-baseline
35,hybrid_rag,True,True,False,True,False,0.5,False,False,sentence-transformers:sentence-transformers/all-MiniLM-L6-v2:cached,disabled-by-baseline
36,hybrid_rag,True,True,True,False,False,0.8495,False,False,sentence-transformers:sentence-transformers/all-MiniLM-L6-v2:cached,disabled-by-baseline
37,hybrid_rag,True,True,True,False,False,0.825,True,False,sentence-transformers:sentence-transformers/all-MiniLM-L6-v2:cached,disabled-by-baseline
38,hybrid_rag,True,True,True,False,False,0.7997,False,False,sentence-transformers:sentence-transformers/all-MiniLM-L6-v2:cached,disabled-by-baseline
39,hybrid_rag,True,True,True,False,False,0.9957,True,False,sentence-transformers:sentence-transformers/all-MiniLM-L6-v2:cached,disabled-by-baseline
40,hybrid_rag,True,True,False,True,False,0.7596,False,False,sentence-transformers:sentence-transformers/all-MiniLM-L6-v2:cached,disabled-by-baseline
41,hybrid_rag,True,True,True,False,False,0.9496,True,False,sentence-transformers:sentence-transformers/all-MiniLM-L6-v2:cached,disabled-by-baseline
42,hybrid_rag,False,False,False,False,False,1.0,False,False,sentence-transformers:sentence-transformers/all-MiniLM-L6-v2:cached,disabled-by-baseline
43,hybrid_rag,True,True,False,True,False,0.5322,False,False,sentence-transformers:sentence-transformers/all-MiniLM-L6-v2:cached,disabled-by-baseline
44,hybrid_rag,True,True,False,True,False,0.5,False,False,sentence-transformers:sentence-transformers/all-MiniLM-L6-v2:cached,disabled-by-baseline
45,hybrid_rag,False,False,False,False,False,0.9897,True,False,sentence-transformers:sentence-transformers/all-MiniLM-L6-v2:cached,disabled-by-baseline
46,hybrid_rag,False,False,False,False,False,1.0,False,False,sentence-transformers:sentence-transformers/all-MiniLM-L6-v2:cached,disabled-by-baseline
47,hybrid_rag,True,True,True,False,False,0.8315,True,False,sentence-transformers:sentence-transformers/all-MiniLM-L6-v2:cached,disabled-by-baseline
48,hybrid_rag,True,True,True,False,False,0.4712,True,False,sentence-transformers:sentence-transformers/all-MiniLM-L6-v2:cached,disabled-by-baseline
49,hybrid_rag,False,False,True,False,False,0.8022,True,False,sentence-transformers:sentence-transformers/all-MiniLM-L6-v2:cached,disabled-by-baseline
50,hybrid_rag,False,False,False,False,False,0.87,False,False,sentence-transformers:sentence-transformers/all-MiniLM-L6-v2:cached,disabled-by-baseline
51,hybrid_rag,True,True,True,False,False,0.5,True,False,sentence-transformers:sentence-transformers/all-MiniLM-L6-v2:cached,disabled-by-baseline
52,hybrid_rag,True,True,False,True,False,0.8251,False,False,sentence-transformers:sentence-transformers/all-MiniLM-L6-v2:cached,disabled-by-baseline
53,hybrid_rag,True,True,True,False,False,0.9668,True,False,sentence-transformers:sentence-transformers/all-MiniLM-L6-v2:cached,disabled-by-baseline
54,hybrid_rag,True,True,True,False,False,0.9021,True,False,sentence-transformers:sentence-transformers/all-MiniLM-L6-v2:cached,disabled-by-baseline
55,hybrid_rag,True,True,True,False,False,0.5,True,False,sentence-transformers:sentence-transformers/all-MiniLM-L6-v2:cached,disabled-by-baseline
56,hybrid_rag,True,True,False,True,False,0.9575,True,False,sentence-transformers:sentence-transformers/all-MiniLM-L6-v2:cached,disabled-by-baseline
57,hybrid_rag,True,True,False,True,False,0.5,False,False,sentence-transformers:sentence-transformers/all-MiniLM-L6-v2:cached,disabled-by-baseline
58,hybrid_rag,False,False,False,False,False,1.0,False,False,sentence-transformers:sentence-transformers/all-MiniLM-L6-v2:cached,disabled-by-baseline
59,hybrid_rag,False,False,True,False,False,0.6799,False,False,sentence-transformers:sentence-transformers/all-MiniLM-L6-v2:cached,disabled-by-baseline
60,hybrid_rag,False,False,True,False,False,0.7574,True,False,sentence-transformers:sentence-transformers/all-MiniLM-L6-v2:cached,disabled-by-baseline
61,hybrid_rag,True,True,True,False,False,0.9813,True,False,sentence-transformers:sentence-transformers/all-MiniLM-L6-v2:cached,disabled-by-baseline
62,hybrid_rag,True,True,True,False,False,0.6064,True,False,sentence-transformers:sentence-transformers/all-MiniLM-L6-v2:cached,disabled-by-baseline
63,hybrid_rag,False,False,False,False,False,0.7021,True,False,sentence-transformers:sentence-transformers/all-MiniLM-L6-v2:cached,disabled-by-baseline
64,hybrid_rag,False,False,False,False,False,0.9923,True,False,sentence-transformers:sentence-transformers/all-MiniLM-L6-v2:cached,disabled-by-baseline
65,hybrid_rag,True,True,False,True,False,0.55,False,False,sentence-transformers:sentence-transformers/all-MiniLM-L6-v2:cached,disabled-by-baseline
66,hybrid_rag,True,True,False,True,False,0.8961,True,False,sentence-transformers:sentence-transformers/all-MiniLM-L6-v2:cached,disabled-by-baseline
67,hybrid_rag,False,False,False,False,False,0.6222,True,False,sentence-transformers:sentence-transformers/all-MiniLM-L6-v2:cached,disabled-by-baseline
68,hybrid_rag,False,False,True,False,False,0.7188,True,False,sentence-transformers:sentence-transformers/all-MiniLM-L6-v2:cached,disabled-by-baseline
69,hybrid_rag,False,False,False,False,False,0.6341,True,False,sentence-transformers:sentence-transformers/all-MiniLM-L6-v2:cached,disabled-by-baseline
70,hybrid_rag,True,True,True,False,False,0.837,True,False,sentence-transformers:sentence-transformers/all-MiniLM-L6-v2:cached,disabled-by-baseline
71,hybrid_rag,True,True,True,False,False,0.9592,True,False,sentence-transformers:sentence-transformers/all-MiniLM-L6-v2:cached,disabled-by-baseline
72,hybrid_rag,True,True,False,True,False,0.7064,False,False,sentence-transformers:sentence-transformers/all-MiniLM-L6-v2:cached,disabled-by-baseline
73,hybrid_rag,True,True,True,False,False,0.7043,True,False,sentence-transformers:sentence-transformers/all-MiniLM-L6-v2:cached,disabled-by-baseline
74,hybrid_rag,True,True,False,True,False,0.6321,True,False,sentence-transformers:sentence-transformers/all-MiniLM-L6-v2:cached,disabled-by-baseline
75,hybrid_rag,True,True,False,True,False,0.6361,False,False,sentence-transformers:sentence-transformers/all-MiniLM-L6-v2:cached,disabled-by-baseline
76,hybrid_rag,True,True,True,False,False,0.7633,True,False,sentence-transformers:sentence-transformers/all-MiniLM-L6-v2:cached,disabled-by-baseline
77,hybrid_rag,True,True,True,False,False,0.538,True,False,sentence-transformers:sentence-transformers/all-MiniLM-L6-v2:cached,disabled-by-baseline
78,hybrid_rag,True,True,False,True,False,0.55,False,False,sentence-transformers:sentence-transformers/all-MiniLM-L6-v2:cached,disabled-by-baseline
79,hybrid_rag,True,True,False,True,False,0.6057,False,False,sentence-transformers:sentence-transformers/all-MiniLM-L6-v2:cached,disabled-by-baseline
80,hybrid_rag,False,False,False,False,False,0.9762,True,False,sentence-transformers:sentence-transformers/all-MiniLM-L6-v2:cached,disabled-by-baseline
81,hybrid_rag,True,True,True,False,False,0.8927,True,False,sentence-transformers:sentence-transformers/all-MiniLM-L6-v2:cached,disabled-by-baseline
82,hybrid_rag,True,True,False,True,False,0.6793,True,False,sentence-transformers:sentence-transformers/all-MiniLM-L6-v2:cached,disabled-by-baseline
83,hybrid_rag,True,True,True,False,False,0.5,True,False,sentence-transformers:sentence-transformers/all-MiniLM-L6-v2:cached,disabled-by-baseline
84,hybrid_rag,True,True,False,True,False,0.5,False,False,sentence-transformers:sentence-transformers/all-MiniLM-L6-v2:cached,disabled-by-baseline
85,hybrid_rag,False,False,False,False,False,0.5,False,False,sentence-transformers:sentence-transformers/all-MiniLM-L6-v2:cached,disabled-by-baseline
86,hybrid_rag,True,True,False,True,False,0.5773,False,False,sentence-transformers:sentence-transformers/all-MiniLM-L6-v2:cached,disabled-by-baseline
87,hybrid_rag,True,True,False,True,False,0.5,False,False,sentence-transformers:sentence-transformers/all-MiniLM-L6-v2:cached,disabled-by-baseline
88,hybrid_rag,True,True,True,False,False,0.8967,False,False,sentence-transformers:sentence-transformers/all-MiniLM-L6-v2:cached,disabled-by-baseline
89,hybrid_rag,True,True,False,True,False,0.8133,False,False,sentence-transformers:sentence-transformers/all-MiniLM-L6-v2:cached,disabled-by-baseline
90,hybrid_rag,True,True,True,False,False,0.7129,True,False,sentence-transformers:sentence-transformers/all-MiniLM-L6-v2:cached,disabled-by-baseline
91,hybrid_rag,False,False,False,False,False,0.6357,False,False,sentence-transformers:sentence-transformers/all-MiniLM-L6-v2:cached,disabled-by-baseline
92,hybrid_rag,True,True,True,False,False,0.7972,True,False,sentence-transformers:sentence-transformers/all-MiniLM-L6-v2:cached,disabled-by-baseline
93,hybrid_rag,True,True,False,True,False,0.5,False,False,sentence-transformers:sentence-transformers/all-MiniLM-L6-v2:cached,disabled-by-baseline
94,hybrid_rag,False,False,True,False,False,0.8136,False,False,sentence-transformers:sentence-transformers/all-MiniLM-L6-v2:cached,disabled-by-baseline
95,hybrid_rag,True,True,True,False,False,0.6616,True,False,sentence-transformers:sentence-transformers/all-MiniLM-L6-v2:cached,disabled-by-baseline
96,hybrid_rag,True,True,False,True,False,0.7884,True,False,sentence-transformers:sentence-transformers/all-MiniLM-L6-v2:cached,disabled-by-baseline
97,hybrid_rag,False,False,True,False,False,0.7148,True,False,sentence-transformers:sentence-transformers/all-MiniLM-L6-v2:cached,disabled-by-baseline
98,hybrid_rag,False,False,False,False,False,0.55,False,False,sentence-transformers:sentence-transformers/all-MiniLM-L6-v2:cached,disabled-by-baseline
99,hybrid_rag,True,True,False,True,False,0.55,False,False,sentence-transformers:sentence-transformers/all-MiniLM-L6-v2:cached,disabled-by-baseline
100,hybrid_rag,True,True,False,True,False,0.685,False,False,sentence-transformers:sentence-transformers/all-MiniLM-L6-v2:cached,disabled-by-baseline
101,hybrid_rag,True,False,False,False,False,0.8903,True,False,sentence-transformers:sentence-transformers/all-MiniLM-L6-v2:cached,disabled-by-baseline
102,hybrid_rag,True,True,False,True,False,0.9634,True,False,sentence-transformers:sentence-transformers/all-MiniLM-L6-v2:cached,disabled-by-baseline
103,hybrid_rag,True,True,False,True,False,0.5,False,False,sentence-transformers:sentence-transformers/all-MiniLM-L6-v2:cached,disabled-by-baseline
104,hybrid_rag,False,False,False,False,False,0.8197,True,False,sentence-transformers:sentence-transformers/all-MiniLM-L6-v2:cached,disabled-by-baseline
105,hybrid_rag,False,False,False,False,False,0.8835,False,False,sentence-transformers:sentence-transformers/all-MiniLM-L6-v2:cached,disabled-by-baseline
106,hybrid_rag,True,False,False,False,False,0.8547,False,False,sentence-transformers:sentence-transformers/all-MiniLM-L6-v2:cached,disabled-by-baseline
107,hybrid_rag,False,False,False,False,False,0.803,False,False,sentence-transformers:sentence-transformers/all-MiniLM-L6-v2:cached,disabled-by-baseline
108,hybrid_rag,True,True,False,True,False,0.5,False,False,sentence-transformers:sentence-transformers/all-MiniLM-L6-v2:cached,disabled-by-baseline
109,hybrid_rag,True,True,False,True,False,0.8768,False,False,sentence-transformers:sentence-transformers/all-MiniLM-L6-v2:cached,disabled-by-baseline
110,hybrid_rag,True,False,True,False,False,0.8564,True,False,sentence-transformers:sentence-transformers/all-MiniLM-L6-v2:cached,disabled-by-baseline
111,hybrid_rag,False,False,True,False,False,0.7734,True,False,sentence-transformers:sentence-transformers/all-MiniLM-L6-v2:cached,disabled-by-baseline
112,hybrid_rag,True,False,False,False,False,0.5,False,False,sentence-transformers:sentence-transformers/all-MiniLM-L6-v2:cached,disabled-by-baseline
113,hybrid_rag,True,False,False,False,False,0.8953,False,False,sentence-transformers:sentence-transformers/all-MiniLM-L6-v2:cached,disabled-by-baseline
114,hybrid_rag,True,True,False,True,False,0.9284,True,False,sentence-transformers:sentence-transformers/all-MiniLM-L6-v2:cached,disabled-by-baseline
115,hybrid_rag,True,True,False,True,False,0.964,False,False,sentence-transformers:sentence-transformers/all-MiniLM-L6-v2:cached,disabled-by-baseline
116,hybrid_rag,True,False,True,False,False,0.7666,False,False,sentence-transformers:sentence-transformers/all-MiniLM-L6-v2:cached,disabled-by-baseline
117,hybrid_rag,False,False,False,False,False,0.9293,False,False,sentence-transformers:sentence-transformers/all-MiniLM-L6-v2:cached,disabled-by-baseline
118,hybrid_rag,False,False,False,False,False,0.868,True,False,sentence-transformers:sentence-transformers/all-MiniLM-L6-v2:cached,disabled-by-baseline
119,hybrid_rag,True,False,False,False,False,0.9811,True,False,sentence-transformers:sentence-transformers/all-MiniLM-L6-v2:cached,disabled-by-baseline
120,hybrid_rag,True,True,False,True,False,0.5,False,False,sentence-transformers:sentence-transformers/all-MiniLM-L6-v2:cached,disabled-by-baseline
121,hybrid_rag,True,True,False,True,False,0.8249,False,False,sentence-transformers:sentence-transformers/all-MiniLM-L6-v2:cached,disabled-by-baseline
122,hybrid_rag,True,False,False,False,False,0.5612,False,False,sentence-transformers:sentence-transformers/all-MiniLM-L6-v2:cached,disabled-by-baseline
123,hybrid_rag,True,True,False,True,False,0.8382,False,False,sentence-transformers:sentence-transformers/all-MiniLM-L6-v2:cached,disabled-by-baseline
124,hybrid_rag,True,True,False,True,False,0.9504,True,False,sentence-transformers:sentence-transformers/all-MiniLM-L6-v2:cached,disabled-by-baseline
125,hybrid_rag,True,True,False,True,False,0.7395,False,False,sentence-transformers:sentence-transformers/all-MiniLM-L6-v2:cached,disabled-by-baseline
126,hybrid_rag,True,True,False,True,False,0.9663,False,False,sentence-transformers:sentence-transformers/all-MiniLM-L6-v2:cached,disabled-by-baseline
127,hybrid_rag,True,True,False,True,False,0.9078,True,False,sentence-transformers:sentence-transformers/all-MiniLM-L6-v2:cached,disabled-by-baseline
128,hybrid_rag,False,False,True,False,False,0.8558,True,False,sentence-transformers:sentence-transformers/all-MiniLM-L6-v2:cached,disabled-by-baseline
129,hybrid_rag,True,False,True,False,False,0.9469,True,False,sentence-transformers:sentence-transformers/all-MiniLM-L6-v2:cached,disabled-by-baseline
130,hybrid_rag,True,True,True,False,False,0.861,False,False,sentence-transformers:sentence-transformers/all-MiniLM-L6-v2:cached,disabled-by-baseline
131,hybrid_rag,False,False,True,False,False,0.8976,True,False,sentence-transformers:sentence-transformers/all-MiniLM-L6-v2:cached,disabled-by-baseline
132,hybrid_rag,False,False,True,False,False,0.6178,True,False,sentence-transformers:sentence-transformers/all-MiniLM-L6-v2:cached,disabled-by-baseline
133,hybrid_rag,True,False,False,False,False,0.9336,True,False,sentence-transformers:sentence-transformers/all-MiniLM-L6-v2:cached,disabled-by-baseline
134,hybrid_rag,True,False,False,False,False,1.0,False,False,sentence-transformers:sentence-transformers/all-MiniLM-L6-v2:cached,disabled-by-baseline
135,hybrid_rag,False,False,False,False,False,0.7835,True,False,sentence-transformers:sentence-transformers/all-MiniLM-L6-v2:cached,disabled-by-baseline
136,hybrid_rag,True,False,False,False,False,0.9483,False,False,sentence-transformers:sentence-transformers/all-MiniLM-L6-v2:cached,disabled-by-baseline
137,hybrid_rag,True,True,False,True,False,0.9583,True,False,sentence-transformers:sentence-transformers/all-MiniLM-L6-v2:cached,disabled-by-baseline
138,hybrid_rag,True,True,True,False,False,0.9524,False,False,sentence-transformers:sentence-transformers/all-MiniLM-L6-v2:cached,disabled-by-baseline
139,hybrid_rag,True,False,True,False,False,0.9462,True,False,sentence-transformers:sentence-transformers/all-MiniLM-L6-v2:cached,disabled-by-baseline
140,hybrid_rag,True,False,False,False,False,0.5026,True,False,sentence-transformers:sentence-transformers/all-MiniLM-L6-v2:cached,disabled-by-baseline
141,hybrid_rag,False,False,True,False,False,0.7984,True,False,sentence-transformers:sentence-transformers/all-MiniLM-L6-v2:cached,disabled-by-baseline
142,hybrid_rag,True,True,False,True,False,0.7807,False,False,sentence-transformers:sentence-transformers/all-MiniLM-L6-v2:cached,disabled-by-baseline
143,hybrid_rag,False,False,False,False,False,0.8539,False,False,sentence-transformers:sentence-transformers/all-MiniLM-L6-v2:cached,disabled-by-baseline
144,hybrid_rag,True,False,False,False,False,0.9526,False,False,sentence-transformers:sentence-transformers/all-MiniLM-L6-v2:cached,disabled-by-baseline
145,hybrid_rag,True,False,False,False,False,0.7254,False,False,sentence-transformers:sentence-transformers/all-MiniLM-L6-v2:cached,disabled-by-baseline
146,hybrid_rag,True,False,True,False,False,0.8905,True,False,sentence-transformers:sentence-transformers/all-MiniLM-L6-v2:cached,disabled-by-baseline
147,hybrid_rag,True,False,False,False,False,0.9199,False,False,sentence-transformers:sentence-transformers/all-MiniLM-L6-v2:cached,disabled-by-baseline
148,hybrid_rag,True,False,True,False,False,0.5542,True,False,sentence-transformers:sentence-transformers/all-MiniLM-L6-v2:cached,disabled-by-baseline
149,hybrid_rag,False,False,True,False,False,0.83,True,False,sentence-transformers:sentence-transformers/all-MiniLM-L6-v2:cached,disabled-by-baseline
150,hybrid_rag,True,True,False,True,False,0.8494,False,False,sentence-transformers:sentence-transformers/all-MiniLM-L6-v2:cached,disabled-by-baseline
151,hybrid_rag,True,True,False,True,False,0.6153,False,False,sentence-transformers:sentence-transformers/all-MiniLM-L6-v2:cached,disabled-by-baseline
152,hybrid_rag,True,True,False,True,False,0.8498,True,False,sentence-transformers:sentence-transformers/all-MiniLM-L6-v2:cached,disabled-by-baseline
153,hybrid_rag,True,False,True,False,False,0.7339,True,False,sentence-transformers:sentence-transformers/all-MiniLM-L6-v2:cached,disabled-by-baseline
154,hybrid_rag,False,False,False,False,False,0.678,False,False,sentence-transformers:sentence-transformers/all-MiniLM-L6-v2:cached,disabled-by-baseline
155,hybrid_rag,True,True,True,False,False,0.9748,True,False,sentence-transformers:sentence-transformers/all-MiniLM-L6-v2:cached,disabled-by-baseline
156,hybrid_rag,True,False,True,False,False,0.8899,True,False,sentence-transformers:sentence-transformers/all-MiniLM-L6-v2:cached,disabled-by-baseline
157,hybrid_rag,True,True,False,True,False,0.6992,True,False,sentence-transformers:sentence-transformers/all-MiniLM-L6-v2:cached,disabled-by-baseline
158,hybrid_rag,True,True,True,False,False,0.8937,False,False,sentence-transformers:sentence-transformers/all-MiniLM-L6-v2:cached,disabled-by-baseline
159,hybrid_rag,True,False,True,False,False,0.9063,False,False,sentence-transformers:sentence-transformers/all-MiniLM-L6-v2:cached,disabled-by-baseline
160,hybrid_rag,True,False,False,False,False,0.9031,True,False,sentence-transformers:sentence-transformers/all-MiniLM-L6-v2:cached,disabled-by-baseline
161,hybrid_rag,False,False,False,False,False,0.8928,False,False,sentence-transformers:sentence-transformers/all-MiniLM-L6-v2:cached,disabled-by-baseline
162,hybrid_rag,False,False,True,False,False,0.7631,True,False,sentence-transformers:sentence-transformers/all-MiniLM-L6-v2:cached,disabled-by-baseline
163,hybrid_rag,False,False,False,False,False,0.962,True,False,sentence-transformers:sentence-transformers/all-MiniLM-L6-v2:cached,disabled-by-baseline
164,hybrid_rag,False,False,True,False,False,0.796,True,False,sentence-transformers:sentence-transformers/all-MiniLM-L6-v2:cached,disabled-by-baseline
165,hybrid_rag,True,False,False,False,False,0.9677,False,False,sentence-transformers:sentence-transformers/all-MiniLM-L6-v2:cached,disabled-by-baseline
166,hybrid_rag,True,True,False,True,False,0.7587,False,False,sentence-transformers:sentence-transformers/all-MiniLM-L6-v2:cached,disabled-by-baseline
167,hybrid_rag,True,True,True,False,False,0.9648,False,False,sentence-transformers:sentence-transformers/all-MiniLM-L6-v2:cached,disabled-by-baseline
168,hybrid_rag,True,True,False,True,False,0.9825,True,False,sentence-transformers:sentence-transformers/all-MiniLM-L6-v2:cached,disabled-by-baseline
169,hybrid_rag,True,False,False,False,False,0.9489,True,False,sentence-transformers:sentence-transformers/all-MiniLM-L6-v2:cached,disabled-by-baseline
170,hybrid_rag,False,False,False,False,False,0.6671,False,False,sentence-transformers:sentence-transformers/all-MiniLM-L6-v2:cached,disabled-by-baseline
171,hybrid_rag,True,False,False,False,False,0.5351,False,False,sentence-transformers:sentence-transformers/all-MiniLM-L6-v2:cached,disabled-by-baseline
172,hybrid_rag,True,False,True,False,False,0.6105,False,False,sentence-transformers:sentence-transformers/all-MiniLM-L6-v2:cached,disabled-by-baseline
173,hybrid_rag,True,False,True,False,False,0.821,True,False,sentence-transformers:sentence-transformers/all-MiniLM-L6-v2:cached,disabled-by-baseline
174,hybrid_rag,True,False,False,False,False,0.7889,False,False,sentence-transformers:sentence-transformers/all-MiniLM-L6-v2:cached,disabled-by-baseline
175,hybrid_rag,True,True,False,True,False,0.8374,True,False,sentence-transformers:sentence-transformers/all-MiniLM-L6-v2:cached,disabled-by-baseline
176,hybrid_rag,True,True,False,True,False,0.9857,False,False,sentence-transformers:sentence-transformers/all-MiniLM-L6-v2:cached,disabled-by-baseline
177,hybrid_rag,True,False,True,False,False,0.9756,False,False,sentence-transformers:sentence-transformers/all-MiniLM-L6-v2:cached,disabled-by-baseline
178,hybrid_rag,True,False,False,False,False,0.5,False,False,sentence-transformers:sentence-transformers/all-MiniLM-L6-v2:cached,disabled-by-baseline
179,hybrid_rag,True,False,False,False,False,0.7974,False,False,sentence-transformers:sentence-transformers/all-MiniLM-L6-v2:cached,disabled-by-baseline
180,hybrid_rag,True,True,False,True,False,0.746,False,False,sentence-transformers:sentence-transformers/all-MiniLM-L6-v2:cached,disabled-by-baseline
181,hybrid_rag,False,False,False,False,False,0.9367,True,False,sentence-transformers:sentence-transformers/all-MiniLM-L6-v2:cached,disabled-by-baseline
182,hybrid_rag,True,False,True,False,False,0.9626,True,False,sentence-transformers:sentence-transformers/all-MiniLM-L6-v2:cached,disabled-by-baseline
183,hybrid_rag,True,True,False,True,False,0.9402,True,False,sentence-transformers:sentence-transformers/all-MiniLM-L6-v2:cached,disabled-by-baseline
184,hybrid_rag,True,False,False,False,False,0.8921,False,False,sentence-transformers:sentence-transformers/all-MiniLM-L6-v2:cached,disabled-by-baseline
185,hybrid_rag,True,True,False,True,False,0.6059,False,False,sentence-transformers:sentence-transformers/all-MiniLM-L6-v2:cached,disabled-by-baseline
186,hybrid_rag,True,False,False,False,False,0.9569,False,False,sentence-transformers:sentence-transformers/all-MiniLM-L6-v2:cached,disabled-by-baseline
187,hybrid_rag,True,False,False,False,False,0.909,False,False,sentence-transformers:sentence-transformers/all-MiniLM-L6-v2:cached,disabled-by-baseline
188,hybrid_rag,True,True,False,True,False,0.8914,False,False,sentence-transformers:sentence-transformers/all-MiniLM-L6-v2:cached,disabled-by-baseline
189,hybrid_rag,True,True,True,False,False,0.7724,True,False,sentence-transformers:sentence-transformers/all-MiniLM-L6-v2:cached,disabled-by-baseline
190,hybrid_rag,False,False,True,False,False,0.844,True,False,sentence-transformers:sentence-transformers/all-MiniLM-L6-v2:cached,disabled-by-baseline
191,hybrid_rag,True,False,False,False,False,1.0,False,False,sentence-transformers:sentence-transformers/all-MiniLM-L6-v2:cached,disabled-by-baseline
192,hybrid_rag,True,True,False,True,False,0.7801,False,False,sentence-transformers:sentence-transformers/all-MiniLM-L6-v2:cached,disabled-by-baseline
193,hybrid_rag,True,False,False,False,False,0.9618,True,False,sentence-transformers:sentence-transformers/all-MiniLM-L6-v2:cached,disabled-by-baseline
194,hybrid_rag,False,False,True,False,False,0.9046,True,False,sentence-transformers:sentence-transformers/all-MiniLM-L6-v2:cached,disabled-by-baseline
195,hybrid_rag,True,False,False,False,False,0.5,False,False,sentence-transformers:sentence-transformers/all-MiniLM-L6-v2:cached,disabled-by-baseline
196,hybrid_rag,True,True,False,True,False,0.5,False,False,sentence-transformers:sentence-transformers/all-MiniLM-L6-v2:cached,disabled-by-baseline
197,hybrid_rag,True,False,False,False,False,1.0,False,False,sentence-transformers:sentence-transformers/all-MiniLM-L6-v2:cached,disabled-by-baseline
198,hybrid_rag,False,False,True,False,False,0.5318,True,False,sentence-transformers:sentence-transformers/all-MiniLM-L6-v2:cached,disabled-by-baseline
199,hybrid_rag,False,False,True,False,False,0.5794,True,False,sentence-transformers:sentence-transformers/all-MiniLM-L6-v2:cached,disabled-by-baseline
200,hybrid_rag,True,True,False,True,False,0.7461,False,False,sentence-transformers:sentence-transformers/all-MiniLM-L6-v2:cached,disabled-by-baseline
201,hybrid_rag,False,False,False,False,False,0.91,True,False,sentence-transformers:sentence-transformers/all-MiniLM-L6-v2:cached,disabled-by-baseline
202,hybrid_rag,True,True,False,True,False,0.8971,False,False,sentence-transformers:sentence-transformers/all-MiniLM-L6-v2:cached,disabled-by-baseline
203,hybrid_rag,True,True,True,False,False,0.8639,False,False,sentence-transformers:sentence-transformers/all-MiniLM-L6-v2:cached,disabled-by-baseline
204,hybrid_rag,True,False,True,False,False,0.7043,True,False,sentence-transformers:sentence-transformers/all-MiniLM-L6-v2:cached,disabled-by-baseline
205,hybrid_rag,False,False,False,False,False,0.8514,False,False,sentence-transformers:sentence-transformers/all-MiniLM-L6-v2:cached,disabled-by-baseline
206,hybrid_rag,True,False,False,False,False,0.8491,True,False,sentence-transformers:sentence-transformers/all-MiniLM-L6-v2:cached,disabled-by-baseline
207,hybrid_rag,True,False,True,False,False,0.9755,True,False,sentence-transformers:sentence-transformers/all-MiniLM-L6-v2:cached,disabled-by-baseline
208,hybrid_rag,False,False,False,False,False,0.8126,False,False,sentence-transformers:sentence-transformers/all-MiniLM-L6-v2:cached,disabled-by-baseline
209,hybrid_rag,True,False,True,False,False,0.9642,True,False,sentence-transformers:sentence-transformers/all-MiniLM-L6-v2:cached,disabled-by-baseline
210,hybrid_rag,True,True,False,True,False,0.5,False,False,sentence-transformers:sentence-transformers/all-MiniLM-L6-v2:cached,disabled-by-baseline
211,hybrid_rag,True,True,False,True,False,0.5789,True,False,sentence-transformers:sentence-transformers/all-MiniLM-L6-v2:cached,disabled-by-baseline
212,hybrid_rag,True,False,True,False,False,0.4748,False,False,sentence-transformers:sentence-transformers/all-MiniLM-L6-v2:cached,disabled-by-baseline
213,hybrid_rag,False,False,False,False,False,0.9779,True,False,sentence-transformers:sentence-transformers/all-MiniLM-L6-v2:cached,disabled-by-baseline
214,hybrid_rag,True,False,False,False,False,0.9028,True,False,sentence-transformers:sentence-transformers/all-MiniLM-L6-v2:cached,disabled-by-baseline
215,hybrid_rag,True,False,False,False,False,0.9335,False,False,sentence-transformers:sentence-transformers/all-MiniLM-L6-v2:cached,disabled-by-baseline
216,hybrid_rag,True,False,False,False,False,0.5,False,False,sentence-transformers:sentence-transformers/all-MiniLM-L6-v2:cached,disabled-by-baseline
217,hybrid_rag,True,False,False,False,False,0.5,False,False,sentence-transformers:sentence-transformers/all-MiniLM-L6-v2:cached,disabled-by-baseline
218,hybrid_rag,False,False,False,False,False,0.983,True,False,sentence-transformers:sentence-transformers/all-MiniLM-L6-v2:cached,disabled-by-baseline
219,hybrid_rag,False,False,False,False,False,0.538,False,False,sentence-transformers:sentence-transformers/all-MiniLM-L6-v2:cached,disabled-by-baseline
220,hybrid_rag,True,True,False,True,False,0.8674,False,False,sentence-transformers:sentence-transformers/all-MiniLM-L6-v2:cached,disabled-by-baseline
221,hybrid_rag,True,False,False,False,False,0.8469,True,False,sentence-transformers:sentence-transformers/all-MiniLM-L6-v2:cached,disabled-by-baseline
222,hybrid_rag,True,False,False,False,False,0.7681,False,False,sentence-transformers:sentence-transformers/all-MiniLM-L6-v2:cached,disabled-by-baseline
223,hybrid_rag,True,False,False,False,False,0.6765,True,False,sentence-transformers:sentence-transformers/all-MiniLM-L6-v2:cached,disabled-by-baseline
224,hybrid_rag,False,False,False,False,False,0.5348,True,False,sentence-transformers:sentence-transformers/all-MiniLM-L6-v2:cached,disabled-by-baseline
225,hybrid_rag,True,False,True,False,False,0.9705,True,False,sentence-transformers:sentence-transformers/all-MiniLM-L6-v2:cached,disabled-by-baseline
226,hybrid_rag,True,False,False,False,False,0.9103,False,False,sentence-transformers:sentence-transformers/all-MiniLM-L6-v2:cached,disabled-by-baseline
227,hybrid_rag,False,False,True,False,False,0.9362,False,False,sentence-transformers:sentence-transformers/all-MiniLM-L6-v2:cached,disabled-by-baseline
228,hybrid_rag,False,False,False,False,False,0.5558,False,False,sentence-transformers:sentence-transformers/all-MiniLM-L6-v2:cached,disabled-by-baseline
229,hybrid_rag,True,False,True,False,False,0.9927,True,False,sentence-transformers:sentence-transformers/all-MiniLM-L6-v2:cached,disabled-by-baseline
230,hybrid_rag,True,False,False,False,False,0.5517,False,False,sentence-transformers:sentence-transformers/all-MiniLM-L6-v2:cached,disabled-by-baseline
231,hybrid_rag,True,False,False,False,False,1.0,False,False,sentence-transformers:sentence-transformers/all-MiniLM-L6-v2:cached,disabled-by-baseline
232,hybrid_rag,False,False,False,False,False,0.8771,False,False,sentence-transformers:sentence-transformers/all-MiniLM-L6-v2:cached,disabled-by-baseline
233,hybrid_rag,True,False,False,False,False,0.6717,True,False,sentence-transformers:sentence-transformers/all-MiniLM-L6-v2:cached,disabled-by-baseline
234,hybrid_rag,True,False,False,False,False,0.904,True,False,sentence-transformers:sentence-transformers/all-MiniLM-L6-v2:cached,disabled-by-baseline
235,hybrid_rag,True,False,False,False,False,0.908,False,False,sentence-transformers:sentence-transformers/all-MiniLM-L6-v2:cached,disabled-by-baseline
236,hybrid_rag,True,False,True,False,False,0.9019,False,False,sentence-transformers:sentence-transformers/all-MiniLM-L6-v2:cached,disabled-by-baseline
237,hybrid_rag,True,True,False,True,False,0.7432,False,False,sentence-transformers:sentence-transformers/all-MiniLM-L6-v2:cached,disabled-by-baseline
238,hybrid_rag,True,False,False,False,False,0.6413,True,False,sentence-transformers:sentence-transformers/all-MiniLM-L6-v2:cached,disabled-by-baseline
239,hybrid_rag,True,True,False,True,False,0.5,False,False,sentence-transformers:sentence-transformers/all-MiniLM-L6-v2:cached,disabled-by-baseline
240,hybrid_rag,True,False,True,False,False,0.8746,True,False,sentence-transformers:sentence-transformers/all-MiniLM-L6-v2:cached,disabled-by-baseline
241,hybrid_rag,False,False,True,False,False,0.7718,True,False,sentence-transformers:sentence-transformers/all-MiniLM-L6-v2:cached,disabled-by-baseline
242,hybrid_rag,True,True,True,False,False,0.8053,False,False,sentence-transformers:sentence-transformers/all-MiniLM-L6-v2:cached,disabled-by-baseline
243,hybrid_rag,True,True,False,True,False,0.5,False,False,sentence-transformers:sentence-transformers/all-MiniLM-L6-v2:cached,disabled-by-baseline
244,hybrid_rag,True,True,False,True,False,0.8058,False,False,sentence-transformers:sentence-transformers/all-MiniLM-L6-v2:cached,disabled-by-baseline
245,hybrid_rag,True,True,False,True,False,0.9515,False,False,sentence-transformers:sentence-transformers/all-MiniLM-L6-v2:cached,disabled-by-baseline
246,hybrid_rag,True,False,False,False,False,0.8918,False,False,sentence-transformers:sentence-transformers/all-MiniLM-L6-v2:cached,disabled-by-baseline
247,hybrid_rag,True,False,False,False,False,0.8172,False,False,sentence-transformers:sentence-transformers/all-MiniLM-L6-v2:cached,disabled-by-baseline
248,hybrid_rag,True,True,False,True,False,0.7822,False,False,sentence-transformers:sentence-transformers/all-MiniLM-L6-v2:cached,disabled-by-baseline
249,hybrid_rag,True,False,True,False,False,0.6518,False,False,sentence-transformers:sentence-transformers/all-MiniLM-L6-v2:cached,disabled-by-baseline
250,hybrid_rag,True,True,False,True,False,0.8536,True,False,sentence-transformers:sentence-transformers/all-MiniLM-L6-v2:cached,disabled-by-baseline
251,hybrid_rag,True,True,False,True,False,0.8159,False,False,sentence-transformers:sentence-transformers/all-MiniLM-L6-v2:cached,disabled-by-baseline
252,hybrid_rag,True,False,True,False,False,0.7081,True,False,sentence-transformers:sentence-transformers/all-MiniLM-L6-v2:cached,disabled-by-baseline
253,hybrid_rag,True,False,False,False,False,0.9578,True,False,sentence-transformers:sentence-transformers/all-MiniLM-L6-v2:cached,disabled-by-baseline
254,hybrid_rag,True,False,True,False,False,0.9527,True,False,sentence-transformers:sentence-transformers/all-MiniLM-L6-v2:cached,disabled-by-baseline
255,hybrid_rag,True,True,False,True,False,0.9482,False,False,sentence-transformers:sentence-transformers/all-MiniLM-L6-v2:cached,disabled-by-baseline
256,hybrid_rag,True,False,True,False,False,0.979,True,False,sentence-transformers:sentence-transformers/all-MiniLM-L6-v2:cached,disabled-by-baseline
257,hybrid_rag,False,False,False,False,False,0.5702,False,False,sentence-transformers:sentence-transformers/all-MiniLM-L6-v2:cached,disabled-by-baseline
258,hybrid_rag,True,False,True,False,False,0.8431,True,False,sentence-transformers:sentence-transformers/all-MiniLM-L6-v2:cached,disabled-by-baseline
259,hybrid_rag,True,False,False,False,False,1.0,False,False,sentence-transformers:sentence-transformers/all-MiniLM-L6-v2:cached,disabled-by-baseline
260,hybrid_rag,True,True,False,True,False,0.5,False,False,sentence-transformers:sentence-transformers/all-MiniLM-L6-v2:cached,disabled-by-baseline
261,hybrid_rag,True,False,True,False,False,0.9671,True,False,sentence-transformers:sentence-transformers/all-MiniLM-L6-v2:cached,disabled-by-baseline
262,hybrid_rag,True,True,False,True,False,0.8543,False,False,sentence-transformers:sentence-transformers/all-MiniLM-L6-v2:cached,disabled-by-baseline
263,hybrid_rag,True,False,False,False,False,0.9685,True,False,sentence-transformers:sentence-transformers/all-MiniLM-L6-v2:cached,disabled-by-baseline
264,hybrid_rag,True,False,True,False,False,0.8212,False,False,sentence-transformers:sentence-transformers/all-MiniLM-L6-v2:cached,disabled-by-baseline
265,hybrid_rag,True,True,True,False,False,0.9538,False,False,sentence-transformers:sentence-transformers/all-MiniLM-L6-v2:cached,disabled-by-baseline
266,hybrid_rag,False,False,False,False,False,0.8843,True,False,sentence-transformers:sentence-transformers/all-MiniLM-L6-v2:cached,disabled-by-baseline
267,hybrid_rag,True,True,False,True,False,0.9125,True,False,sentence-transformers:sentence-transformers/all-MiniLM-L6-v2:cached,disabled-by-baseline
268,hybrid_rag,True,True,False,True,False,0.9594,False,False,sentence-transformers:sentence-transformers/all-MiniLM-L6-v2:cached,disabled-by-baseline
269,hybrid_rag,False,False,True,False,False,0.8414,False,False,sentence-transformers:sentence-transformers/all-MiniLM-L6-v2:cached,disabled-by-baseline
270,hybrid_rag,True,True,False,True,False,0.9664,False,False,sentence-transformers:sentence-transformers/all-MiniLM-L6-v2:cached,disabled-by-baseline
271,hybrid_rag,True,False,False,False,False,0.7921,True,False,sentence-transformers:sentence-transformers/all-MiniLM-L6-v2:cached,disabled-by-baseline
272,hybrid_rag,True,True,False,True,False,0.8955,False,False,sentence-transformers:sentence-transformers/all-MiniLM-L6-v2:cached,disabled-by-baseline
273,hybrid_rag,True,False,False,False,False,0.8397,False,False,sentence-transformers:sentence-transformers/all-MiniLM-L6-v2:cached,disabled-by-baseline
274,hybrid_rag,True,False,False,False,False,0.5762,False,False,sentence-transformers:sentence-transformers/all-MiniLM-L6-v2:cached,disabled-by-baseline
275,hybrid_rag,True,True,False,True,False,0.8385,False,False,sentence-transformers:sentence-transformers/all-MiniLM-L6-v2:cached,disabled-by-baseline
276,hybrid_rag,True,False,True,False,False,0.8871,False,False,sentence-transformers:sentence-transformers/all-MiniLM-L6-v2:cached,disabled-by-baseline
277,hybrid_rag,True,False,False,False,False,0.9698,False,False,sentence-transformers:sentence-transformers/all-MiniLM-L6-v2:cached,disabled-by-baseline
278,hybrid_rag,True,False,True,False,False,0.9378,True,False,sentence-transformers:sentence-transformers/all-MiniLM-L6-v2:cached,disabled-by-baseline
279,hybrid_rag,False,False,False,False,False,0.9821,False,False,sentence-transformers:sentence-transformers/all-MiniLM-L6-v2:cached,disabled-by-baseline
280,hybrid_rag,True,False,False,False,False,0.7887,False,False,sentence-transformers:sentence-transformers/all-MiniLM-L6-v2:cached,disabled-by-baseline
281,hybrid_rag,True,False,False,False,False,0.8743,False,False,sentence-transformers:sentence-transformers/all-MiniLM-L6-v2:cached,disabled-by-baseline
282,hybrid_rag,True,True,False,True,False,0.886,True,False,sentence-transformers:sentence-transformers/all-MiniLM-L6-v2:cached,disabled-by-baseline
283,hybrid_rag,True,False,True,False,False,0.9143,True,False,sentence-transformers:sentence-transformers/all-MiniLM-L6-v2:cached,disabled-by-baseline
284,hybrid_rag,True,False,True,False,False,0.9323,True,False,sentence-transformers:sentence-transformers/all-MiniLM-L6-v2:cached,disabled-by-baseline
285,hybrid_rag,False,False,False,False,False,0.9125,True,False,sentence-transformers:sentence-transformers/all-MiniLM-L6-v2:cached,disabled-by-baseline
286,hybrid_rag,True,False,False,False,False,0.9149,False,False,sentence-transformers:sentence-transformers/all-MiniLM-L6-v2:cached,disabled-by-baseline
287,hybrid_rag,True,False,False,False,False,0.8864,True,False,sentence-transformers:sentence-transformers/all-MiniLM-L6-v2:cached,disabled-by-baseline
288,hybrid_rag,False,False,True,False,False,0.8088,True,False,sentence-transformers:sentence-transformers/all-MiniLM-L6-v2:cached,disabled-by-baseline
289,hybrid_rag,True,False,False,False,False,0.8943,True,False,sentence-transformers:sentence-transformers/all-MiniLM-L6-v2:cached,disabled-by-baseline
290,hybrid_rag,True,False,True,False,False,0.8337,False,False,sentence-transformers:sentence-transformers/all-MiniLM-L6-v2:cached,disabled-by-baseline
291,hybrid_rag,True,False,True,False,False,0.622,True,False,sentence-transformers:sentence-transformers/all-MiniLM-L6-v2:cached,disabled-by-baseline
292,hybrid_rag,True,True,False,True,False,0.8828,False,False,sentence-transformers:sentence-transformers/all-MiniLM-L6-v2:cached,disabled-by-baseline
293,hybrid_rag,True,False,False,False,False,0.5,False,False,sentence-transformers:sentence-transformers/all-MiniLM-L6-v2:cached,disabled-by-baseline
294,hybrid_rag,True,False,True,False,False,0.8495,True,False,sentence-transformers:sentence-transformers/all-MiniLM-L6-v2:cached,disabled-by-baseline
295,hybrid_rag,False,False,False,False,False,0.9864,True,False,sentence-transformers:sentence-transformers/all-MiniLM-L6-v2:cached,disabled-by-baseline
296,hybrid_rag,True,False,True,False,False,0.8704,True,False,sentence-transformers:sentence-transformers/all-MiniLM-L6-v2:cached,disabled-by-baseline
297,hybrid_rag,True,False,True,False,False,0.9859,True,False,sentence-transformers:sentence-transformers/all-MiniLM-L6-v2:cached,disabled-by-baseline
298,hybrid_rag,True,False,False,False,False,0.8341,True,False,sentence-transformers:sentence-transformers/all-MiniLM-L6-v2:cached,disabled-by-baseline
299,hybrid_rag,True,False,False,False,False,0.984,False,False,sentence-transformers:sentence-transformers/all-MiniLM-L6-v2:cached,disabled-by-baseline
300,hybrid_rag,True,False,False,False,False,0.9379,True,False,sentence-transformers:sentence-transformers/all-MiniLM-L6-v2:cached,disabled-by-baseline
301,hybrid_rag,False,False,False,False,False,0.7978,False,False,sentence-transformers:sentence-transformers/all-MiniLM-L6-v2:cached,disabled-by-baseline
302,hybrid_rag,True,False,False,False,False,0.9245,False,False,sentence-transformers:sentence-transformers/all-MiniLM-L6-v2:cached,disabled-by-baseline
303,hybrid_rag,True,False,False,False,False,0.8663,True,False,sentence-transformers:sentence-transformers/all-MiniLM-L6-v2:cached,disabled-by-baseline
304,hybrid_rag,True,False,False,False,False,0.8536,False,False,sentence-transformers:sentence-transformers/all-MiniLM-L6-v2:cached,disabled-by-baseline
305,hybrid_rag,True,False,False,False,False,0.9136,False,False,sentence-transformers:sentence-transformers/all-MiniLM-L6-v2:cached,disabled-by-baseline
306,hybrid_rag,True,False,False,False,False,0.9387,False,False,sentence-transformers:sentence-transformers/all-MiniLM-L6-v2:cached,disabled-by-baseline
307,hybrid_rag,True,False,False,False,False,0.941,True,False,sentence-transformers:sentence-transformers/all-MiniLM-L6-v2:cached,disabled-by-baseline
308,hybrid_rag,False,False,False,False,False,0.9137,True,False,sentence-transformers:sentence-transformers/all-MiniLM-L6-v2:cached,disabled-by-baseline
309,hybrid_rag,True,False,False,False,False,0.8021,True,False,sentence-transformers:sentence-transformers/all-MiniLM-L6-v2:cached,disabled-by-baseline
310,hybrid_rag,True,False,False,False,False,0.9632,False,False,sentence-transformers:sentence-transformers/all-MiniLM-L6-v2:cached,disabled-by-baseline
311,hybrid_rag,True,False,False,False,False,0.7641,False,False,sentence-transformers:sentence-transformers/all-MiniLM-L6-v2:cached,disabled-by-baseline
312,hybrid_rag,True,False,False,False,False,0.7557,False,False,sentence-transformers:sentence-transformers/all-MiniLM-L6-v2:cached,disabled-by-baseline
313,hybrid_rag,True,False,True,False,False,0.6798,True,False,sentence-transformers:sentence-transformers/all-MiniLM-L6-v2:cached,disabled-by-baseline
314,hybrid_rag,False,False,False,False,False,0.9642,True,False,sentence-transformers:sentence-transformers/all-MiniLM-L6-v2:cached,disabled-by-baseline
315,hybrid_rag,True,False,False,False,False,0.5,False,False,sentence-transformers:sentence-transformers/all-MiniLM-L6-v2:cached,disabled-by-baseline
316,hybrid_rag,True,False,False,False,False,0.6425,False,False,sentence-transformers:sentence-transformers/all-MiniLM-L6-v2:cached,disabled-by-baseline
317,hybrid_rag,True,False,False,False,False,0.8849,False,False,sentence-transformers:sentence-transformers/all-MiniLM-L6-v2:cached,disabled-by-baseline
318,hybrid_rag,True,False,True,False,False,0.9667,False,False,sentence-transformers:sentence-transformers/all-MiniLM-L6-v2:cached,disabled-by-baseline
319,hybrid_rag,True,False,False,False,False,0.9554,False,False,sentence-transformers:sentence-transformers/all-MiniLM-L6-v2:cached,disabled-by-baseline
320,hybrid_rag,True,False,False,False,False,0.7598,False,False,sentence-transformers:sentence-transformers/all-MiniLM-L6-v2:cached,disabled-by-baseline
321,hybrid_rag,True,False,False,False,False,0.8026,False,False,sentence-transformers:sentence-transformers/all-MiniLM-L6-v2:cached,disabled-by-baseline
322,hybrid_rag,True,False,True,False,False,0.8264,True,False,sentence-transformers:sentence-transformers/all-MiniLM-L6-v2:cached,disabled-by-baseline
323,hybrid_rag,True,False,False,False,False,0.9474,True,False,sentence-transformers:sentence-transformers/all-MiniLM-L6-v2:cached,disabled-by-baseline
324,hybrid_rag,True,False,True,False,False,0.591,True,False,sentence-transformers:sentence-transformers/all-MiniLM-L6-v2:cached,disabled-by-baseline
325,hybrid_rag,True,False,True,False,False,0.7569,True,False,sentence-transformers:sentence-transformers/all-MiniLM-L6-v2:cached,disabled-by-baseline
326,hybrid_rag,True,False,False,False,False,0.6651,False,False,sentence-transformers:sentence-transformers/all-MiniLM-L6-v2:cached,disabled-by-baseline
327,hybrid_rag,True,False,False,False,False,0.7981,False,False,sentence-transformers:sentence-transformers/all-MiniLM-L6-v2:cached,disabled-by-baseline
328,hybrid_rag,True,False,False,False,False,0.8515,True,False,sentence-transformers:sentence-transformers/all-MiniLM-L6-v2:cached,disabled-by-baseline
329,hybrid_rag,True,False,False,False,False,0.9753,True,False,sentence-transformers:sentence-transformers/all-MiniLM-L6-v2:cached,disabled-by-baseline
330,hybrid_rag,True,False,False,False,False,0.5402,False,False,sentence-transformers:sentence-transformers/all-MiniLM-L6-v2:cached,disabled-by-baseline
331,hybrid_rag,True,False,False,False,False,0.8409,True,False,sentence-transformers:sentence-transformers/all-MiniLM-L6-v2:cached,disabled-by-baseline
332,hybrid_rag,True,False,False,False,False,0.9128,False,False,sentence-transformers:sentence-transformers/all-MiniLM-L6-v2:cached,disabled-by-baseline
333,hybrid_rag,True,False,False,False,False,0.9502,False,False,sentence-transformers:sentence-transformers/all-MiniLM-L6-v2:cached,disabled-by-baseline
334,hybrid_rag,True,False,True,False,False,0.874,True,False,sentence-transformers:sentence-transformers/all-MiniLM-L6-v2:cached,disabled-by-baseline
335,hybrid_rag,True,False,False,False,False,0.8233,False,False,sentence-transformers:sentence-transformers/all-MiniLM-L6-v2:cached,disabled-by-baseline
336,hybrid_rag,True,False,False,False,False,0.8531,False,False,sentence-transformers:sentence-transformers/all-MiniLM-L6-v2:cached,disabled-by-baseline
337,hybrid_rag,True,False,False,False,False,0.9073,False,False,sentence-transformers:sentence-transformers/all-MiniLM-L6-v2:cached,disabled-by-baseline
338,hybrid_rag,False,False,True,False,False,0.8732,True,False,sentence-transformers:sentence-transformers/all-MiniLM-L6-v2:cached,disabled-by-baseline
339,hybrid_rag,False,False,False,False,False,0.9447,False,False,sentence-transformers:sentence-transformers/all-MiniLM-L6-v2:cached,disabled-by-baseline
340,hybrid_rag,True,False,False,False,False,0.9028,False,False,sentence-transformers:sentence-transformers/all-MiniLM-L6-v2:cached,disabled-by-baseline
341,hybrid_rag,True,False,False,False,False,0.9478,False,False,sentence-transformers:sentence-transformers/all-MiniLM-L6-v2:cached,disabled-by-baseline
342,hybrid_rag,False,False,True,False,False,0.9327,True,False,sentence-transformers:sentence-transformers/all-MiniLM-L6-v2:cached,disabled-by-baseline
343,hybrid_rag,True,False,False,False,False,0.8952,False,False,sentence-transformers:sentence-transformers/all-MiniLM-L6-v2:cached,disabled-by-baseline
344,hybrid_rag,True,True,False,True,False,0.5585,False,False,sentence-transformers:sentence-transformers/all-MiniLM-L6-v2:cached,disabled-by-baseline
345,hybrid_rag,True,False,True,False,False,0.831,True,False,sentence-transformers:sentence-transformers/all-MiniLM-L6-v2:cached,disabled-by-baseline
346,hybrid_rag,True,False,True,False,False,0.9676,True,False,sentence-transformers:sentence-transformers/all-MiniLM-L6-v2:cached,disabled-by-baseline
347,hybrid_rag,True,False,False,False,False,0.5723,False,False,sentence-transformers:sentence-transformers/all-MiniLM-L6-v2:cached,disabled-by-baseline
348,hybrid_rag,True,False,False,False,False,0.7497,False,False,sentence-transformers:sentence-transformers/all-MiniLM-L6-v2:cached,disabled-by-baseline
349,hybrid_rag,False,False,False,False,False,0.8921,True,False,sentence-transformers:sentence-transformers/all-MiniLM-L6-v2:cached,disabled-by-baseline
350,hybrid_rag,False,False,True,False,False,0.9612,True,False,sentence-transformers:sentence-transformers/all-MiniLM-L6-v2:cached,disabled-by-baseline
351,hybrid_rag,True,False,False,False,False,0.9213,True,False,sentence-transformers:sentence-transformers/all-MiniLM-L6-v2:cached,disabled-by-baseline
352,hybrid_rag,True,False,False,False,False,0.7246,False,False,sentence-transformers:sentence-transformers/all-MiniLM-L6-v2:cached,disabled-by-baseline
353,hybrid_rag,True,False,False,False,False,0.894,False,False,sentence-transformers:sentence-transformers/all-MiniLM-L6-v2:cached,disabled-by-baseline
354,hybrid_rag,True,False,False,False,False,0.9791,False,False,sentence-transformers:sentence-transformers/all-MiniLM-L6-v2:cached,disabled-by-baseline
355,hybrid_rag,True,False,False,False,False,0.8744,False,False,sentence-transformers:sentence-transformers/all-MiniLM-L6-v2:cached,disabled-by-baseline
356,hybrid_rag,True,False,True,False,False,0.7319,True,False,sentence-transformers:sentence-transformers/all-MiniLM-L6-v2:cached,disabled-by-baseline
357,hybrid_rag,True,False,False,False,False,0.5478,True,False,sentence-transformers:sentence-transformers/all-MiniLM-L6-v2:cached,disabled-by-baseline
358,hybrid_rag,True,False,True,False,False,0.9054,True,False,sentence-transformers:sentence-transformers/all-MiniLM-L6-v2:cached,disabled-by-baseline
359,hybrid_rag,True,False,False,False,False,0.9275,True,False,sentence-transformers:sentence-transformers/all-MiniLM-L6-v2:cached,disabled-by-baseline
360,hybrid_rag,False,False,False,False,False,0.7623,False,False,sentence-transformers:sentence-transformers/all-MiniLM-L6-v2:cached,disabled-by-baseline
361,hybrid_rag,True,False,False,False,False,0.9584,False,False,sentence-transformers:sentence-transformers/all-MiniLM-L6-v2:cached,disabled-by-baseline
362,hybrid_rag,True,False,False,False,False,0.9129,True,False,sentence-transformers:sentence-transformers/all-MiniLM-L6-v2:cached,disabled-by-baseline
363,hybrid_rag,True,False,True,False,False,0.8959,False,False,sentence-transformers:sentence-transformers/all-MiniLM-L6-v2:cached,disabled-by-baseline
364,hybrid_rag,True,False,False,False,False,0.8663,True,False,sentence-transformers:sentence-transformers/all-MiniLM-L6-v2:cached,disabled-by-baseline
365,hybrid_rag,False,False,False,False,False,0.9091,False,False,sentence-transformers:sentence-transformers/all-MiniLM-L6-v2:cached,disabled-by-baseline
366,hybrid_rag,True,False,False,False,False,0.6672,False,False,sentence-transformers:sentence-transformers/all-MiniLM-L6-v2:cached,disabled-by-baseline
367,hybrid_rag,True,False,False,False,False,0.8938,True,False,sentence-transformers:sentence-transformers/all-MiniLM-L6-v2:cached,disabled-by-baseline
368,hybrid_rag,True,False,False,False,False,0.7967,False,False,sentence-transformers:sentence-transformers/all-MiniLM-L6-v2:cached,disabled-by-baseline
369,hybrid_rag,True,False,False,False,False,0.747,True,False,sentence-transformers:sentence-transformers/all-MiniLM-L6-v2:cached,disabled-by-baseline
370,hybrid_rag,True,False,False,False,False,0.8363,True,False,sentence-transformers:sentence-transformers/all-MiniLM-L6-v2:cached,disabled-by-baseline
371,hybrid_rag,True,False,False,False,False,0.7975,False,False,sentence-transformers:sentence-transformers/all-MiniLM-L6-v2:cached,disabled-by-baseline
372,hybrid_rag,True,False,False,False,False,0.8846,False,False,sentence-transformers:sentence-transformers/all-MiniLM-L6-v2:cached,disabled-by-baseline
373,hybrid_rag,True,False,False,False,False,0.6816,False,False,sentence-transformers:sentence-transformers/all-MiniLM-L6-v2:cached,disabled-by-baseline
374,hybrid_rag,True,False,False,False,False,0.8043,False,False,sentence-transformers:sentence-transformers/all-MiniLM-L6-v2:cached,disabled-by-baseline
375,hybrid_rag,True,False,False,False,False,0.8171,True,False,sentence-transformers:sentence-transformers/all-MiniLM-L6-v2:cached,disabled-by-baseline
376,hybrid_rag,True,False,True,False,False,0.9807,True,False,sentence-transformers:sentence-transformers/all-MiniLM-L6-v2:cached,disabled-by-baseline
377,hybrid_rag,True,False,False,False,False,0.9385,True,False,sentence-transformers:sentence-transformers/all-MiniLM-L6-v2:cached,disabled-by-baseline
378,hybrid_rag,True,False,False,False,False,0.862,False,False,sentence-transformers:sentence-transformers/all-MiniLM-L6-v2:cached,disabled-by-baseline
379,hybrid_rag,True,False,False,False,False,0.7916,False,False,sentence-transformers:sentence-transformers/all-MiniLM-L6-v2:cached,disabled-by-baseline
380,hybrid_rag,True,False,False,False,False,0.9105,False,False,sentence-transformers:sentence-transformers/all-MiniLM-L6-v2:cached,disabled-by-baseline
381,hybrid_rag,True,False,False,False,False,0.9236,True,False,sentence-transformers:sentence-transformers/all-MiniLM-L6-v2:cached,disabled-by-baseline
382,hybrid_rag,True,False,True,False,False,0.7815,True,False,sentence-transformers:sentence-transformers/all-MiniLM-L6-v2:cached,disabled-by-baseline
383,hybrid_rag,False,False,True,False,False,0.881,False,False,sentence-transformers:sentence-transformers/all-MiniLM-L6-v2:cached,disabled-by-baseline
384,hybrid_rag,False,False,True,False,False,0.9133,False,False,sentence-transformers:sentence-transformers/all-MiniLM-L6-v2:cached,disabled-by-baseline
385,hybrid_rag,True,False,False,False,False,0.8496,False,False,sentence-transformers:sentence-transformers/all-MiniLM-L6-v2:cached,disabled-by-baseline
386,hybrid_rag,True,False,False,False,False,0.9431,True,False,sentence-transformers:sentence-transformers/all-MiniLM-L6-v2:cached,disabled-by-baseline
387,hybrid_rag,False,False,False,False,False,0.8851,False,False,sentence-transformers:sentence-transformers/all-MiniLM-L6-v2:cached,disabled-by-baseline
388,hybrid_rag,True,False,False,False,False,0.8736,True,False,sentence-transformers:sentence-transformers/all-MiniLM-L6-v2:cached,disabled-by-baseline
389,hybrid_rag,True,False,False,False,False,0.8296,False,False,sentence-transformers:sentence-transformers/all-MiniLM-L6-v2:cached,disabled-by-baseline
390,hybrid_rag,True,False,False,False,False,0.8103,True,False,sentence-transformers:sentence-transformers/all-MiniLM-L6-v2:cached,disabled-by-baseline
391,hybrid_rag,True,False,False,False,False,0.7637,True,False,sentence-transformers:sentence-transformers/all-MiniLM-L6-v2:cached,disabled-by-baseline
392,hybrid_rag,True,False,True,False,False,0.5,True,False,sentence-transformers:sentence-transformers/all-MiniLM-L6-v2:cached,disabled-by-baseline
393,hybrid_rag,True,False,True,False,False,0.8526,True,False,sentence-transformers:sentence-transformers/all-MiniLM-L6-v2:cached,disabled-by-baseline
394,hybrid_rag,True,False,False,False,False,0.8666,False,False,sentence-transformers:sentence-transformers/all-MiniLM-L6-v2:cached,disabled-by-baseline
395,hybrid_rag,True,False,False,False,False,0.7851,False,False,sentence-transformers:sentence-transformers/all-MiniLM-L6-v2:cached,disabled-by-baseline
396,hybrid_rag,True,False,False,False,False,0.6991,False,False,sentence-transformers:sentence-transformers/all-MiniLM-L6-v2:cached,disabled-by-baseline
397,hybrid_rag,True,False,True,False,False,0.7788,True,False,sentence-transformers:sentence-transformers/all-MiniLM-L6-v2:cached,disabled-by-baseline
398,hybrid_rag,False,False,False,False,False,0.9457,True,False,sentence-transformers:sentence-transformers/all-MiniLM-L6-v2:cached,disabled-by-baseline
399,hybrid_rag,False,False,False,False,False,0.7384,True,False,sentence-transformers:sentence-transformers/all-MiniLM-L6-v2:cached,disabled-by-baseline
400,hybrid_rag,True,False,False,False,False,0.8443,False,False,sentence-transformers:sentence-transformers/all-MiniLM-L6-v2:cached,disabled-by-baseline
401,hybrid_rag,True,False,False,False,False,0.9269,False,False,sentence-transformers:sentence-transformers/all-MiniLM-L6-v2:cached,disabled-by-baseline
402,hybrid_rag,True,False,False,False,False,0.8511,False,False,sentence-transformers:sentence-transformers/all-MiniLM-L6-v2:cached,disabled-by-baseline
403,hybrid_rag,True,False,False,False,False,0.7142,False,False,sentence-transformers:sentence-transformers/all-MiniLM-L6-v2:cached,disabled-by-baseline
404,hybrid_rag,True,False,False,False,False,0.7323,False,False,sentence-transformers:sentence-transformers/all-MiniLM-L6-v2:cached,disabled-by-baseline
405,hybrid_rag,True,False,True,False,False,0.7834,False,False,sentence-transformers:sentence-transformers/all-MiniLM-L6-v2:cached,disabled-by-baseline
406,hybrid_rag,False,False,False,False,False,0.7284,True,False,sentence-transformers:sentence-transformers/all-MiniLM-L6-v2:cached,disabled-by-baseline
407,hybrid_rag,True,False,False,False,False,0.8753,True,False,sentence-transformers:sentence-transformers/all-MiniLM-L6-v2:cached,disabled-by-baseline
408,hybrid_rag,False,False,False,False,False,0.8477,True,False,sentence-transformers:sentence-transformers/all-MiniLM-L6-v2:cached,disabled-by-baseline
409,hybrid_rag,True,False,False,False,False,0.9695,True,False,sentence-transformers:sentence-transformers/all-MiniLM-L6-v2:cached,disabled-by-baseline
410,hybrid_rag,True,False,False,False,False,0.9456,True,False,sentence-transformers:sentence-transformers/all-MiniLM-L6-v2:cached,disabled-by-baseline
411,hybrid_rag,True,False,False,False,False,0.9849,False,False,sentence-transformers:sentence-transformers/all-MiniLM-L6-v2:cached,disabled-by-baseline
412,hybrid_rag,True,False,True,False,False,0.9667,True,False,sentence-transformers:sentence-transformers/all-MiniLM-L6-v2:cached,disabled-by-baseline
413,hybrid_rag,False,False,False,False,False,0.9,True,False,sentence-transformers:sentence-transformers/all-MiniLM-L6-v2:cached,disabled-by-baseline
414,hybrid_rag,True,False,True,False,False,0.9369,True,False,sentence-transformers:sentence-transformers/all-MiniLM-L6-v2:cached,disabled-by-baseline
415,hybrid_rag,True,False,True,False,False,0.8446,True,False,sentence-transformers:sentence-transformers/all-MiniLM-L6-v2:cached,disabled-by-baseline
416,hybrid_rag,True,False,False,False,False,0.8072,False,False,sentence-transformers:sentence-transformers/all-MiniLM-L6-v2:cached,disabled-by-baseline
417,hybrid_rag,True,False,False,False,False,0.8618,False,False,sentence-transformers:sentence-transformers/all-MiniLM-L6-v2:cached,disabled-by-baseline
418,hybrid_rag,True,False,True,False,False,0.9979,True,False,sentence-transformers:sentence-transformers/all-MiniLM-L6-v2:cached,disabled-by-baseline
419,hybrid_rag,True,False,False,False,False,0.8183,False,False,sentence-transformers:sentence-transformers/all-MiniLM-L6-v2:cached,disabled-by-baseline
420,hybrid_rag,False,False,False,False,False,0.9016,True,False,sentence-transformers:sentence-transformers/all-MiniLM-L6-v2:cached,disabled-by-baseline
421,hybrid_rag,True,False,False,False,False,0.9885,False,False,sentence-transformers:sentence-transformers/all-MiniLM-L6-v2:cached,disabled-by-baseline
422,hybrid_rag,True,False,False,False,False,0.888,False,False,sentence-transformers:sentence-transformers/all-MiniLM-L6-v2:cached,disabled-by-baseline
423,hybrid_rag,True,False,False,False,False,0.9169,False,False,sentence-transformers:sentence-transformers/all-MiniLM-L6-v2:cached,disabled-by-baseline
424,hybrid_rag,False,False,True,False,False,0.5459,True,False,sentence-transformers:sentence-transformers/all-MiniLM-L6-v2:cached,disabled-by-baseline
425,hybrid_rag,True,False,False,False,False,0.8955,False,False,sentence-transformers:sentence-transformers/all-MiniLM-L6-v2:cached,disabled-by-baseline
426,hybrid_rag,True,False,True,False,False,0.8199,True,False,sentence-transformers:sentence-transformers/all-MiniLM-L6-v2:cached,disabled-by-baseline
427,hybrid_rag,True,False,False,False,False,0.6123,False,False,sentence-transformers:sentence-transformers/all-MiniLM-L6-v2:cached,disabled-by-baseline
428,hybrid_rag,True,False,False,False,False,0.5545,False,False,sentence-transformers:sentence-transformers/all-MiniLM-L6-v2:cached,disabled-by-baseline
429,hybrid_rag,True,False,False,False,False,0.9112,True,False,sentence-transformers:sentence-transformers/all-MiniLM-L6-v2:cached,disabled-by-baseline
430,hybrid_rag,True,False,False,False,False,0.9228,False,False,sentence-transformers:sentence-transformers/all-MiniLM-L6-v2:cached,disabled-by-baseline
431,hybrid_rag,True,False,False,False,False,0.8668,True,False,sentence-transformers:sentence-transformers/all-MiniLM-L6-v2:cached,disabled-by-baseline
432,hybrid_rag,True,False,False,False,False,0.528,False,False,sentence-transformers:sentence-transformers/all-MiniLM-L6-v2:cached,disabled-by-baseline
433,hybrid_rag,False,False,False,False,False,0.7858,False,False,sentence-transformers:sentence-transformers/all-MiniLM-L6-v2:cached,disabled-by-baseline
434,hybrid_rag,True,False,True,False,False,0.8947,True,False,sentence-transformers:sentence-transformers/all-MiniLM-L6-v2:cached,disabled-by-baseline
435,hybrid_rag,False,False,False,False,False,0.6426,False,False,sentence-transformers:sentence-transformers/all-MiniLM-L6-v2:cached,disabled-by-baseline
436,hybrid_rag,True,False,False,False,False,0.9016,False,False,sentence-transformers:sentence-transformers/all-MiniLM-L6-v2:cached,disabled-by-baseline
437,hybrid_rag,True,False,False,False,False,0.7552,False,False,sentence-transformers:sentence-transformers/all-MiniLM-L6-v2:cached,disabled-by-baseline
438,hybrid_rag,True,False,False,False,False,0.8518,True,False,sentence-transformers:sentence-transformers/all-MiniLM-L6-v2:cached,disabled-by-baseline
439,hybrid_rag,True,False,False,False,False,0.971,False,False,sentence-transformers:sentence-transformers/all-MiniLM-L6-v2:cached,disabled-by-baseline
440,hybrid_rag,True,False,False,False,False,0.7253,False,False,sentence-transformers:sentence-transformers/all-MiniLM-L6-v2:cached,disabled-by-baseline
441,hybrid_rag,False,False,False,False,False,0.7208,False,False,sentence-transformers:sentence-transformers/all-MiniLM-L6-v2:cached,disabled-by-baseline
442,hybrid_rag,True,False,False,False,False,0.9645,True,False,sentence-transformers:sentence-transformers/all-MiniLM-L6-v2:cached,disabled-by-baseline
443,hybrid_rag,True,False,True,False,False,0.6923,True,False,sentence-transformers:sentence-transformers/all-MiniLM-L6-v2:cached,disabled-by-baseline
444,hybrid_rag,True,False,False,False,False,0.8096,True,False,sentence-transformers:sentence-transformers/all-MiniLM-L6-v2:cached,disabled-by-baseline
445,hybrid_rag,True,False,False,False,False,0.9631,False,False,sentence-transformers:sentence-transformers/all-MiniLM-L6-v2:cached,disabled-by-baseline
446,hybrid_rag,False,False,False,False,False,0.7913,True,False,sentence-transformers:sentence-transformers/all-MiniLM-L6-v2:cached,disabled-by-baseline
447,hybrid_rag,True,False,False,False,False,0.808,True,False,sentence-transformers:sentence-transformers/all-MiniLM-L6-v2:cached,disabled-by-baseline
448,hybrid_rag,False,False,False,False,False,0.9445,True,False,sentence-transformers:sentence-transformers/all-MiniLM-L6-v2:cached,disabled-by-baseline
449,hybrid_rag,True,False,False,False,False,0.6337,False,False,sentence-transformers:sentence-transformers/all-MiniLM-L6-v2:cached,disabled-by-baseline
450,hybrid_rag,True,False,False,False,False,0.9794,True,False,sentence-transformers:sentence-transformers/all-MiniLM-L6-v2:cached,disabled-by-baseline
451,hybrid_rag,True,False,True,False,False,0.9545,True,False,sentence-transformers:sentence-transformers/all-MiniLM-L6-v2:cached,disabled-by-baseline
452,hybrid_rag,True,False,True,False,False,0.9271,False,False,sentence-transformers:sentence-transformers/all-MiniLM-L6-v2:cached,disabled-by-baseline
453,hybrid_rag,True,False,False,False,False,0.962,True,False,sentence-transformers:sentence-transformers/all-MiniLM-L6-v2:cached,disabled-by-baseline
454,hybrid_rag,True,False,False,False,False,0.9867,False,False,sentence-transformers:sentence-transformers/all-MiniLM-L6-v2:cached,disabled-by-baseline
455,hybrid_rag,True,False,False,False,False,0.9462,True,False,sentence-transformers:sentence-transformers/all-MiniLM-L6-v2:cached,disabled-by-baseline
456,hybrid_rag,True,False,False,False,False,0.9491,False,False,sentence-transformers:sentence-transformers/all-MiniLM-L6-v2:cached,disabled-by-baseline
457,hybrid_rag,True,False,False,False,False,0.8509,True,False,sentence-transformers:sentence-transformers/all-MiniLM-L6-v2:cached,disabled-by-baseline
458,hybrid_rag,True,False,False,False,False,0.8706,False,False,sentence-transformers:sentence-transformers/all-MiniLM-L6-v2:cached,disabled-by-baseline
459,hybrid_rag,True,False,False,False,False,0.9294,False,False,sentence-transformers:sentence-transformers/all-MiniLM-L6-v2:cached,disabled-by-baseline
460,hybrid_rag,True,False,True,False,False,0.8878,True,False,sentence-transformers:sentence-transformers/all-MiniLM-L6-v2:cached,disabled-by-baseline
461,hybrid_rag,True,False,False,False,False,0.6241,True,False,sentence-transformers:sentence-transformers/all-MiniLM-L6-v2:cached,disabled-by-baseline
462,hybrid_rag,True,False,False,False,False,0.9157,False,False,sentence-transformers:sentence-transformers/all-MiniLM-L6-v2:cached,disabled-by-baseline
463,hybrid_rag,False,False,True,False,False,0.9615,True,False,sentence-transformers:sentence-transformers/all-MiniLM-L6-v2:cached,disabled-by-baseline
464,hybrid_rag,True,False,False,False,False,0.7176,True,False,sentence-transformers:sentence-transformers/all-MiniLM-L6-v2:cached,disabled-by-baseline
465,hybrid_rag,False,False,False,False,False,0.9903,True,False,sentence-transformers:sentence-transformers/all-MiniLM-L6-v2:cached,disabled-by-baseline
466,hybrid_rag,True,False,True,False,False,0.8793,True,False,sentence-transformers:sentence-transformers/all-MiniLM-L6-v2:cached,disabled-by-baseline
467,hybrid_rag,True,False,True,False,False,0.8698,True,False,sentence-transformers:sentence-transformers/all-MiniLM-L6-v2:cached,disabled-by-baseline
468,hybrid_rag,True,False,True,False,False,0.7631,True,False,sentence-transformers:sentence-transformers/all-MiniLM-L6-v2:cached,disabled-by-baseline
469,hybrid_rag,False,False,False,False,False,0.951,True,False,sentence-transformers:sentence-transformers/all-MiniLM-L6-v2:cached,disabled-by-baseline
470,hybrid_rag,True,False,True,False,False,0.9517,True,False,sentence-transformers:sentence-transformers/all-MiniLM-L6-v2:cached,disabled-by-baseline
471,hybrid_rag,True,False,False,False,False,0.8846,False,False,sentence-transformers:sentence-transformers/all-MiniLM-L6-v2:cached,disabled-by-baseline
472,hybrid_rag,True,False,False,False,False,0.9793,False,False,sentence-transformers:sentence-transformers/all-MiniLM-L6-v2:cached,disabled-by-baseline
473,hybrid_rag,True,False,True,False,False,0.5336,True,False,sentence-transformers:sentence-transformers/all-MiniLM-L6-v2:cached,disabled-by-baseline
474,hybrid_rag,True,False,True,False,False,0.9701,True,False,sentence-transformers:sentence-transformers/all-MiniLM-L6-v2:cached,disabled-by-baseline
475,hybrid_rag,True,False,True,False,False,0.8475,True,False,sentence-transformers:sentence-transformers/all-MiniLM-L6-v2:cached,disabled-by-baseline
476,hybrid_rag,False,False,False,False,False,0.8988,False,False,sentence-transformers:sentence-transformers/all-MiniLM-L6-v2:cached,disabled-by-baseline
477,hybrid_rag,True,False,True,False,False,0.9627,True,False,sentence-transformers:sentence-transformers/all-MiniLM-L6-v2:cached,disabled-by-baseline
478,hybrid_rag,True,False,False,False,False,0.89,False,False,sentence-transformers:sentence-transformers/all-MiniLM-L6-v2:cached,disabled-by-baseline
479,hybrid_rag,True,False,True,False,False,0.9522,True,False,sentence-transformers:sentence-transformers/all-MiniLM-L6-v2:cached,disabled-by-baseline
480,hybrid_rag,True,False,False,False,False,0.8338,False,False,sentence-transformers:sentence-transformers/all-MiniLM-L6-v2:cached,disabled-by-baseline
481,hybrid_rag,True,False,False,False,False,0.9291,False,False,sentence-transformers:sentence-transformers/all-MiniLM-L6-v2:cached,disabled-by-baseline
482,hybrid_rag,True,False,True,False,False,0.976,True,False,sentence-transformers:sentence-transformers/all-MiniLM-L6-v2:cached,disabled-by-baseline
483,hybrid_rag,False,False,False,False,False,0.8401,False,False,sentence-transformers:sentence-transformers/all-MiniLM-L6-v2:cached,disabled-by-baseline
484,hybrid_rag,True,False,False,False,False,0.9612,False,False,sentence-transformers:sentence-transformers/all-MiniLM-L6-v2:cached,disabled-by-baseline
485,hybrid_rag,True,False,False,False,False,0.7557,True,False,sentence-transformers:sentence-transformers/all-MiniLM-L6-v2:cached,disabled-by-baseline
486,hybrid_rag,True,False,False,False,False,0.9232,True,False,sentence-transformers:sentence-transformers/all-MiniLM-L6-v2:cached,disabled-by-baseline
487,hybrid_rag,True,False,False,False,False,0.867,True,False,sentence-transformers:sentence-transformers/all-MiniLM-L6-v2:cached,disabled-by-baseline
488,hybrid_rag,True,False,False,False,False,0.751,False,False,sentence-transformers:sentence-transformers/all-MiniLM-L6-v2:cached,disabled-by-baseline
489,hybrid_rag,True,False,False,False,False,0.9398,False,False,sentence-transformers:sentence-transformers/all-MiniLM-L6-v2:cached,disabled-by-baseline
490,hybrid_rag,True,False,False,False,False,0.7913,True,False,sentence-transformers:sentence-transformers/all-MiniLM-L6-v2:cached,disabled-by-baseline
491,hybrid_rag,True,False,False,False,False,0.9081,False,False,sentence-transformers:sentence-transformers/all-MiniLM-L6-v2:cached,disabled-by-baseline
492,hybrid_rag,True,False,False,False,False,0.8743,False,False,sentence-transformers:sentence-transformers/all-MiniLM-L6-v2:cached,disabled-by-baseline
493,hybrid_rag,True,False,False,False,False,0.8935,True,False,sentence-transformers:sentence-transformers/all-MiniLM-L6-v2:cached,disabled-by-baseline
494,hybrid_rag,True,False,False,False,False,0.7257,False,False,sentence-transformers:sentence-transformers/all-MiniLM-L6-v2:cached,disabled-by-baseline
495,hybrid_rag,False,False,True,False,False,0.7795,True,False,sentence-transformers:sentence-transformers/all-MiniLM-L6-v2:cached,disabled-by-baseline
496,hybrid_rag,True,False,False,False,False,0.9637,True,False,sentence-transformers:sentence-transformers/all-MiniLM-L6-v2:cached,disabled-by-baseline
497,hybrid_rag,True,False,False,False,False,0.9011,False,False,sentence-transformers:sentence-transformers/all-MiniLM-L6-v2:cached,disabled-by-baseline
498,hybrid_rag,True,False,True,False,False,0.7973,True,False,sentence-transformers:sentence-transformers/all-MiniLM-L6-v2:cached,disabled-by-baseline
499,hybrid_rag,True,False,True,False,False,0.9947,True,False,sentence-transformers:sentence-transformers/all-MiniLM-L6-v2:cached,disabled-by-baseline
0,conflict_aware,False,False,False,False,False,0.6638,False,False,sentence-transformers:sentence-transformers/all-MiniLM-L6-v2:score-cache,transformers:cross-encoder/nli-MiniLM2-L6-H768:cached
1,conflict_aware,True,True,False,True,False,0.2169,False,True,sentence-transformers:sentence-transformers/all-MiniLM-L6-v2:score-cache,transformers:cross-encoder/nli-MiniLM2-L6-H768:cached
2,conflict_aware,True,True,False,True,False,0.3579,True,True,sentence-transformers:sentence-transformers/all-MiniLM-L6-v2:score-cache,transformers:cross-encoder/nli-MiniLM2-L6-H768:cached
3,conflict_aware,True,True,True,False,False,0.4042,False,True,sentence-transformers:sentence-transformers/all-MiniLM-L6-v2:score-cache,transformers:cross-encoder/nli-MiniLM2-L6-H768:cached
4,conflict_aware,False,False,True,False,False,0.4477,True,True,sentence-transformers:sentence-transformers/all-MiniLM-L6-v2:score-cache,transformers:cross-encoder/nli-MiniLM2-L6-H768:cached
5,conflict_aware,False,False,False,False,False,0.3984,False,True,sentence-transformers:sentence-transformers/all-MiniLM-L6-v2:score-cache,transformers:cross-encoder/nli-MiniLM2-L6-H768:cached
6,conflict_aware,True,True,False,True,False,0.4863,True,True,sentence-transformers:sentence-transformers/all-MiniLM-L6-v2:score-cache,transformers:cross-encoder/nli-MiniLM2-L6-H768:cached
7,conflict_aware,False,False,True,False,False,0.7202,False,False,sentence-transformers:sentence-transformers/all-MiniLM-L6-v2:score-cache,transformers:cross-encoder/nli-MiniLM2-L6-H768:cached
8,conflict_aware,False,False,True,False,False,0.85,True,False,sentence-transformers:sentence-transformers/all-MiniLM-L6-v2:score-cache,not-loaded
9,conflict_aware,True,True,False,True,False,0.6616,True,False,sentence-transformers:sentence-transformers/all-MiniLM-L6-v2:score-cache,transformers:cross-encoder/nli-MiniLM2-L6-H768:cached
10,conflict_aware,False,False,False,False,False,0.2276,False,True,sentence-transformers:sentence-transformers/all-MiniLM-L6-v2:score-cache,transformers:cross-encoder/nli-MiniLM2-L6-H768:cached
11,conflict_aware,True,True,False,True,False,0.2248,False,True,sentence-transformers:sentence-transformers/all-MiniLM-L6-v2:score-cache,transformers:cross-encoder/nli-MiniLM2-L6-H768:cached
12,conflict_aware,True,True,False,True,False,0.3682,True,True,sentence-transformers:sentence-transformers/all-MiniLM-L6-v2:score-cache,transformers:cross-encoder/nli-MiniLM2-L6-H768:cached
13,conflict_aware,True,True,False,True,False,0.5058,True,True,sentence-transformers:sentence-transformers/all-MiniLM-L6-v2:score-cache,transformers:cross-encoder/nli-MiniLM2-L6-H768:cached
14,conflict_aware,True,True,False,True,False,0.2831,True,True,sentence-transformers:sentence-transformers/all-MiniLM-L6-v2:score-cache,transformers:cross-encoder/nli-MiniLM2-L6-H768:cached
15,conflict_aware,False,False,False,False,False,0.3203,True,True,sentence-transformers:sentence-transformers/all-MiniLM-L6-v2:score-cache,transformers:cross-encoder/nli-MiniLM2-L6-H768:cached
16,conflict_aware,True,True,False,True,False,0.64,False,False,sentence-transformers:sentence-transformers/all-MiniLM-L6-v2:score-cache,transformers:cross-encoder/nli-MiniLM2-L6-H768:cached
17,conflict_aware,True,True,False,True,False,0.6283,False,False,sentence-transformers:sentence-transformers/all-MiniLM-L6-v2:score-cache,not-loaded
18,conflict_aware,False,False,True,False,False,0.3465,False,True,sentence-transformers:sentence-transformers/all-MiniLM-L6-v2:score-cache,transformers:cross-encoder/nli-MiniLM2-L6-H768:cached
19,conflict_aware,True,True,False,True,False,0.3683,False,True,sentence-transformers:sentence-transformers/all-MiniLM-L6-v2:score-cache,transformers:cross-encoder/nli-MiniLM2-L6-H768:cached
20,conflict_aware,False,False,True,False,False,0.4537,True,True,sentence-transformers:sentence-transformers/all-MiniLM-L6-v2:score-cache,transformers:cross-encoder/nli-MiniLM2-L6-H768:cached
21,conflict_aware,False,False,False,False,False,0.2829,True,True,sentence-transformers:sentence-transformers/all-MiniLM-L6-v2:score-cache,transformers:cross-encoder/nli-MiniLM2-L6-H768:cached
22,conflict_aware,False,False,True,False,False,0.308,True,True,sentence-transformers:sentence-transformers/all-MiniLM-L6-v2:score-cache,transformers:cross-encoder/nli-MiniLM2-L6-H768:cached
23,conflict_aware,False,False,False,False,False,0.45,False,True,sentence-transformers:sentence-transformers/all-MiniLM-L6-v2:score-cache,transformers:cross-encoder/nli-MiniLM2-L6-H768:cached
24,conflict_aware,False,False,True,False,False,0.3637,True,True,sentence-transformers:sentence-transformers/all-MiniLM-L6-v2:score-cache,transformers:cross-encoder/nli-MiniLM2-L6-H768:cached
25,conflict_aware,False,False,True,False,False,0.3351,False,True,sentence-transformers:sentence-transformers/all-MiniLM-L6-v2:score-cache,transformers:cross-encoder/nli-MiniLM2-L6-H768:cached
26,conflict_aware,True,True,False,True,False,0.3498,True,True,sentence-transformers:sentence-transformers/all-MiniLM-L6-v2:score-cache,transformers:cross-encoder/nli-MiniLM2-L6-H768:cached
27,conflict_aware,False,False,True,False,False,0.3087,True,True,sentence-transformers:sentence-transformers/all-MiniLM-L6-v2:score-cache,transformers:cross-encoder/nli-MiniLM2-L6-H768:cached
28,conflict_aware,False,False,True,False,False,0.7121,False,False,sentence-transformers:sentence-transformers/all-MiniLM-L6-v2:score-cache,not-loaded
29,conflict_aware,True,True,False,True,False,0.64,False,False,sentence-transformers:sentence-transformers/all-MiniLM-L6-v2:score-cache,transformers:cross-encoder/nli-MiniLM2-L6-H768:cached
30,conflict_aware,True,True,False,True,False,0.3504,True,True,sentence-transformers:sentence-transformers/all-MiniLM-L6-v2:score-cache,transformers:cross-encoder/nli-MiniLM2-L6-H768:cached
31,conflict_aware,True,True,False,True,False,0.3565,False,True,sentence-transformers:sentence-transformers/all-MiniLM-L6-v2:score-cache,transformers:cross-encoder/nli-MiniLM2-L6-H768:cached
32,conflict_aware,False,False,True,False,False,0.6684,True,True,sentence-transformers:sentence-transformers/all-MiniLM-L6-v2:score-cache,transformers:cross-encoder/nli-MiniLM2-L6-H768:cached
33,conflict_aware,True,True,False,True,False,0.6992,True,True,sentence-transformers:sentence-transformers/all-MiniLM-L6-v2:score-cache,transformers:cross-encoder/nli-MiniLM2-L6-H768:cached
34,conflict_aware,False,False,False,False,False,0.625,False,False,sentence-transformers:sentence-transformers/all-MiniLM-L6-v2:score-cache,not-loaded
35,conflict_aware,True,True,False,True,False,0.64,False,False,sentence-transformers:sentence-transformers/all-MiniLM-L6-v2:score-cache,transformers:cross-encoder/nli-MiniLM2-L6-H768:cached
36,conflict_aware,True,True,True,False,False,0.8147,False,False,sentence-transformers:sentence-transformers/all-MiniLM-L6-v2:score-cache,transformers:cross-encoder/nli-MiniLM2-L6-H768:cached
37,conflict_aware,False,False,True,False,False,0.4866,True,True,sentence-transformers:sentence-transformers/all-MiniLM-L6-v2:score-cache,transformers:cross-encoder/nli-MiniLM2-L6-H768:cached
38,conflict_aware,True,True,True,False,False,0.3408,False,True,sentence-transformers:sentence-transformers/all-MiniLM-L6-v2:score-cache,transformers:cross-encoder/nli-MiniLM2-L6-H768:cached
39,conflict_aware,True,True,False,True,False,0.5999,True,True,sentence-transformers:sentence-transformers/all-MiniLM-L6-v2:score-cache,transformers:cross-encoder/nli-MiniLM2-L6-H768:cached
40,conflict_aware,True,True,False,True,False,0.4854,False,True,sentence-transformers:sentence-transformers/all-MiniLM-L6-v2:score-cache,transformers:cross-encoder/nli-MiniLM2-L6-H768:cached
41,conflict_aware,False,False,True,False,False,0.5821,True,True,sentence-transformers:sentence-transformers/all-MiniLM-L6-v2:score-cache,transformers:cross-encoder/nli-MiniLM2-L6-H768:cached
42,conflict_aware,False,False,False,False,False,0.85,False,False,sentence-transformers:sentence-transformers/all-MiniLM-L6-v2:score-cache,not-loaded
43,conflict_aware,True,True,False,True,False,0.6561,False,False,sentence-transformers:sentence-transformers/all-MiniLM-L6-v2:score-cache,not-loaded
44,conflict_aware,True,True,False,True,False,0.64,False,False,sentence-transformers:sentence-transformers/all-MiniLM-L6-v2:score-cache,transformers:cross-encoder/nli-MiniLM2-L6-H768:cached
45,conflict_aware,False,False,False,False,False,0.6056,True,True,sentence-transformers:sentence-transformers/all-MiniLM-L6-v2:score-cache,transformers:cross-encoder/nli-MiniLM2-L6-H768:cached
46,conflict_aware,False,False,False,False,False,0.85,False,False,sentence-transformers:sentence-transformers/all-MiniLM-L6-v2:score-cache,not-loaded
47,conflict_aware,True,True,True,False,False,0.8156,True,False,sentence-transformers:sentence-transformers/all-MiniLM-L6-v2:score-cache,transformers:cross-encoder/nli-MiniLM2-L6-H768:cached
48,conflict_aware,True,True,True,False,False,0.6056,True,False,sentence-transformers:sentence-transformers/all-MiniLM-L6-v2:score-cache,transformers:cross-encoder/nli-MiniLM2-L6-H768:cached
49,conflict_aware,False,False,True,False,False,0.3598,True,True,sentence-transformers:sentence-transformers/all-MiniLM-L6-v2:score-cache,transformers:cross-encoder/nli-MiniLM2-L6-H768:cached
50,conflict_aware,False,False,False,False,False,0.825,False,False,sentence-transformers:sentence-transformers/all-MiniLM-L6-v2:score-cache,transformers:cross-encoder/nli-MiniLM2-L6-H768:cached
51,conflict_aware,True,True,True,False,False,0.64,True,False,sentence-transformers:sentence-transformers/all-MiniLM-L6-v2:score-cache,transformers:cross-encoder/nli-MiniLM2-L6-H768:cached
52,conflict_aware,True,True,False,True,False,0.3516,False,True,sentence-transformers:sentence-transformers/all-MiniLM-L6-v2:score-cache,transformers:cross-encoder/nli-MiniLM2-L6-H768:cached
53,conflict_aware,False,False,True,False,False,0.4016,True,True,sentence-transformers:sentence-transformers/all-MiniLM-L6-v2:score-cache,transformers:cross-encoder/nli-MiniLM2-L6-H768:cached
54,conflict_aware,True,True,False,True,False,0.52,True,True,sentence-transformers:sentence-transformers/all-MiniLM-L6-v2:score-cache,transformers:cross-encoder/nli-MiniLM2-L6-H768:cached
55,conflict_aware,True,True,True,False,False,0.3465,True,True,sentence-transformers:sentence-transformers/all-MiniLM-L6-v2:score-cache,transformers:cross-encoder/nli-MiniLM2-L6-H768:cached
56,conflict_aware,True,True,False,True,False,0.5774,True,True,sentence-transformers:sentence-transformers/all-MiniLM-L6-v2:score-cache,transformers:cross-encoder/nli-MiniLM2-L6-H768:cached
57,conflict_aware,True,True,False,True,False,0.64,False,False,sentence-transformers:sentence-transformers/all-MiniLM-L6-v2:score-cache,not-loaded
58,conflict_aware,False,False,False,False,False,0.83,False,False,sentence-transformers:sentence-transformers/all-MiniLM-L6-v2:score-cache,not-loaded
59,conflict_aware,False,False,False,False,False,0.4308,False,True,sentence-transformers:sentence-transformers/all-MiniLM-L6-v2:score-cache,transformers:cross-encoder/nli-MiniLM2-L6-H768:cached
60,conflict_aware,False,False,True,False,False,0.5242,True,True,sentence-transformers:sentence-transformers/all-MiniLM-L6-v2:score-cache,transformers:cross-encoder/nli-MiniLM2-L6-H768:cached
61,conflict_aware,True,True,False,True,False,0.6708,True,True,sentence-transformers:sentence-transformers/all-MiniLM-L6-v2:score-cache,transformers:cross-encoder/nli-MiniLM2-L6-H768:cached
62,conflict_aware,True,True,True,False,False,0.6932,True,False,sentence-transformers:sentence-transformers/all-MiniLM-L6-v2:score-cache,transformers:cross-encoder/nli-MiniLM2-L6-H768:cached
63,conflict_aware,False,False,False,False,False,0.7507,True,False,sentence-transformers:sentence-transformers/all-MiniLM-L6-v2:score-cache,transformers:cross-encoder/nli-MiniLM2-L6-H768:cached
64,conflict_aware,False,False,False,False,False,0.6993,True,True,sentence-transformers:sentence-transformers/all-MiniLM-L6-v2:score-cache,transformers:cross-encoder/nli-MiniLM2-L6-H768:cached
65,conflict_aware,True,True,False,True,False,0.625,False,False,sentence-transformers:sentence-transformers/all-MiniLM-L6-v2:score-cache,not-loaded
66,conflict_aware,True,True,False,True,False,0.4912,True,True,sentence-transformers:sentence-transformers/all-MiniLM-L6-v2:score-cache,transformers:cross-encoder/nli-MiniLM2-L6-H768:cached
67,conflict_aware,False,False,False,False,False,0.3078,True,True,sentence-transformers:sentence-transformers/all-MiniLM-L6-v2:score-cache,transformers:cross-encoder/nli-MiniLM2-L6-H768:cached
68,conflict_aware,False,False,False,False,False,0.4313,True,True,sentence-transformers:sentence-transformers/all-MiniLM-L6-v2:score-cache,transformers:cross-encoder/nli-MiniLM2-L6-H768:cached
69,conflict_aware,False,False,False,False,False,0.7071,True,False,sentence-transformers:sentence-transformers/all-MiniLM-L6-v2:score-cache,not-loaded
70,conflict_aware,True,True,True,False,False,0.3436,True,True,sentence-transformers:sentence-transformers/all-MiniLM-L6-v2:score-cache,transformers:cross-encoder/nli-MiniLM2-L6-H768:cached
71,conflict_aware,False,False,True,False,False,0.7588,True,True,sentence-transformers:sentence-transformers/all-MiniLM-L6-v2:score-cache,transformers:cross-encoder/nli-MiniLM2-L6-H768:cached
72,conflict_aware,True,True,False,True,False,0.417,False,True,sentence-transformers:sentence-transformers/all-MiniLM-L6-v2:score-cache,transformers:cross-encoder/nli-MiniLM2-L6-H768:cached
73,conflict_aware,True,True,True,False,False,0.3028,True,True,sentence-transformers:sentence-transformers/all-MiniLM-L6-v2:score-cache,transformers:cross-encoder/nli-MiniLM2-L6-H768:cached
74,conflict_aware,True,True,False,True,False,0.2697,True,True,sentence-transformers:sentence-transformers/all-MiniLM-L6-v2:score-cache,transformers:cross-encoder/nli-MiniLM2-L6-H768:cached
75,conflict_aware,True,True,False,True,False,0.2674,False,True,sentence-transformers:sentence-transformers/all-MiniLM-L6-v2:score-cache,transformers:cross-encoder/nli-MiniLM2-L6-H768:cached
76,conflict_aware,False,False,True,False,False,0.3419,True,True,sentence-transformers:sentence-transformers/all-MiniLM-L6-v2:score-cache,transformers:cross-encoder/nli-MiniLM2-L6-H768:cached
77,conflict_aware,True,True,False,True,False,0.3697,True,True,sentence-transformers:sentence-transformers/all-MiniLM-L6-v2:score-cache,transformers:cross-encoder/nli-MiniLM2-L6-H768:cached
78,conflict_aware,True,True,False,True,False,0.625,False,False,sentence-transformers:sentence-transformers/all-MiniLM-L6-v2:score-cache,not-loaded
79,conflict_aware,True,True,False,True,False,0.2334,False,True,sentence-transformers:sentence-transformers/all-MiniLM-L6-v2:score-cache,transformers:cross-encoder/nli-MiniLM2-L6-H768:cached
80,conflict_aware,False,False,False,False,False,0.472,True,True,sentence-transformers:sentence-transformers/all-MiniLM-L6-v2:score-cache,transformers:cross-encoder/nli-MiniLM2-L6-H768:cached
81,conflict_aware,True,True,True,False,False,0.4485,True,True,sentence-transformers:sentence-transformers/all-MiniLM-L6-v2:score-cache,transformers:cross-encoder/nli-MiniLM2-L6-H768:cached
82,conflict_aware,True,True,False,True,False,0.2966,True,True,sentence-transformers:sentence-transformers/all-MiniLM-L6-v2:score-cache,transformers:cross-encoder/nli-MiniLM2-L6-H768:cached
83,conflict_aware,False,False,True,False,False,0.3497,True,True,sentence-transformers:sentence-transformers/all-MiniLM-L6-v2:score-cache,transformers:cross-encoder/nli-MiniLM2-L6-H768:cached
84,conflict_aware,True,True,False,True,False,0.64,False,False,sentence-transformers:sentence-transformers/all-MiniLM-L6-v2:score-cache,not-loaded
85,conflict_aware,False,False,False,False,False,0.64,False,False,sentence-transformers:sentence-transformers/all-MiniLM-L6-v2:score-cache,not-loaded
86,conflict_aware,True,True,False,True,False,0.2371,False,True,sentence-transformers:sentence-transformers/all-MiniLM-L6-v2:score-cache,transformers:cross-encoder/nli-MiniLM2-L6-H768:cached
87,conflict_aware,True,True,False,True,False,0.64,False,False,sentence-transformers:sentence-transformers/all-MiniLM-L6-v2:score-cache,not-loaded
88,conflict_aware,True,True,True,False,False,0.4318,False,True,sentence-transformers:sentence-transformers/all-MiniLM-L6-v2:score-cache,transformers:cross-encoder/nli-MiniLM2-L6-H768:cached
89,conflict_aware,True,True,False,True,False,0.7767,False,False,sentence-transformers:sentence-transformers/all-MiniLM-L6-v2:score-cache,transformers:cross-encoder/nli-MiniLM2-L6-H768:cached
90,conflict_aware,True,True,False,True,False,0.2941,True,True,sentence-transformers:sentence-transformers/all-MiniLM-L6-v2:score-cache,transformers:cross-encoder/nli-MiniLM2-L6-H768:cached
91,conflict_aware,False,False,False,False,False,0.7078,False,False,sentence-transformers:sentence-transformers/all-MiniLM-L6-v2:score-cache,not-loaded
92,conflict_aware,True,True,False,True,False,0.4652,True,True,sentence-transformers:sentence-transformers/all-MiniLM-L6-v2:score-cache,transformers:cross-encoder/nli-MiniLM2-L6-H768:cached
93,conflict_aware,True,True,False,True,False,0.433,False,True,sentence-transformers:sentence-transformers/all-MiniLM-L6-v2:score-cache,transformers:cross-encoder/nli-MiniLM2-L6-H768:cached
94,conflict_aware,False,False,True,False,False,0.5123,False,True,sentence-transformers:sentence-transformers/all-MiniLM-L6-v2:score-cache,transformers:cross-encoder/nli-MiniLM2-L6-H768:cached
95,conflict_aware,True,True,False,True,False,0.5197,True,True,sentence-transformers:sentence-transformers/all-MiniLM-L6-v2:score-cache,transformers:cross-encoder/nli-MiniLM2-L6-H768:cached
96,conflict_aware,True,True,False,True,False,0.4838,True,True,sentence-transformers:sentence-transformers/all-MiniLM-L6-v2:score-cache,transformers:cross-encoder/nli-MiniLM2-L6-H768:cached
97,conflict_aware,False,False,True,False,False,0.7474,True,False,sentence-transformers:sentence-transformers/all-MiniLM-L6-v2:score-cache,not-loaded
98,conflict_aware,False,False,False,False,False,0.625,False,False,sentence-transformers:sentence-transformers/all-MiniLM-L6-v2:score-cache,not-loaded
99,conflict_aware,True,True,False,True,False,0.625,False,False,sentence-transformers:sentence-transformers/all-MiniLM-L6-v2:score-cache,not-loaded
100,conflict_aware,True,False,False,False,False,0.2959,False,True,sentence-transformers:sentence-transformers/all-MiniLM-L6-v2:score-cache,transformers:cross-encoder/nli-MiniLM2-L6-H768:cached
101,conflict_aware,True,False,False,False,False,0.4151,True,True,sentence-transformers:sentence-transformers/all-MiniLM-L6-v2:score-cache,transformers:cross-encoder/nli-MiniLM2-L6-H768:cached
102,conflict_aware,True,True,False,True,False,0.422,True,True,sentence-transformers:sentence-transformers/all-MiniLM-L6-v2:score-cache,transformers:cross-encoder/nli-MiniLM2-L6-H768:cached
103,conflict_aware,True,False,False,False,False,0.1946,False,True,sentence-transformers:sentence-transformers/all-MiniLM-L6-v2:score-cache,transformers:cross-encoder/nli-MiniLM2-L6-H768:cached
104,conflict_aware,False,False,False,False,False,0.3986,True,True,sentence-transformers:sentence-transformers/all-MiniLM-L6-v2:score-cache,transformers:cross-encoder/nli-MiniLM2-L6-H768:cached
105,conflict_aware,False,False,False,False,False,0.4603,False,True,sentence-transformers:sentence-transformers/all-MiniLM-L6-v2:score-cache,transformers:cross-encoder/nli-MiniLM2-L6-H768:cached
106,conflict_aware,True,False,False,False,False,0.3616,False,True,sentence-transformers:sentence-transformers/all-MiniLM-L6-v2:score-cache,transformers:cross-encoder/nli-MiniLM2-L6-H768:cached
107,conflict_aware,False,False,False,False,False,0.3482,False,True,sentence-transformers:sentence-transformers/all-MiniLM-L6-v2:score-cache,transformers:cross-encoder/nli-MiniLM2-L6-H768:cached
108,conflict_aware,True,False,False,False,False,0.43,False,True,sentence-transformers:sentence-transformers/all-MiniLM-L6-v2:score-cache,transformers:cross-encoder/nli-MiniLM2-L6-H768:cached
109,conflict_aware,True,False,False,False,False,0.4902,False,True,sentence-transformers:sentence-transformers/all-MiniLM-L6-v2:score-cache,transformers:cross-encoder/nli-MiniLM2-L6-H768:cached
110,conflict_aware,True,False,False,False,False,0.699,True,True,sentence-transformers:sentence-transformers/all-MiniLM-L6-v2:score-cache,transformers:cross-encoder/nli-MiniLM2-L6-H768:cached
111,conflict_aware,False,False,False,False,False,0.3236,True,True,sentence-transformers:sentence-transformers/all-MiniLM-L6-v2:score-cache,transformers:cross-encoder/nli-MiniLM2-L6-H768:cached
112,conflict_aware,True,False,False,False,False,0.194,False,True,sentence-transformers:sentence-transformers/all-MiniLM-L6-v2:score-cache,transformers:cross-encoder/nli-MiniLM2-L6-H768:cached
113,conflict_aware,True,False,False,False,False,0.5145,False,True,sentence-transformers:sentence-transformers/all-MiniLM-L6-v2:score-cache,transformers:cross-encoder/nli-MiniLM2-L6-H768:cached
114,conflict_aware,True,False,False,False,False,0.4426,True,True,sentence-transformers:sentence-transformers/all-MiniLM-L6-v2:score-cache,transformers:cross-encoder/nli-MiniLM2-L6-H768:cached
115,conflict_aware,False,False,False,False,False,0.4996,False,True,sentence-transformers:sentence-transformers/all-MiniLM-L6-v2:score-cache,transformers:cross-encoder/nli-MiniLM2-L6-H768:cached
116,conflict_aware,True,False,True,False,False,0.3626,False,True,sentence-transformers:sentence-transformers/all-MiniLM-L6-v2:score-cache,transformers:cross-encoder/nli-MiniLM2-L6-H768:cached
117,conflict_aware,False,False,False,False,False,0.4111,False,True,sentence-transformers:sentence-transformers/all-MiniLM-L6-v2:score-cache,transformers:cross-encoder/nli-MiniLM2-L6-H768:cached
118,conflict_aware,False,False,False,False,False,0.5817,True,True,sentence-transformers:sentence-transformers/all-MiniLM-L6-v2:score-cache,transformers:cross-encoder/nli-MiniLM2-L6-H768:cached
119,conflict_aware,True,True,False,True,False,0.4248,True,True,sentence-transformers:sentence-transformers/all-MiniLM-L6-v2:score-cache,transformers:cross-encoder/nli-MiniLM2-L6-H768:cached
120,conflict_aware,True,True,False,True,False,0.2035,False,True,sentence-transformers:sentence-transformers/all-MiniLM-L6-v2:score-cache,transformers:cross-encoder/nli-MiniLM2-L6-H768:cached
121,conflict_aware,True,True,False,True,False,0.8024,False,False,sentence-transformers:sentence-transformers/all-MiniLM-L6-v2:score-cache,transformers:cross-encoder/nli-MiniLM2-L6-H768:cached
122,conflict_aware,True,False,False,False,False,0.3086,False,True,sentence-transformers:sentence-transformers/all-MiniLM-L6-v2:score-cache,transformers:cross-encoder/nli-MiniLM2-L6-H768:cached
123,conflict_aware,True,False,False,False,False,0.3499,False,True,sentence-transformers:sentence-transformers/all-MiniLM-L6-v2:score-cache,transformers:cross-encoder/nli-MiniLM2-L6-H768:cached
124,conflict_aware,False,False,False,False,False,0.7676,True,True,sentence-transformers:sentence-transformers/all-MiniLM-L6-v2:score-cache,transformers:cross-encoder/nli-MiniLM2-L6-H768:cached
125,conflict_aware,True,True,False,True,False,0.7398,False,False,sentence-transformers:sentence-transformers/all-MiniLM-L6-v2:score-cache,transformers:cross-encoder/nli-MiniLM2-L6-H768:cached
126,conflict_aware,True,True,False,True,False,0.545,False,True,sentence-transformers:sentence-transformers/all-MiniLM-L6-v2:score-cache,transformers:cross-encoder/nli-MiniLM2-L6-H768:cached
127,conflict_aware,True,True,False,True,False,0.5142,True,True,sentence-transformers:sentence-transformers/all-MiniLM-L6-v2:score-cache,transformers:cross-encoder/nli-MiniLM2-L6-H768:cached
128,conflict_aware,False,False,True,False,False,0.463,True,True,sentence-transformers:sentence-transformers/all-MiniLM-L6-v2:score-cache,transformers:cross-encoder/nli-MiniLM2-L6-H768:cached
129,conflict_aware,False,False,True,False,False,0.5404,True,True,sentence-transformers:sentence-transformers/all-MiniLM-L6-v2:score-cache,transformers:cross-encoder/nli-MiniLM2-L6-H768:cached
130,conflict_aware,True,True,True,False,False,0.4578,False,True,sentence-transformers:sentence-transformers/all-MiniLM-L6-v2:score-cache,transformers:cross-encoder/nli-MiniLM2-L6-H768:cached
131,conflict_aware,False,False,True,False,False,0.4512,True,True,sentence-transformers:sentence-transformers/all-MiniLM-L6-v2:score-cache,transformers:cross-encoder/nli-MiniLM2-L6-H768:cached
132,conflict_aware,False,False,True,False,False,0.6989,True,False,sentence-transformers:sentence-transformers/all-MiniLM-L6-v2:score-cache,not-loaded
133,conflict_aware,True,False,False,False,False,0.3916,True,True,sentence-transformers:sentence-transformers/all-MiniLM-L6-v2:score-cache,transformers:cross-encoder/nli-MiniLM2-L6-H768:cached
134,conflict_aware,True,False,False,False,False,0.85,False,False,sentence-transformers:sentence-transformers/all-MiniLM-L6-v2:score-cache,not-loaded
135,conflict_aware,False,False,False,False,False,0.4153,True,True,sentence-transformers:sentence-transformers/all-MiniLM-L6-v2:score-cache,transformers:cross-encoder/nli-MiniLM2-L6-H768:cached
136,conflict_aware,True,True,False,True,False,0.3889,False,True,sentence-transformers:sentence-transformers/all-MiniLM-L6-v2:score-cache,transformers:cross-encoder/nli-MiniLM2-L6-H768:cached
137,conflict_aware,False,False,False,False,False,0.4667,True,True,sentence-transformers:sentence-transformers/all-MiniLM-L6-v2:score-cache,transformers:cross-encoder/nli-MiniLM2-L6-H768:cached
138,conflict_aware,True,False,True,False,False,0.4098,False,True,sentence-transformers:sentence-transformers/all-MiniLM-L6-v2:score-cache,transformers:cross-encoder/nli-MiniLM2-L6-H768:cached
139,conflict_aware,False,False,True,False,False,0.6698,True,True,sentence-transformers:sentence-transformers/all-MiniLM-L6-v2:score-cache,transformers:cross-encoder/nli-MiniLM2-L6-H768:cached
140,conflict_aware,True,False,False,False,False,0.4383,True,True,sentence-transformers:sentence-transformers/all-MiniLM-L6-v2:score-cache,transformers:cross-encoder/nli-MiniLM2-L6-H768:cached
141,conflict_aware,False,False,False,False,False,0.4466,True,True,sentence-transformers:sentence-transformers/all-MiniLM-L6-v2:score-cache,transformers:cross-encoder/nli-MiniLM2-L6-H768:cached
142,conflict_aware,True,True,False,True,False,0.3192,False,True,sentence-transformers:sentence-transformers/all-MiniLM-L6-v2:score-cache,transformers:cross-encoder/nli-MiniLM2-L6-H768:cached
143,conflict_aware,False,False,False,False,False,0.3904,False,True,sentence-transformers:sentence-transformers/all-MiniLM-L6-v2:score-cache,transformers:cross-encoder/nli-MiniLM2-L6-H768:cached
144,conflict_aware,True,False,False,False,False,0.5067,False,True,sentence-transformers:sentence-transformers/all-MiniLM-L6-v2:score-cache,transformers:cross-encoder/nli-MiniLM2-L6-H768:cached
145,conflict_aware,True,False,False,False,False,0.3203,False,True,sentence-transformers:sentence-transformers/all-MiniLM-L6-v2:score-cache,transformers:cross-encoder/nli-MiniLM2-L6-H768:cached
146,conflict_aware,False,False,False,False,False,0.4202,True,True,sentence-transformers:sentence-transformers/all-MiniLM-L6-v2:score-cache,transformers:cross-encoder/nli-MiniLM2-L6-H768:cached
147,conflict_aware,True,False,False,False,False,0.7887,False,True,sentence-transformers:sentence-transformers/all-MiniLM-L6-v2:score-cache,transformers:cross-encoder/nli-MiniLM2-L6-H768:cached
148,conflict_aware,True,False,True,False,False,0.5367,True,True,sentence-transformers:sentence-transformers/all-MiniLM-L6-v2:score-cache,transformers:cross-encoder/nli-MiniLM2-L6-H768:cached
149,conflict_aware,False,False,True,False,False,0.3406,True,True,sentence-transformers:sentence-transformers/all-MiniLM-L6-v2:score-cache,transformers:cross-encoder/nli-MiniLM2-L6-H768:cached
150,conflict_aware,True,False,False,False,False,0.3662,False,True,sentence-transformers:sentence-transformers/all-MiniLM-L6-v2:score-cache,transformers:cross-encoder/nli-MiniLM2-L6-H768:cached
151,conflict_aware,True,False,False,False,False,0.2665,False,True,sentence-transformers:sentence-transformers/all-MiniLM-L6-v2:score-cache,transformers:cross-encoder/nli-MiniLM2-L6-H768:cached
152,conflict_aware,True,False,False,False,False,0.4575,True,True,sentence-transformers:sentence-transformers/all-MiniLM-L6-v2:score-cache,transformers:cross-encoder/nli-MiniLM2-L6-H768:cached
153,conflict_aware,False,False,True,False,False,0.3211,True,True,sentence-transformers:sentence-transformers/all-MiniLM-L6-v2:score-cache,transformers:cross-encoder/nli-MiniLM2-L6-H768:cached
154,conflict_aware,False,False,False,False,False,0.7378,False,False,sentence-transformers:sentence-transformers/all-MiniLM-L6-v2:score-cache,transformers:cross-encoder/nli-MiniLM2-L6-H768:cached
155,conflict_aware,True,True,True,False,False,0.4892,True,True,sentence-transformers:sentence-transformers/all-MiniLM-L6-v2:score-cache,transformers:cross-encoder/nli-MiniLM2-L6-H768:cached
156,conflict_aware,True,False,False,False,False,0.4781,True,True,sentence-transformers:sentence-transformers/all-MiniLM-L6-v2:score-cache,transformers:cross-encoder/nli-MiniLM2-L6-H768:cached
157,conflict_aware,True,False,False,False,False,0.3887,True,True,sentence-transformers:sentence-transformers/all-MiniLM-L6-v2:score-cache,transformers:cross-encoder/nli-MiniLM2-L6-H768:cached
158,conflict_aware,True,False,True,False,False,0.4556,False,True,sentence-transformers:sentence-transformers/all-MiniLM-L6-v2:score-cache,transformers:cross-encoder/nli-MiniLM2-L6-H768:cached
159,conflict_aware,False,False,True,False,False,0.3915,False,True,sentence-transformers:sentence-transformers/all-MiniLM-L6-v2:score-cache,transformers:cross-encoder/nli-MiniLM2-L6-H768:cached
160,conflict_aware,True,False,False,False,False,0.4381,True,True,sentence-transformers:sentence-transformers/all-MiniLM-L6-v2:score-cache,transformers:cross-encoder/nli-MiniLM2-L6-H768:cached
161,conflict_aware,False,False,False,False,False,0.5347,False,True,sentence-transformers:sentence-transformers/all-MiniLM-L6-v2:score-cache,transformers:cross-encoder/nli-MiniLM2-L6-H768:cached
162,conflict_aware,False,False,True,False,False,0.3258,True,True,sentence-transformers:sentence-transformers/all-MiniLM-L6-v2:score-cache,transformers:cross-encoder/nli-MiniLM2-L6-H768:cached
163,conflict_aware,False,False,False,False,False,0.6803,True,True,sentence-transformers:sentence-transformers/all-MiniLM-L6-v2:score-cache,transformers:cross-encoder/nli-MiniLM2-L6-H768:cached
164,conflict_aware,False,False,False,False,False,0.3597,True,True,sentence-transformers:sentence-transformers/all-MiniLM-L6-v2:score-cache,transformers:cross-encoder/nli-MiniLM2-L6-H768:cached
165,conflict_aware,True,False,False,False,False,0.4331,False,True,sentence-transformers:sentence-transformers/all-MiniLM-L6-v2:score-cache,transformers:cross-encoder/nli-MiniLM2-L6-H768:cached
166,conflict_aware,True,False,False,False,False,0.3176,False,True,sentence-transformers:sentence-transformers/all-MiniLM-L6-v2:score-cache,transformers:cross-encoder/nli-MiniLM2-L6-H768:cached
167,conflict_aware,True,True,True,False,False,0.4485,False,True,sentence-transformers:sentence-transformers/all-MiniLM-L6-v2:score-cache,transformers:cross-encoder/nli-MiniLM2-L6-H768:cached
168,conflict_aware,True,False,False,False,False,0.3919,True,True,sentence-transformers:sentence-transformers/all-MiniLM-L6-v2:score-cache,transformers:cross-encoder/nli-MiniLM2-L6-H768:cached
169,conflict_aware,True,False,False,False,False,0.4873,True,True,sentence-transformers:sentence-transformers/all-MiniLM-L6-v2:score-cache,transformers:cross-encoder/nli-MiniLM2-L6-H768:cached
170,conflict_aware,False,False,False,False,False,0.2823,False,True,sentence-transformers:sentence-transformers/all-MiniLM-L6-v2:score-cache,transformers:cross-encoder/nli-MiniLM2-L6-H768:cached
171,conflict_aware,False,False,False,False,False,0.225,False,True,sentence-transformers:sentence-transformers/all-MiniLM-L6-v2:score-cache,transformers:cross-encoder/nli-MiniLM2-L6-H768:cached
172,conflict_aware,True,False,True,False,False,0.3452,False,True,sentence-transformers:sentence-transformers/all-MiniLM-L6-v2:score-cache,transformers:cross-encoder/nli-MiniLM2-L6-H768:cached
173,conflict_aware,True,False,False,False,False,0.4011,True,True,sentence-transformers:sentence-transformers/all-MiniLM-L6-v2:score-cache,transformers:cross-encoder/nli-MiniLM2-L6-H768:cached
174,conflict_aware,True,False,False,False,False,0.3375,False,True,sentence-transformers:sentence-transformers/all-MiniLM-L6-v2:score-cache,transformers:cross-encoder/nli-MiniLM2-L6-H768:cached
175,conflict_aware,True,True,False,True,False,0.3774,True,True,sentence-transformers:sentence-transformers/all-MiniLM-L6-v2:score-cache,transformers:cross-encoder/nli-MiniLM2-L6-H768:cached
176,conflict_aware,True,False,False,False,False,0.4325,False,True,sentence-transformers:sentence-transformers/all-MiniLM-L6-v2:score-cache,transformers:cross-encoder/nli-MiniLM2-L6-H768:cached
177,conflict_aware,True,False,False,False,False,0.4315,False,True,sentence-transformers:sentence-transformers/all-MiniLM-L6-v2:score-cache,transformers:cross-encoder/nli-MiniLM2-L6-H768:cached
178,conflict_aware,True,True,False,True,False,0.1801,False,True,sentence-transformers:sentence-transformers/all-MiniLM-L6-v2:score-cache,transformers:cross-encoder/nli-MiniLM2-L6-H768:cached
179,conflict_aware,True,False,False,False,False,0.7887,False,False,sentence-transformers:sentence-transformers/all-MiniLM-L6-v2:score-cache,not-loaded
180,conflict_aware,True,False,False,False,False,0.3037,False,True,sentence-transformers:sentence-transformers/all-MiniLM-L6-v2:score-cache,transformers:cross-encoder/nli-MiniLM2-L6-H768:cached
181,conflict_aware,False,False,False,False,False,0.4192,True,True,sentence-transformers:sentence-transformers/all-MiniLM-L6-v2:score-cache,transformers:cross-encoder/nli-MiniLM2-L6-H768:cached
182,conflict_aware,False,False,True,False,False,0.4445,True,True,sentence-transformers:sentence-transformers/all-MiniLM-L6-v2:score-cache,transformers:cross-encoder/nli-MiniLM2-L6-H768:cached
183,conflict_aware,True,True,False,True,False,0.5503,True,True,sentence-transformers:sentence-transformers/all-MiniLM-L6-v2:score-cache,transformers:cross-encoder/nli-MiniLM2-L6-H768:cached
184,conflict_aware,True,False,False,False,False,0.836,False,False,sentence-transformers:sentence-transformers/all-MiniLM-L6-v2:score-cache,transformers:cross-encoder/nli-MiniLM2-L6-H768:cached
185,conflict_aware,True,True,False,True,False,0.2401,False,True,sentence-transformers:sentence-transformers/all-MiniLM-L6-v2:score-cache,transformers:cross-encoder/nli-MiniLM2-L6-H768:cached
186,conflict_aware,True,False,False,False,False,0.4469,False,True,sentence-transformers:sentence-transformers/all-MiniLM-L6-v2:score-cache,transformers:cross-encoder/nli-MiniLM2-L6-H768:cached
187,conflict_aware,True,False,False,False,False,0.5468,False,True,sentence-transformers:sentence-transformers/all-MiniLM-L6-v2:score-cache,transformers:cross-encoder/nli-MiniLM2-L6-H768:cached
188,conflict_aware,True,False,False,False,False,0.3997,False,True,sentence-transformers:sentence-transformers/all-MiniLM-L6-v2:score-cache,transformers:cross-encoder/nli-MiniLM2-L6-H768:cached
189,conflict_aware,True,True,False,True,False,0.4825,True,True,sentence-transformers:sentence-transformers/all-MiniLM-L6-v2:score-cache,transformers:cross-encoder/nli-MiniLM2-L6-H768:cached
190,conflict_aware,True,False,True,False,False,0.3308,True,True,sentence-transformers:sentence-transformers/all-MiniLM-L6-v2:score-cache,transformers:cross-encoder/nli-MiniLM2-L6-H768:cached
191,conflict_aware,True,False,False,False,False,0.85,False,False,sentence-transformers:sentence-transformers/all-MiniLM-L6-v2:score-cache,not-loaded
192,conflict_aware,True,True,False,True,False,0.3211,False,True,sentence-transformers:sentence-transformers/all-MiniLM-L6-v2:score-cache,transformers:cross-encoder/nli-MiniLM2-L6-H768:cached
193,conflict_aware,True,False,False,False,False,0.4485,True,True,sentence-transformers:sentence-transformers/all-MiniLM-L6-v2:score-cache,transformers:cross-encoder/nli-MiniLM2-L6-H768:cached
194,conflict_aware,False,False,False,False,False,0.5296,True,True,sentence-transformers:sentence-transformers/all-MiniLM-L6-v2:score-cache,transformers:cross-encoder/nli-MiniLM2-L6-H768:cached
195,conflict_aware,False,False,False,False,False,0.2043,False,True,sentence-transformers:sentence-transformers/all-MiniLM-L6-v2:score-cache,transformers:cross-encoder/nli-MiniLM2-L6-H768:cached
196,conflict_aware,True,True,False,True,False,0.1915,False,True,sentence-transformers:sentence-transformers/all-MiniLM-L6-v2:score-cache,transformers:cross-encoder/nli-MiniLM2-L6-H768:cached
197,conflict_aware,True,False,False,False,False,0.85,False,False,sentence-transformers:sentence-transformers/all-MiniLM-L6-v2:score-cache,not-loaded
198,conflict_aware,True,False,True,False,False,0.2084,True,True,sentence-transformers:sentence-transformers/all-MiniLM-L6-v2:score-cache,transformers:cross-encoder/nli-MiniLM2-L6-H768:cached
199,conflict_aware,False,False,False,False,False,0.3078,True,True,sentence-transformers:sentence-transformers/all-MiniLM-L6-v2:score-cache,transformers:cross-encoder/nli-MiniLM2-L6-H768:cached
200,conflict_aware,True,False,False,False,False,0.3266,False,True,sentence-transformers:sentence-transformers/all-MiniLM-L6-v2:score-cache,transformers:cross-encoder/nli-MiniLM2-L6-H768:cached
201,conflict_aware,False,False,False,False,False,0.3938,True,True,sentence-transformers:sentence-transformers/all-MiniLM-L6-v2:score-cache,transformers:cross-encoder/nli-MiniLM2-L6-H768:cached
202,conflict_aware,True,False,False,False,False,0.4019,False,True,sentence-transformers:sentence-transformers/all-MiniLM-L6-v2:score-cache,transformers:cross-encoder/nli-MiniLM2-L6-H768:cached
203,conflict_aware,True,False,True,False,False,0.3797,False,True,sentence-transformers:sentence-transformers/all-MiniLM-L6-v2:score-cache,transformers:cross-encoder/nli-MiniLM2-L6-H768:cached
204,conflict_aware,True,False,False,False,False,0.3759,True,True,sentence-transformers:sentence-transformers/all-MiniLM-L6-v2:score-cache,transformers:cross-encoder/nli-MiniLM2-L6-H768:cached
205,conflict_aware,False,False,False,False,False,0.3537,False,True,sentence-transformers:sentence-transformers/all-MiniLM-L6-v2:score-cache,transformers:cross-encoder/nli-MiniLM2-L6-H768:cached
206,conflict_aware,True,False,False,False,False,0.4343,True,True,sentence-transformers:sentence-transformers/all-MiniLM-L6-v2:score-cache,transformers:cross-encoder/nli-MiniLM2-L6-H768:cached
207,conflict_aware,False,False,True,False,False,0.439,True,True,sentence-transformers:sentence-transformers/all-MiniLM-L6-v2:score-cache,transformers:cross-encoder/nli-MiniLM2-L6-H768:cached
208,conflict_aware,False,False,False,False,False,0.3646,False,True,sentence-transformers:sentence-transformers/all-MiniLM-L6-v2:score-cache,transformers:cross-encoder/nli-MiniLM2-L6-H768:cached
209,conflict_aware,False,False,True,False,False,0.4971,True,True,sentence-transformers:sentence-transformers/all-MiniLM-L6-v2:score-cache,transformers:cross-encoder/nli-MiniLM2-L6-H768:cached
210,conflict_aware,True,True,False,True,False,0.1933,False,True,sentence-transformers:sentence-transformers/all-MiniLM-L6-v2:score-cache,transformers:cross-encoder/nli-MiniLM2-L6-H768:cached
211,conflict_aware,True,True,False,True,False,0.2314,True,True,sentence-transformers:sentence-transformers/all-MiniLM-L6-v2:score-cache,transformers:cross-encoder/nli-MiniLM2-L6-H768:cached
212,conflict_aware,True,False,False,False,False,0.3203,False,True,sentence-transformers:sentence-transformers/all-MiniLM-L6-v2:score-cache,transformers:cross-encoder/nli-MiniLM2-L6-H768:cached
213,conflict_aware,False,False,False,False,False,0.3941,True,True,sentence-transformers:sentence-transformers/all-MiniLM-L6-v2:score-cache,transformers:cross-encoder/nli-MiniLM2-L6-H768:cached
214,conflict_aware,True,False,False,False,False,0.6357,True,True,sentence-transformers:sentence-transformers/all-MiniLM-L6-v2:score-cache,transformers:cross-encoder/nli-MiniLM2-L6-H768:cached
215,conflict_aware,False,False,False,False,False,0.4162,False,True,sentence-transformers:sentence-transformers/all-MiniLM-L6-v2:score-cache,transformers:cross-encoder/nli-MiniLM2-L6-H768:cached
216,conflict_aware,True,False,False,False,False,0.64,False,False,sentence-transformers:sentence-transformers/all-MiniLM-L6-v2:score-cache,transformers:cross-encoder/nli-MiniLM2-L6-H768:cached
217,conflict_aware,True,True,False,True,False,0.1892,False,True,sentence-transformers:sentence-transformers/all-MiniLM-L6-v2:score-cache,transformers:cross-encoder/nli-MiniLM2-L6-H768:cached
218,conflict_aware,False,False,False,False,False,0.9146,True,False,sentence-transformers:sentence-transformers/all-MiniLM-L6-v2:score-cache,transformers:cross-encoder/nli-MiniLM2-L6-H768:cached
219,conflict_aware,False,False,False,False,False,0.2245,False,True,sentence-transformers:sentence-transformers/all-MiniLM-L6-v2:score-cache,transformers:cross-encoder/nli-MiniLM2-L6-H768:cached
220,conflict_aware,True,False,False,False,False,0.3874,False,True,sentence-transformers:sentence-transformers/all-MiniLM-L6-v2:score-cache,transformers:cross-encoder/nli-MiniLM2-L6-H768:cached
221,conflict_aware,True,False,False,False,False,0.3912,True,True,sentence-transformers:sentence-transformers/all-MiniLM-L6-v2:score-cache,transformers:cross-encoder/nli-MiniLM2-L6-H768:cached
222,conflict_aware,False,False,False,False,False,0.3159,False,True,sentence-transformers:sentence-transformers/all-MiniLM-L6-v2:score-cache,transformers:cross-encoder/nli-MiniLM2-L6-H768:cached
223,conflict_aware,True,False,False,False,False,0.377,True,True,sentence-transformers:sentence-transformers/all-MiniLM-L6-v2:score-cache,transformers:cross-encoder/nli-MiniLM2-L6-H768:cached
224,conflict_aware,False,False,False,False,False,0.3546,True,True,sentence-transformers:sentence-transformers/all-MiniLM-L6-v2:score-cache,transformers:cross-encoder/nli-MiniLM2-L6-H768:cached
225,conflict_aware,True,False,False,False,False,0.4851,True,True,sentence-transformers:sentence-transformers/all-MiniLM-L6-v2:score-cache,transformers:cross-encoder/nli-MiniLM2-L6-H768:cached
226,conflict_aware,True,True,False,True,False,0.3908,False,True,sentence-transformers:sentence-transformers/all-MiniLM-L6-v2:score-cache,transformers:cross-encoder/nli-MiniLM2-L6-H768:cached
227,conflict_aware,True,False,True,False,False,0.4973,False,True,sentence-transformers:sentence-transformers/all-MiniLM-L6-v2:score-cache,transformers:cross-encoder/nli-MiniLM2-L6-H768:cached
228,conflict_aware,False,False,False,False,False,0.221,False,True,sentence-transformers:sentence-transformers/all-MiniLM-L6-v2:score-cache,transformers:cross-encoder/nli-MiniLM2-L6-H768:cached
229,conflict_aware,True,False,False,False,False,0.5491,True,True,sentence-transformers:sentence-transformers/all-MiniLM-L6-v2:score-cache,transformers:cross-encoder/nli-MiniLM2-L6-H768:cached
230,conflict_aware,True,False,False,False,False,0.2133,False,True,sentence-transformers:sentence-transformers/all-MiniLM-L6-v2:score-cache,transformers:cross-encoder/nli-MiniLM2-L6-H768:cached
231,conflict_aware,True,False,False,False,False,0.85,False,False,sentence-transformers:sentence-transformers/all-MiniLM-L6-v2:score-cache,not-loaded
232,conflict_aware,False,False,False,False,False,0.3983,False,True,sentence-transformers:sentence-transformers/all-MiniLM-L6-v2:score-cache,transformers:cross-encoder/nli-MiniLM2-L6-H768:cached
233,conflict_aware,True,False,False,False,False,0.3413,True,True,sentence-transformers:sentence-transformers/all-MiniLM-L6-v2:score-cache,transformers:cross-encoder/nli-MiniLM2-L6-H768:cached
234,conflict_aware,True,False,False,False,False,0.3861,True,True,sentence-transformers:sentence-transformers/all-MiniLM-L6-v2:score-cache,transformers:cross-encoder/nli-MiniLM2-L6-H768:cached
235,conflict_aware,True,False,False,False,False,0.5174,False,True,sentence-transformers:sentence-transformers/all-MiniLM-L6-v2:score-cache,transformers:cross-encoder/nli-MiniLM2-L6-H768:cached
236,conflict_aware,True,False,True,False,False,0.415,False,True,sentence-transformers:sentence-transformers/all-MiniLM-L6-v2:score-cache,transformers:cross-encoder/nli-MiniLM2-L6-H768:cached
237,conflict_aware,True,False,False,False,False,0.3116,False,True,sentence-transformers:sentence-transformers/all-MiniLM-L6-v2:score-cache,transformers:cross-encoder/nli-MiniLM2-L6-H768:cached
238,conflict_aware,True,False,False,False,False,0.3082,True,True,sentence-transformers:sentence-transformers/all-MiniLM-L6-v2:score-cache,transformers:cross-encoder/nli-MiniLM2-L6-H768:cached
239,conflict_aware,True,False,False,False,False,0.2034,False,True,sentence-transformers:sentence-transformers/all-MiniLM-L6-v2:score-cache,transformers:cross-encoder/nli-MiniLM2-L6-H768:cached
240,conflict_aware,True,False,True,False,False,0.3881,True,True,sentence-transformers:sentence-transformers/all-MiniLM-L6-v2:score-cache,transformers:cross-encoder/nli-MiniLM2-L6-H768:cached
241,conflict_aware,False,False,True,False,False,0.3421,True,True,sentence-transformers:sentence-transformers/all-MiniLM-L6-v2:score-cache,transformers:cross-encoder/nli-MiniLM2-L6-H768:cached
242,conflict_aware,True,False,True,False,False,0.3778,False,True,sentence-transformers:sentence-transformers/all-MiniLM-L6-v2:score-cache,transformers:cross-encoder/nli-MiniLM2-L6-H768:cached
243,conflict_aware,True,True,False,True,False,0.193,False,True,sentence-transformers:sentence-transformers/all-MiniLM-L6-v2:score-cache,transformers:cross-encoder/nli-MiniLM2-L6-H768:cached
244,conflict_aware,True,True,False,True,False,0.324,False,True,sentence-transformers:sentence-transformers/all-MiniLM-L6-v2:score-cache,transformers:cross-encoder/nli-MiniLM2-L6-H768:cached
245,conflict_aware,True,False,False,False,False,0.4669,False,True,sentence-transformers:sentence-transformers/all-MiniLM-L6-v2:score-cache,transformers:cross-encoder/nli-MiniLM2-L6-H768:cached
246,conflict_aware,True,True,False,True,False,0.3818,False,True,sentence-transformers:sentence-transformers/all-MiniLM-L6-v2:score-cache,transformers:cross-encoder/nli-MiniLM2-L6-H768:cached
247,conflict_aware,True,False,False,False,False,0.3847,False,True,sentence-transformers:sentence-transformers/all-MiniLM-L6-v2:score-cache,transformers:cross-encoder/nli-MiniLM2-L6-H768:cached
248,conflict_aware,True,False,False,False,False,0.4091,False,True,sentence-transformers:sentence-transformers/all-MiniLM-L6-v2:score-cache,transformers:cross-encoder/nli-MiniLM2-L6-H768:cached
249,conflict_aware,True,False,False,False,False,0.634,False,True,sentence-transformers:sentence-transformers/all-MiniLM-L6-v2:score-cache,transformers:cross-encoder/nli-MiniLM2-L6-H768:cached
250,conflict_aware,True,True,False,True,False,0.3556,True,True,sentence-transformers:sentence-transformers/all-MiniLM-L6-v2:score-cache,transformers:cross-encoder/nli-MiniLM2-L6-H768:cached
251,conflict_aware,True,False,False,False,False,0.3381,False,True,sentence-transformers:sentence-transformers/all-MiniLM-L6-v2:score-cache,transformers:cross-encoder/nli-MiniLM2-L6-H768:cached
252,conflict_aware,True,False,True,False,False,0.2698,True,True,sentence-transformers:sentence-transformers/all-MiniLM-L6-v2:score-cache,transformers:cross-encoder/nli-MiniLM2-L6-H768:cached
253,conflict_aware,True,False,False,False,False,0.4462,True,True,sentence-transformers:sentence-transformers/all-MiniLM-L6-v2:score-cache,transformers:cross-encoder/nli-MiniLM2-L6-H768:cached
254,conflict_aware,True,False,False,False,False,0.5304,True,True,sentence-transformers:sentence-transformers/all-MiniLM-L6-v2:score-cache,transformers:cross-encoder/nli-MiniLM2-L6-H768:cached
255,conflict_aware,True,False,False,False,False,0.4276,False,True,sentence-transformers:sentence-transformers/all-MiniLM-L6-v2:score-cache,transformers:cross-encoder/nli-MiniLM2-L6-H768:cached
256,conflict_aware,False,False,True,False,False,0.5039,True,True,sentence-transformers:sentence-transformers/all-MiniLM-L6-v2:score-cache,transformers:cross-encoder/nli-MiniLM2-L6-H768:cached
257,conflict_aware,False,False,False,False,False,0.675,False,False,sentence-transformers:sentence-transformers/all-MiniLM-L6-v2:score-cache,transformers:cross-encoder/nli-MiniLM2-L6-H768:cached
258,conflict_aware,True,False,False,False,False,0.3543,True,True,sentence-transformers:sentence-transformers/all-MiniLM-L6-v2:score-cache,transformers:cross-encoder/nli-MiniLM2-L6-H768:cached
259,conflict_aware,True,False,False,False,False,0.85,False,False,sentence-transformers:sentence-transformers/all-MiniLM-L6-v2:score-cache,not-loaded
260,conflict_aware,True,False,False,False,False,0.1776,False,True,sentence-transformers:sentence-transformers/all-MiniLM-L6-v2:score-cache,transformers:cross-encoder/nli-MiniLM2-L6-H768:cached
261,conflict_aware,False,False,True,False,False,0.4078,True,True,sentence-transformers:sentence-transformers/all-MiniLM-L6-v2:score-cache,transformers:cross-encoder/nli-MiniLM2-L6-H768:cached
262,conflict_aware,True,True,False,True,False,0.3482,False,True,sentence-transformers:sentence-transformers/all-MiniLM-L6-v2:score-cache,transformers:cross-encoder/nli-MiniLM2-L6-H768:cached
263,conflict_aware,False,False,False,False,False,0.4891,True,True,sentence-transformers:sentence-transformers/all-MiniLM-L6-v2:score-cache,transformers:cross-encoder/nli-MiniLM2-L6-H768:cached
264,conflict_aware,True,False,True,False,False,0.3839,False,True,sentence-transformers:sentence-transformers/all-MiniLM-L6-v2:score-cache,transformers:cross-encoder/nli-MiniLM2-L6-H768:cached
265,conflict_aware,True,False,True,False,False,0.4048,False,True,sentence-transformers:sentence-transformers/all-MiniLM-L6-v2:score-cache,transformers:cross-encoder/nli-MiniLM2-L6-H768:cached
266,conflict_aware,False,False,False,False,False,0.6434,True,True,sentence-transformers:sentence-transformers/all-MiniLM-L6-v2:score-cache,transformers:cross-encoder/nli-MiniLM2-L6-H768:cached
267,conflict_aware,True,False,False,False,False,0.4695,True,True,sentence-transformers:sentence-transformers/all-MiniLM-L6-v2:score-cache,transformers:cross-encoder/nli-MiniLM2-L6-H768:cached
268,conflict_aware,True,False,False,False,False,0.4331,False,True,sentence-transformers:sentence-transformers/all-MiniLM-L6-v2:score-cache,transformers:cross-encoder/nli-MiniLM2-L6-H768:cached
269,conflict_aware,False,False,True,False,False,0.5143,False,True,sentence-transformers:sentence-transformers/all-MiniLM-L6-v2:score-cache,transformers:cross-encoder/nli-MiniLM2-L6-H768:cached
270,conflict_aware,True,True,False,True,False,0.413,False,True,sentence-transformers:sentence-transformers/all-MiniLM-L6-v2:score-cache,transformers:cross-encoder/nli-MiniLM2-L6-H768:cached
271,conflict_aware,False,False,False,False,False,0.5452,True,True,sentence-transformers:sentence-transformers/all-MiniLM-L6-v2:score-cache,transformers:cross-encoder/nli-MiniLM2-L6-H768:cached
272,conflict_aware,True,False,False,False,False,0.4042,False,True,sentence-transformers:sentence-transformers/all-MiniLM-L6-v2:score-cache,transformers:cross-encoder/nli-MiniLM2-L6-H768:cached
273,conflict_aware,True,False,False,False,False,0.3489,False,True,sentence-transformers:sentence-transformers/all-MiniLM-L6-v2:score-cache,transformers:cross-encoder/nli-MiniLM2-L6-H768:cached
274,conflict_aware,True,False,False,False,False,0.6781,False,False,sentence-transformers:sentence-transformers/all-MiniLM-L6-v2:score-cache,not-loaded
275,conflict_aware,True,False,False,False,False,0.3419,False,True,sentence-transformers:sentence-transformers/all-MiniLM-L6-v2:score-cache,transformers:cross-encoder/nli-MiniLM2-L6-H768:cached
276,conflict_aware,True,False,False,False,False,0.3892,False,True,sentence-transformers:sentence-transformers/all-MiniLM-L6-v2:score-cache,transformers:cross-encoder/nli-MiniLM2-L6-H768:cached
277,conflict_aware,True,False,False,False,False,0.4202,False,True,sentence-transformers:sentence-transformers/all-MiniLM-L6-v2:score-cache,transformers:cross-encoder/nli-MiniLM2-L6-H768:cached
278,conflict_aware,False,False,True,False,False,0.4879,True,True,sentence-transformers:sentence-transformers/all-MiniLM-L6-v2:score-cache,transformers:cross-encoder/nli-MiniLM2-L6-H768:cached
279,conflict_aware,False,False,False,False,False,0.429,False,True,sentence-transformers:sentence-transformers/all-MiniLM-L6-v2:score-cache,transformers:cross-encoder/nli-MiniLM2-L6-H768:cached
280,conflict_aware,False,False,False,False,False,0.3478,False,True,sentence-transformers:sentence-transformers/all-MiniLM-L6-v2:score-cache,transformers:cross-encoder/nli-MiniLM2-L6-H768:cached
281,conflict_aware,False,False,False,False,False,0.3892,False,True,sentence-transformers:sentence-transformers/all-MiniLM-L6-v2:score-cache,transformers:cross-encoder/nli-MiniLM2-L6-H768:cached
282,conflict_aware,True,False,False,False,False,0.3963,True,True,sentence-transformers:sentence-transformers/all-MiniLM-L6-v2:score-cache,transformers:cross-encoder/nli-MiniLM2-L6-H768:cached
283,conflict_aware,False,False,False,False,False,0.3966,True,True,sentence-transformers:sentence-transformers/all-MiniLM-L6-v2:score-cache,transformers:cross-encoder/nli-MiniLM2-L6-H768:cached
284,conflict_aware,False,False,False,False,False,0.4988,True,True,sentence-transformers:sentence-transformers/all-MiniLM-L6-v2:score-cache,transformers:cross-encoder/nli-MiniLM2-L6-H768:cached
285,conflict_aware,False,False,False,False,False,0.5211,True,True,sentence-transformers:sentence-transformers/all-MiniLM-L6-v2:score-cache,transformers:cross-encoder/nli-MiniLM2-L6-H768:cached
286,conflict_aware,True,False,False,False,False,0.4481,False,True,sentence-transformers:sentence-transformers/all-MiniLM-L6-v2:score-cache,transformers:cross-encoder/nli-MiniLM2-L6-H768:cached
287,conflict_aware,True,False,False,False,False,0.4416,True,True,sentence-transformers:sentence-transformers/all-MiniLM-L6-v2:score-cache,transformers:cross-encoder/nli-MiniLM2-L6-H768:cached
288,conflict_aware,False,False,False,False,False,0.3735,True,True,sentence-transformers:sentence-transformers/all-MiniLM-L6-v2:score-cache,transformers:cross-encoder/nli-MiniLM2-L6-H768:cached
289,conflict_aware,True,False,False,False,False,0.4095,True,True,sentence-transformers:sentence-transformers/all-MiniLM-L6-v2:score-cache,transformers:cross-encoder/nli-MiniLM2-L6-H768:cached
290,conflict_aware,True,False,False,False,False,0.4018,False,True,sentence-transformers:sentence-transformers/all-MiniLM-L6-v2:score-cache,transformers:cross-encoder/nli-MiniLM2-L6-H768:cached
291,conflict_aware,False,False,True,False,False,0.4537,True,True,sentence-transformers:sentence-transformers/all-MiniLM-L6-v2:score-cache,transformers:cross-encoder/nli-MiniLM2-L6-H768:cached
292,conflict_aware,True,True,False,True,False,0.3838,False,True,sentence-transformers:sentence-transformers/all-MiniLM-L6-v2:score-cache,transformers:cross-encoder/nli-MiniLM2-L6-H768:cached
293,conflict_aware,False,False,False,False,False,0.2033,False,True,sentence-transformers:sentence-transformers/all-MiniLM-L6-v2:score-cache,transformers:cross-encoder/nli-MiniLM2-L6-H768:cached
294,conflict_aware,True,False,False,False,False,0.4253,True,True,sentence-transformers:sentence-transformers/all-MiniLM-L6-v2:score-cache,transformers:cross-encoder/nli-MiniLM2-L6-H768:cached
295,conflict_aware,False,False,False,False,False,0.6676,True,True,sentence-transformers:sentence-transformers/all-MiniLM-L6-v2:score-cache,transformers:cross-encoder/nli-MiniLM2-L6-H768:cached
296,conflict_aware,True,False,False,False,False,0.5439,True,True,sentence-transformers:sentence-transformers/all-MiniLM-L6-v2:score-cache,transformers:cross-encoder/nli-MiniLM2-L6-H768:cached
297,conflict_aware,False,False,True,False,False,0.4808,True,True,sentence-transformers:sentence-transformers/all-MiniLM-L6-v2:score-cache,transformers:cross-encoder/nli-MiniLM2-L6-H768:cached
298,conflict_aware,True,False,False,False,False,0.3524,True,True,sentence-transformers:sentence-transformers/all-MiniLM-L6-v2:score-cache,transformers:cross-encoder/nli-MiniLM2-L6-H768:cached
299,conflict_aware,True,False,False,False,False,0.4201,False,True,sentence-transformers:sentence-transformers/all-MiniLM-L6-v2:score-cache,transformers:cross-encoder/nli-MiniLM2-L6-H768:cached
300,conflict_aware,True,False,False,False,False,0.3759,True,True,sentence-transformers:sentence-transformers/all-MiniLM-L6-v2:score-cache,transformers:cross-encoder/nli-MiniLM2-L6-H768:cached
301,conflict_aware,False,False,False,False,False,0.3523,False,True,sentence-transformers:sentence-transformers/all-MiniLM-L6-v2:score-cache,transformers:cross-encoder/nli-MiniLM2-L6-H768:cached
302,conflict_aware,True,False,False,False,False,0.3936,False,True,sentence-transformers:sentence-transformers/all-MiniLM-L6-v2:score-cache,transformers:cross-encoder/nli-MiniLM2-L6-H768:cached
303,conflict_aware,True,False,False,False,False,0.4099,True,True,sentence-transformers:sentence-transformers/all-MiniLM-L6-v2:score-cache,transformers:cross-encoder/nli-MiniLM2-L6-H768:cached
304,conflict_aware,True,False,False,False,False,0.3822,False,True,sentence-transformers:sentence-transformers/all-MiniLM-L6-v2:score-cache,transformers:cross-encoder/nli-MiniLM2-L6-H768:cached
305,conflict_aware,True,False,False,False,False,0.5062,False,True,sentence-transformers:sentence-transformers/all-MiniLM-L6-v2:score-cache,transformers:cross-encoder/nli-MiniLM2-L6-H768:cached
306,conflict_aware,True,False,False,False,False,0.4236,False,True,sentence-transformers:sentence-transformers/all-MiniLM-L6-v2:score-cache,transformers:cross-encoder/nli-MiniLM2-L6-H768:cached
307,conflict_aware,False,False,False,False,False,0.4373,True,True,sentence-transformers:sentence-transformers/all-MiniLM-L6-v2:score-cache,transformers:cross-encoder/nli-MiniLM2-L6-H768:cached
308,conflict_aware,False,False,False,False,False,0.391,True,True,sentence-transformers:sentence-transformers/all-MiniLM-L6-v2:score-cache,transformers:cross-encoder/nli-MiniLM2-L6-H768:cached
309,conflict_aware,True,False,False,False,False,0.5309,True,True,sentence-transformers:sentence-transformers/all-MiniLM-L6-v2:score-cache,transformers:cross-encoder/nli-MiniLM2-L6-H768:cached
310,conflict_aware,True,False,False,False,False,0.4629,False,True,sentence-transformers:sentence-transformers/all-MiniLM-L6-v2:score-cache,transformers:cross-encoder/nli-MiniLM2-L6-H768:cached
311,conflict_aware,True,False,False,False,False,0.3462,False,True,sentence-transformers:sentence-transformers/all-MiniLM-L6-v2:score-cache,transformers:cross-encoder/nli-MiniLM2-L6-H768:cached
312,conflict_aware,True,False,False,False,False,0.3002,False,True,sentence-transformers:sentence-transformers/all-MiniLM-L6-v2:score-cache,transformers:cross-encoder/nli-MiniLM2-L6-H768:cached
313,conflict_aware,True,False,True,False,False,0.2966,True,True,sentence-transformers:sentence-transformers/all-MiniLM-L6-v2:score-cache,transformers:cross-encoder/nli-MiniLM2-L6-H768:cached
314,conflict_aware,False,False,False,False,False,0.429,True,True,sentence-transformers:sentence-transformers/all-MiniLM-L6-v2:score-cache,transformers:cross-encoder/nli-MiniLM2-L6-H768:cached
315,conflict_aware,True,False,False,False,False,0.1829,False,True,sentence-transformers:sentence-transformers/all-MiniLM-L6-v2:score-cache,transformers:cross-encoder/nli-MiniLM2-L6-H768:cached
316,conflict_aware,True,False,False,False,False,0.275,False,True,sentence-transformers:sentence-transformers/all-MiniLM-L6-v2:score-cache,transformers:cross-encoder/nli-MiniLM2-L6-H768:cached
317,conflict_aware,True,False,False,False,False,0.4682,False,True,sentence-transformers:sentence-transformers/all-MiniLM-L6-v2:score-cache,transformers:cross-encoder/nli-MiniLM2-L6-H768:cached
318,conflict_aware,True,False,True,False,False,0.4367,False,True,sentence-transformers:sentence-transformers/all-MiniLM-L6-v2:score-cache,transformers:cross-encoder/nli-MiniLM2-L6-H768:cached
319,conflict_aware,True,False,False,False,False,0.4391,False,True,sentence-transformers:sentence-transformers/all-MiniLM-L6-v2:score-cache,transformers:cross-encoder/nli-MiniLM2-L6-H768:cached
320,conflict_aware,True,False,False,False,False,0.77,False,False,sentence-transformers:sentence-transformers/all-MiniLM-L6-v2:score-cache,transformers:cross-encoder/nli-MiniLM2-L6-H768:cached
321,conflict_aware,True,False,False,False,False,0.313,False,True,sentence-transformers:sentence-transformers/all-MiniLM-L6-v2:score-cache,transformers:cross-encoder/nli-MiniLM2-L6-H768:cached
322,conflict_aware,True,False,True,False,False,0.3476,True,True,sentence-transformers:sentence-transformers/all-MiniLM-L6-v2:score-cache,transformers:cross-encoder/nli-MiniLM2-L6-H768:cached
323,conflict_aware,True,False,False,False,False,0.4027,True,True,sentence-transformers:sentence-transformers/all-MiniLM-L6-v2:score-cache,transformers:cross-encoder/nli-MiniLM2-L6-H768:cached
324,conflict_aware,True,False,True,False,False,0.249,True,True,sentence-transformers:sentence-transformers/all-MiniLM-L6-v2:score-cache,transformers:cross-encoder/nli-MiniLM2-L6-H768:cached
325,conflict_aware,True,False,False,False,False,0.3245,True,True,sentence-transformers:sentence-transformers/all-MiniLM-L6-v2:score-cache,transformers:cross-encoder/nli-MiniLM2-L6-H768:cached
326,conflict_aware,True,False,False,False,False,0.251,False,True,sentence-transformers:sentence-transformers/all-MiniLM-L6-v2:score-cache,transformers:cross-encoder/nli-MiniLM2-L6-H768:cached
327,conflict_aware,True,False,False,False,False,0.4178,False,True,sentence-transformers:sentence-transformers/all-MiniLM-L6-v2:score-cache,transformers:cross-encoder/nli-MiniLM2-L6-H768:cached
328,conflict_aware,True,False,False,False,False,0.4279,True,True,sentence-transformers:sentence-transformers/all-MiniLM-L6-v2:score-cache,transformers:cross-encoder/nli-MiniLM2-L6-H768:cached
329,conflict_aware,True,False,False,False,False,0.4476,True,True,sentence-transformers:sentence-transformers/all-MiniLM-L6-v2:score-cache,transformers:cross-encoder/nli-MiniLM2-L6-H768:cached
330,conflict_aware,True,False,False,False,False,0.2235,False,True,sentence-transformers:sentence-transformers/all-MiniLM-L6-v2:score-cache,transformers:cross-encoder/nli-MiniLM2-L6-H768:cached
331,conflict_aware,True,False,False,False,False,0.4262,True,True,sentence-transformers:sentence-transformers/all-MiniLM-L6-v2:score-cache,transformers:cross-encoder/nli-MiniLM2-L6-H768:cached
332,conflict_aware,True,False,False,False,False,0.4724,False,True,sentence-transformers:sentence-transformers/all-MiniLM-L6-v2:score-cache,transformers:cross-encoder/nli-MiniLM2-L6-H768:cached
333,conflict_aware,True,False,False,False,False,0.4611,False,True,sentence-transformers:sentence-transformers/all-MiniLM-L6-v2:score-cache,transformers:cross-encoder/nli-MiniLM2-L6-H768:cached
334,conflict_aware,True,False,False,False,False,0.4868,True,True,sentence-transformers:sentence-transformers/all-MiniLM-L6-v2:score-cache,transformers:cross-encoder/nli-MiniLM2-L6-H768:cached
335,conflict_aware,True,False,False,False,False,0.4324,False,True,sentence-transformers:sentence-transformers/all-MiniLM-L6-v2:score-cache,transformers:cross-encoder/nli-MiniLM2-L6-H768:cached
336,conflict_aware,False,False,False,False,False,0.4395,False,True,sentence-transformers:sentence-transformers/all-MiniLM-L6-v2:score-cache,transformers:cross-encoder/nli-MiniLM2-L6-H768:cached
337,conflict_aware,True,False,False,False,False,0.465,False,True,sentence-transformers:sentence-transformers/all-MiniLM-L6-v2:score-cache,transformers:cross-encoder/nli-MiniLM2-L6-H768:cached
338,conflict_aware,False,False,False,False,False,0.609,True,True,sentence-transformers:sentence-transformers/all-MiniLM-L6-v2:score-cache,transformers:cross-encoder/nli-MiniLM2-L6-H768:cached
339,conflict_aware,False,False,False,False,False,0.46,False,True,sentence-transformers:sentence-transformers/all-MiniLM-L6-v2:score-cache,transformers:cross-encoder/nli-MiniLM2-L6-H768:cached
340,conflict_aware,True,False,False,False,False,0.3906,False,True,sentence-transformers:sentence-transformers/all-MiniLM-L6-v2:score-cache,transformers:cross-encoder/nli-MiniLM2-L6-H768:cached
341,conflict_aware,True,False,False,False,False,0.3995,False,True,sentence-transformers:sentence-transformers/all-MiniLM-L6-v2:score-cache,transformers:cross-encoder/nli-MiniLM2-L6-H768:cached
342,conflict_aware,False,False,True,False,False,0.3826,True,True,sentence-transformers:sentence-transformers/all-MiniLM-L6-v2:score-cache,transformers:cross-encoder/nli-MiniLM2-L6-H768:cached
343,conflict_aware,True,False,False,False,False,0.4298,False,True,sentence-transformers:sentence-transformers/all-MiniLM-L6-v2:score-cache,transformers:cross-encoder/nli-MiniLM2-L6-H768:cached
344,conflict_aware,True,True,False,True,False,0.2136,False,True,sentence-transformers:sentence-transformers/all-MiniLM-L6-v2:score-cache,transformers:cross-encoder/nli-MiniLM2-L6-H768:cached
345,conflict_aware,True,False,True,False,False,0.3255,True,True,sentence-transformers:sentence-transformers/all-MiniLM-L6-v2:score-cache,transformers:cross-encoder/nli-MiniLM2-L6-H768:cached
346,conflict_aware,True,False,False,False,False,0.3994,True,True,sentence-transformers:sentence-transformers/all-MiniLM-L6-v2:score-cache,transformers:cross-encoder/nli-MiniLM2-L6-H768:cached
347,conflict_aware,True,False,False,False,False,0.2318,False,True,sentence-transformers:sentence-transformers/all-MiniLM-L6-v2:score-cache,transformers:cross-encoder/nli-MiniLM2-L6-H768:cached
348,conflict_aware,False,False,False,False,False,0.3439,False,True,sentence-transformers:sentence-transformers/all-MiniLM-L6-v2:score-cache,transformers:cross-encoder/nli-MiniLM2-L6-H768:cached
349,conflict_aware,False,False,False,False,False,0.3853,True,True,sentence-transformers:sentence-transformers/all-MiniLM-L6-v2:score-cache,transformers:cross-encoder/nli-MiniLM2-L6-H768:cached
350,conflict_aware,False,False,True,False,False,0.4555,True,True,sentence-transformers:sentence-transformers/all-MiniLM-L6-v2:score-cache,transformers:cross-encoder/nli-MiniLM2-L6-H768:cached
351,conflict_aware,True,False,False,False,False,0.4383,True,True,sentence-transformers:sentence-transformers/all-MiniLM-L6-v2:score-cache,transformers:cross-encoder/nli-MiniLM2-L6-H768:cached
352,conflict_aware,True,False,False,False,False,0.286,False,True,sentence-transformers:sentence-transformers/all-MiniLM-L6-v2:score-cache,transformers:cross-encoder/nli-MiniLM2-L6-H768:cached
353,conflict_aware,True,False,False,False,False,0.3707,False,True,sentence-transformers:sentence-transformers/all-MiniLM-L6-v2:score-cache,transformers:cross-encoder/nli-MiniLM2-L6-H768:cached
354,conflict_aware,True,False,False,False,False,0.4259,False,True,sentence-transformers:sentence-transformers/all-MiniLM-L6-v2:score-cache,transformers:cross-encoder/nli-MiniLM2-L6-H768:cached
355,conflict_aware,True,False,False,False,False,0.455,False,True,sentence-transformers:sentence-transformers/all-MiniLM-L6-v2:score-cache,transformers:cross-encoder/nli-MiniLM2-L6-H768:cached
356,conflict_aware,True,False,True,False,False,0.3009,True,True,sentence-transformers:sentence-transformers/all-MiniLM-L6-v2:score-cache,transformers:cross-encoder/nli-MiniLM2-L6-H768:cached
357,conflict_aware,True,False,False,False,False,0.215,True,True,sentence-transformers:sentence-transformers/all-MiniLM-L6-v2:score-cache,transformers:cross-encoder/nli-MiniLM2-L6-H768:cached
358,conflict_aware,False,False,True,False,False,0.3962,True,True,sentence-transformers:sentence-transformers/all-MiniLM-L6-v2:score-cache,transformers:cross-encoder/nli-MiniLM2-L6-H768:cached
359,conflict_aware,False,False,False,False,False,0.4163,True,True,sentence-transformers:sentence-transformers/all-MiniLM-L6-v2:score-cache,transformers:cross-encoder/nli-MiniLM2-L6-H768:cached
360,conflict_aware,False,False,False,False,False,0.2938,False,True,sentence-transformers:sentence-transformers/all-MiniLM-L6-v2:score-cache,transformers:cross-encoder/nli-MiniLM2-L6-H768:cached
361,conflict_aware,True,False,False,False,False,0.5313,False,True,sentence-transformers:sentence-transformers/all-MiniLM-L6-v2:score-cache,transformers:cross-encoder/nli-MiniLM2-L6-H768:cached
362,conflict_aware,True,False,False,False,False,0.4855,True,True,sentence-transformers:sentence-transformers/all-MiniLM-L6-v2:score-cache,transformers:cross-encoder/nli-MiniLM2-L6-H768:cached
363,conflict_aware,True,False,True,False,False,0.4912,False,True,sentence-transformers:sentence-transformers/all-MiniLM-L6-v2:score-cache,transformers:cross-encoder/nli-MiniLM2-L6-H768:cached
364,conflict_aware,True,False,False,False,False,0.4423,True,True,sentence-transformers:sentence-transformers/all-MiniLM-L6-v2:score-cache,transformers:cross-encoder/nli-MiniLM2-L6-H768:cached
365,conflict_aware,False,False,False,False,False,0.428,False,True,sentence-transformers:sentence-transformers/all-MiniLM-L6-v2:score-cache,transformers:cross-encoder/nli-MiniLM2-L6-H768:cached
366,conflict_aware,True,False,False,False,False,0.2392,False,True,sentence-transformers:sentence-transformers/all-MiniLM-L6-v2:score-cache,transformers:cross-encoder/nli-MiniLM2-L6-H768:cached
367,conflict_aware,False,False,False,False,False,0.4106,True,True,sentence-transformers:sentence-transformers/all-MiniLM-L6-v2:score-cache,transformers:cross-encoder/nli-MiniLM2-L6-H768:cached
368,conflict_aware,True,False,False,False,False,0.4175,False,True,sentence-transformers:sentence-transformers/all-MiniLM-L6-v2:score-cache,transformers:cross-encoder/nli-MiniLM2-L6-H768:cached
369,conflict_aware,True,False,False,False,False,0.2913,True,True,sentence-transformers:sentence-transformers/all-MiniLM-L6-v2:score-cache,transformers:cross-encoder/nli-MiniLM2-L6-H768:cached
370,conflict_aware,True,False,False,False,False,0.3508,True,True,sentence-transformers:sentence-transformers/all-MiniLM-L6-v2:score-cache,transformers:cross-encoder/nli-MiniLM2-L6-H768:cached
371,conflict_aware,True,False,False,False,False,0.4679,False,True,sentence-transformers:sentence-transformers/all-MiniLM-L6-v2:score-cache,transformers:cross-encoder/nli-MiniLM2-L6-H768:cached
372,conflict_aware,True,False,False,False,False,0.3548,False,True,sentence-transformers:sentence-transformers/all-MiniLM-L6-v2:score-cache,transformers:cross-encoder/nli-MiniLM2-L6-H768:cached
373,conflict_aware,True,False,False,False,False,0.2541,False,True,sentence-transformers:sentence-transformers/all-MiniLM-L6-v2:score-cache,transformers:cross-encoder/nli-MiniLM2-L6-H768:cached
374,conflict_aware,True,False,False,False,False,0.3432,False,True,sentence-transformers:sentence-transformers/all-MiniLM-L6-v2:score-cache,transformers:cross-encoder/nli-MiniLM2-L6-H768:cached
375,conflict_aware,False,False,False,False,False,0.3743,True,True,sentence-transformers:sentence-transformers/all-MiniLM-L6-v2:score-cache,transformers:cross-encoder/nli-MiniLM2-L6-H768:cached
376,conflict_aware,False,False,False,False,False,0.4915,True,True,sentence-transformers:sentence-transformers/all-MiniLM-L6-v2:score-cache,transformers:cross-encoder/nli-MiniLM2-L6-H768:cached
377,conflict_aware,True,False,False,False,False,0.489,True,True,sentence-transformers:sentence-transformers/all-MiniLM-L6-v2:score-cache,transformers:cross-encoder/nli-MiniLM2-L6-H768:cached
378,conflict_aware,True,False,False,False,False,0.3579,False,True,sentence-transformers:sentence-transformers/all-MiniLM-L6-v2:score-cache,transformers:cross-encoder/nli-MiniLM2-L6-H768:cached
379,conflict_aware,True,False,False,False,False,0.3354,False,True,sentence-transformers:sentence-transformers/all-MiniLM-L6-v2:score-cache,transformers:cross-encoder/nli-MiniLM2-L6-H768:cached
380,conflict_aware,True,False,False,False,False,0.4088,False,True,sentence-transformers:sentence-transformers/all-MiniLM-L6-v2:score-cache,transformers:cross-encoder/nli-MiniLM2-L6-H768:cached
381,conflict_aware,True,False,False,False,False,0.4244,True,True,sentence-transformers:sentence-transformers/all-MiniLM-L6-v2:score-cache,transformers:cross-encoder/nli-MiniLM2-L6-H768:cached
382,conflict_aware,True,False,False,False,False,0.3204,True,True,sentence-transformers:sentence-transformers/all-MiniLM-L6-v2:score-cache,transformers:cross-encoder/nli-MiniLM2-L6-H768:cached
383,conflict_aware,False,False,True,False,False,0.378,False,True,sentence-transformers:sentence-transformers/all-MiniLM-L6-v2:score-cache,transformers:cross-encoder/nli-MiniLM2-L6-H768:cached
384,conflict_aware,False,False,False,False,False,0.4611,False,True,sentence-transformers:sentence-transformers/all-MiniLM-L6-v2:score-cache,transformers:cross-encoder/nli-MiniLM2-L6-H768:cached
385,conflict_aware,True,False,False,False,False,0.3467,False,True,sentence-transformers:sentence-transformers/all-MiniLM-L6-v2:score-cache,transformers:cross-encoder/nli-MiniLM2-L6-H768:cached
386,conflict_aware,True,False,False,False,False,0.5213,True,True,sentence-transformers:sentence-transformers/all-MiniLM-L6-v2:score-cache,transformers:cross-encoder/nli-MiniLM2-L6-H768:cached
387,conflict_aware,False,False,False,False,False,0.3892,False,True,sentence-transformers:sentence-transformers/all-MiniLM-L6-v2:score-cache,transformers:cross-encoder/nli-MiniLM2-L6-H768:cached
388,conflict_aware,False,False,True,False,False,0.4235,True,True,sentence-transformers:sentence-transformers/all-MiniLM-L6-v2:score-cache,transformers:cross-encoder/nli-MiniLM2-L6-H768:cached
389,conflict_aware,True,False,False,False,False,0.3507,False,True,sentence-transformers:sentence-transformers/all-MiniLM-L6-v2:score-cache,transformers:cross-encoder/nli-MiniLM2-L6-H768:cached
390,conflict_aware,True,False,False,False,False,0.3973,True,True,sentence-transformers:sentence-transformers/all-MiniLM-L6-v2:score-cache,transformers:cross-encoder/nli-MiniLM2-L6-H768:cached
391,conflict_aware,True,False,False,False,False,0.3515,True,True,sentence-transformers:sentence-transformers/all-MiniLM-L6-v2:score-cache,transformers:cross-encoder/nli-MiniLM2-L6-H768:cached
392,conflict_aware,False,False,True,False,False,0.2151,True,True,sentence-transformers:sentence-transformers/all-MiniLM-L6-v2:score-cache,transformers:cross-encoder/nli-MiniLM2-L6-H768:cached
393,conflict_aware,True,False,False,False,False,0.3846,True,True,sentence-transformers:sentence-transformers/all-MiniLM-L6-v2:score-cache,transformers:cross-encoder/nli-MiniLM2-L6-H768:cached
394,conflict_aware,True,False,False,False,False,0.3896,False,True,sentence-transformers:sentence-transformers/all-MiniLM-L6-v2:score-cache,transformers:cross-encoder/nli-MiniLM2-L6-H768:cached
395,conflict_aware,True,False,False,False,False,0.456,False,True,sentence-transformers:sentence-transformers/all-MiniLM-L6-v2:score-cache,transformers:cross-encoder/nli-MiniLM2-L6-H768:cached
396,conflict_aware,True,False,False,False,False,0.3,False,True,sentence-transformers:sentence-transformers/all-MiniLM-L6-v2:score-cache,transformers:cross-encoder/nli-MiniLM2-L6-H768:cached
397,conflict_aware,True,False,False,False,False,0.3524,True,True,sentence-transformers:sentence-transformers/all-MiniLM-L6-v2:score-cache,transformers:cross-encoder/nli-MiniLM2-L6-H768:cached
398,conflict_aware,False,False,False,False,False,0.4265,True,True,sentence-transformers:sentence-transformers/all-MiniLM-L6-v2:score-cache,transformers:cross-encoder/nli-MiniLM2-L6-H768:cached
399,conflict_aware,False,False,False,False,False,0.3894,True,True,sentence-transformers:sentence-transformers/all-MiniLM-L6-v2:score-cache,transformers:cross-encoder/nli-MiniLM2-L6-H768:cached
400,conflict_aware,False,False,False,False,False,0.429,False,True,sentence-transformers:sentence-transformers/all-MiniLM-L6-v2:score-cache,transformers:cross-encoder/nli-MiniLM2-L6-H768:cached
401,conflict_aware,True,True,False,True,False,0.7846,False,True,sentence-transformers:sentence-transformers/all-MiniLM-L6-v2:score-cache,transformers:cross-encoder/nli-MiniLM2-L6-H768:cached
402,conflict_aware,True,False,False,False,False,0.3597,False,True,sentence-transformers:sentence-transformers/all-MiniLM-L6-v2:score-cache,transformers:cross-encoder/nli-MiniLM2-L6-H768:cached
403,conflict_aware,True,False,False,False,False,0.3105,False,True,sentence-transformers:sentence-transformers/all-MiniLM-L6-v2:score-cache,transformers:cross-encoder/nli-MiniLM2-L6-H768:cached
404,conflict_aware,True,False,False,False,False,0.3072,False,True,sentence-transformers:sentence-transformers/all-MiniLM-L6-v2:score-cache,transformers:cross-encoder/nli-MiniLM2-L6-H768:cached
405,conflict_aware,True,False,False,False,False,0.4026,False,True,sentence-transformers:sentence-transformers/all-MiniLM-L6-v2:score-cache,transformers:cross-encoder/nli-MiniLM2-L6-H768:cached
406,conflict_aware,False,False,False,False,False,0.4249,True,True,sentence-transformers:sentence-transformers/all-MiniLM-L6-v2:score-cache,transformers:cross-encoder/nli-MiniLM2-L6-H768:cached
407,conflict_aware,True,False,False,False,False,0.4051,True,True,sentence-transformers:sentence-transformers/all-MiniLM-L6-v2:score-cache,transformers:cross-encoder/nli-MiniLM2-L6-H768:cached
408,conflict_aware,False,False,False,False,False,0.3584,True,True,sentence-transformers:sentence-transformers/all-MiniLM-L6-v2:score-cache,transformers:cross-encoder/nli-MiniLM2-L6-H768:cached
409,conflict_aware,True,False,False,False,False,0.4107,True,True,sentence-transformers:sentence-transformers/all-MiniLM-L6-v2:score-cache,transformers:cross-encoder/nli-MiniLM2-L6-H768:cached
410,conflict_aware,True,False,False,False,False,0.7227,True,True,sentence-transformers:sentence-transformers/all-MiniLM-L6-v2:score-cache,transformers:cross-encoder/nli-MiniLM2-L6-H768:cached
411,conflict_aware,True,False,False,False,False,0.4494,False,True,sentence-transformers:sentence-transformers/all-MiniLM-L6-v2:score-cache,transformers:cross-encoder/nli-MiniLM2-L6-H768:cached
412,conflict_aware,False,False,True,False,False,0.4461,True,True,sentence-transformers:sentence-transformers/all-MiniLM-L6-v2:score-cache,transformers:cross-encoder/nli-MiniLM2-L6-H768:cached
413,conflict_aware,False,False,False,False,False,0.4491,True,True,sentence-transformers:sentence-transformers/all-MiniLM-L6-v2:score-cache,transformers:cross-encoder/nli-MiniLM2-L6-H768:cached
414,conflict_aware,False,False,True,False,False,0.4142,True,True,sentence-transformers:sentence-transformers/all-MiniLM-L6-v2:score-cache,transformers:cross-encoder/nli-MiniLM2-L6-H768:cached
415,conflict_aware,True,False,False,False,False,0.3543,True,True,sentence-transformers:sentence-transformers/all-MiniLM-L6-v2:score-cache,transformers:cross-encoder/nli-MiniLM2-L6-H768:cached
416,conflict_aware,False,False,False,False,False,0.3993,False,True,sentence-transformers:sentence-transformers/all-MiniLM-L6-v2:score-cache,transformers:cross-encoder/nli-MiniLM2-L6-H768:cached
417,conflict_aware,True,False,False,False,False,0.4243,False,True,sentence-transformers:sentence-transformers/all-MiniLM-L6-v2:score-cache,transformers:cross-encoder/nli-MiniLM2-L6-H768:cached
418,conflict_aware,True,False,True,False,False,0.594,True,True,sentence-transformers:sentence-transformers/all-MiniLM-L6-v2:score-cache,transformers:cross-encoder/nli-MiniLM2-L6-H768:cached
419,conflict_aware,True,False,False,False,False,0.3371,False,True,sentence-transformers:sentence-transformers/all-MiniLM-L6-v2:score-cache,transformers:cross-encoder/nli-MiniLM2-L6-H768:cached
420,conflict_aware,False,False,False,False,False,0.4375,True,True,sentence-transformers:sentence-transformers/all-MiniLM-L6-v2:score-cache,transformers:cross-encoder/nli-MiniLM2-L6-H768:cached
421,conflict_aware,True,False,False,False,False,0.4378,False,True,sentence-transformers:sentence-transformers/all-MiniLM-L6-v2:score-cache,transformers:cross-encoder/nli-MiniLM2-L6-H768:cached
422,conflict_aware,True,False,False,False,False,0.4081,False,True,sentence-transformers:sentence-transformers/all-MiniLM-L6-v2:score-cache,transformers:cross-encoder/nli-MiniLM2-L6-H768:cached
423,conflict_aware,True,False,False,False,False,0.3921,False,True,sentence-transformers:sentence-transformers/all-MiniLM-L6-v2:score-cache,transformers:cross-encoder/nli-MiniLM2-L6-H768:cached
424,conflict_aware,False,False,False,False,False,0.2611,True,True,sentence-transformers:sentence-transformers/all-MiniLM-L6-v2:score-cache,transformers:cross-encoder/nli-MiniLM2-L6-H768:cached
425,conflict_aware,True,False,False,False,False,0.3757,False,True,sentence-transformers:sentence-transformers/all-MiniLM-L6-v2:score-cache,transformers:cross-encoder/nli-MiniLM2-L6-H768:cached
426,conflict_aware,True,False,True,False,False,0.3649,True,True,sentence-transformers:sentence-transformers/all-MiniLM-L6-v2:score-cache,transformers:cross-encoder/nli-MiniLM2-L6-H768:cached
427,conflict_aware,True,False,False,False,False,0.2596,False,True,sentence-transformers:sentence-transformers/all-MiniLM-L6-v2:score-cache,transformers:cross-encoder/nli-MiniLM2-L6-H768:cached
428,conflict_aware,False,False,False,False,False,0.2391,False,True,sentence-transformers:sentence-transformers/all-MiniLM-L6-v2:score-cache,transformers:cross-encoder/nli-MiniLM2-L6-H768:cached
429,conflict_aware,True,False,False,False,False,0.3725,True,True,sentence-transformers:sentence-transformers/all-MiniLM-L6-v2:score-cache,transformers:cross-encoder/nli-MiniLM2-L6-H768:cached
430,conflict_aware,True,False,False,False,False,0.3903,False,True,sentence-transformers:sentence-transformers/all-MiniLM-L6-v2:score-cache,transformers:cross-encoder/nli-MiniLM2-L6-H768:cached
431,conflict_aware,True,False,False,False,False,0.4437,True,True,sentence-transformers:sentence-transformers/all-MiniLM-L6-v2:score-cache,transformers:cross-encoder/nli-MiniLM2-L6-H768:cached
432,conflict_aware,True,False,False,False,False,0.2258,False,True,sentence-transformers:sentence-transformers/all-MiniLM-L6-v2:score-cache,transformers:cross-encoder/nli-MiniLM2-L6-H768:cached
433,conflict_aware,False,False,False,False,False,0.3478,False,True,sentence-transformers:sentence-transformers/all-MiniLM-L6-v2:score-cache,transformers:cross-encoder/nli-MiniLM2-L6-H768:cached
434,conflict_aware,True,False,True,False,False,0.3516,True,True,sentence-transformers:sentence-transformers/all-MiniLM-L6-v2:score-cache,transformers:cross-encoder/nli-MiniLM2-L6-H768:cached
435,conflict_aware,False,False,False,False,False,0.2747,False,True,sentence-transformers:sentence-transformers/all-MiniLM-L6-v2:score-cache,transformers:cross-encoder/nli-MiniLM2-L6-H768:cached
436,conflict_aware,True,False,False,False,False,0.3739,False,True,sentence-transformers:sentence-transformers/all-MiniLM-L6-v2:score-cache,transformers:cross-encoder/nli-MiniLM2-L6-H768:cached
437,conflict_aware,True,False,False,False,False,0.339,False,True,sentence-transformers:sentence-transformers/all-MiniLM-L6-v2:score-cache,transformers:cross-encoder/nli-MiniLM2-L6-H768:cached
438,conflict_aware,True,False,False,False,False,0.3944,True,True,sentence-transformers:sentence-transformers/all-MiniLM-L6-v2:score-cache,transformers:cross-encoder/nli-MiniLM2-L6-H768:cached
439,conflict_aware,True,False,False,False,False,0.4392,False,True,sentence-transformers:sentence-transformers/all-MiniLM-L6-v2:score-cache,transformers:cross-encoder/nli-MiniLM2-L6-H768:cached
440,conflict_aware,True,False,False,False,False,0.3244,False,True,sentence-transformers:sentence-transformers/all-MiniLM-L6-v2:score-cache,transformers:cross-encoder/nli-MiniLM2-L6-H768:cached
441,conflict_aware,False,False,False,False,False,0.2886,False,True,sentence-transformers:sentence-transformers/all-MiniLM-L6-v2:score-cache,transformers:cross-encoder/nli-MiniLM2-L6-H768:cached
442,conflict_aware,False,False,False,False,False,0.5119,True,True,sentence-transformers:sentence-transformers/all-MiniLM-L6-v2:score-cache,transformers:cross-encoder/nli-MiniLM2-L6-H768:cached
443,conflict_aware,True,False,True,False,False,0.3868,True,True,sentence-transformers:sentence-transformers/all-MiniLM-L6-v2:score-cache,transformers:cross-encoder/nli-MiniLM2-L6-H768:cached
444,conflict_aware,True,False,False,False,False,0.3652,True,True,sentence-transformers:sentence-transformers/all-MiniLM-L6-v2:score-cache,transformers:cross-encoder/nli-MiniLM2-L6-H768:cached
445,conflict_aware,True,False,False,False,False,0.4484,False,True,sentence-transformers:sentence-transformers/all-MiniLM-L6-v2:score-cache,transformers:cross-encoder/nli-MiniLM2-L6-H768:cached
446,conflict_aware,False,False,False,False,False,0.4358,True,True,sentence-transformers:sentence-transformers/all-MiniLM-L6-v2:score-cache,transformers:cross-encoder/nli-MiniLM2-L6-H768:cached
447,conflict_aware,True,False,False,False,False,0.3846,True,True,sentence-transformers:sentence-transformers/all-MiniLM-L6-v2:score-cache,transformers:cross-encoder/nli-MiniLM2-L6-H768:cached
448,conflict_aware,True,False,False,False,False,0.5024,True,True,sentence-transformers:sentence-transformers/all-MiniLM-L6-v2:score-cache,transformers:cross-encoder/nli-MiniLM2-L6-H768:cached
449,conflict_aware,True,False,False,False,False,0.2462,False,True,sentence-transformers:sentence-transformers/all-MiniLM-L6-v2:score-cache,transformers:cross-encoder/nli-MiniLM2-L6-H768:cached
450,conflict_aware,True,False,False,False,False,0.4018,True,True,sentence-transformers:sentence-transformers/all-MiniLM-L6-v2:score-cache,transformers:cross-encoder/nli-MiniLM2-L6-H768:cached
451,conflict_aware,True,False,False,False,False,0.4711,True,True,sentence-transformers:sentence-transformers/all-MiniLM-L6-v2:score-cache,transformers:cross-encoder/nli-MiniLM2-L6-H768:cached
452,conflict_aware,True,False,True,False,False,0.5992,False,True,sentence-transformers:sentence-transformers/all-MiniLM-L6-v2:score-cache,transformers:cross-encoder/nli-MiniLM2-L6-H768:cached
453,conflict_aware,True,False,False,False,False,0.4384,True,True,sentence-transformers:sentence-transformers/all-MiniLM-L6-v2:score-cache,transformers:cross-encoder/nli-MiniLM2-L6-H768:cached
454,conflict_aware,True,False,True,False,False,0.4462,False,True,sentence-transformers:sentence-transformers/all-MiniLM-L6-v2:score-cache,transformers:cross-encoder/nli-MiniLM2-L6-H768:cached
455,conflict_aware,True,False,False,False,False,0.5578,True,True,sentence-transformers:sentence-transformers/all-MiniLM-L6-v2:score-cache,transformers:cross-encoder/nli-MiniLM2-L6-H768:cached
456,conflict_aware,True,False,False,False,False,0.4547,False,True,sentence-transformers:sentence-transformers/all-MiniLM-L6-v2:score-cache,transformers:cross-encoder/nli-MiniLM2-L6-H768:cached
457,conflict_aware,True,False,False,False,False,0.3798,True,True,sentence-transformers:sentence-transformers/all-MiniLM-L6-v2:score-cache,transformers:cross-encoder/nli-MiniLM2-L6-H768:cached
458,conflict_aware,True,False,False,False,False,0.5216,False,True,sentence-transformers:sentence-transformers/all-MiniLM-L6-v2:score-cache,transformers:cross-encoder/nli-MiniLM2-L6-H768:cached
459,conflict_aware,True,False,False,False,False,0.3961,False,True,sentence-transformers:sentence-transformers/all-MiniLM-L6-v2:score-cache,transformers:cross-encoder/nli-MiniLM2-L6-H768:cached
460,conflict_aware,True,False,False,False,False,0.4211,True,True,sentence-transformers:sentence-transformers/all-MiniLM-L6-v2:score-cache,transformers:cross-encoder/nli-MiniLM2-L6-H768:cached
461,conflict_aware,True,False,False,False,False,0.2618,True,True,sentence-transformers:sentence-transformers/all-MiniLM-L6-v2:score-cache,transformers:cross-encoder/nli-MiniLM2-L6-H768:cached
462,conflict_aware,True,False,False,False,False,0.4828,False,True,sentence-transformers:sentence-transformers/all-MiniLM-L6-v2:score-cache,transformers:cross-encoder/nli-MiniLM2-L6-H768:cached
463,conflict_aware,True,False,True,False,False,0.4437,True,True,sentence-transformers:sentence-transformers/all-MiniLM-L6-v2:score-cache,transformers:cross-encoder/nli-MiniLM2-L6-H768:cached
464,conflict_aware,False,False,True,False,False,0.4499,True,True,sentence-transformers:sentence-transformers/all-MiniLM-L6-v2:score-cache,transformers:cross-encoder/nli-MiniLM2-L6-H768:cached
465,conflict_aware,True,False,False,False,False,0.5406,True,True,sentence-transformers:sentence-transformers/all-MiniLM-L6-v2:score-cache,transformers:cross-encoder/nli-MiniLM2-L6-H768:cached
466,conflict_aware,True,False,False,False,False,0.3884,True,True,sentence-transformers:sentence-transformers/all-MiniLM-L6-v2:score-cache,transformers:cross-encoder/nli-MiniLM2-L6-H768:cached
467,conflict_aware,True,False,True,False,False,0.3643,True,True,sentence-transformers:sentence-transformers/all-MiniLM-L6-v2:score-cache,transformers:cross-encoder/nli-MiniLM2-L6-H768:cached
468,conflict_aware,True,False,True,False,False,0.2864,True,True,sentence-transformers:sentence-transformers/all-MiniLM-L6-v2:score-cache,transformers:cross-encoder/nli-MiniLM2-L6-H768:cached
469,conflict_aware,False,False,False,False,False,0.3934,True,True,sentence-transformers:sentence-transformers/all-MiniLM-L6-v2:score-cache,transformers:cross-encoder/nli-MiniLM2-L6-H768:cached
470,conflict_aware,False,False,False,False,False,0.4725,True,True,sentence-transformers:sentence-transformers/all-MiniLM-L6-v2:score-cache,transformers:cross-encoder/nli-MiniLM2-L6-H768:cached
471,conflict_aware,True,False,False,False,False,0.4162,False,True,sentence-transformers:sentence-transformers/all-MiniLM-L6-v2:score-cache,transformers:cross-encoder/nli-MiniLM2-L6-H768:cached
472,conflict_aware,True,False,False,False,False,0.4197,False,True,sentence-transformers:sentence-transformers/all-MiniLM-L6-v2:score-cache,transformers:cross-encoder/nli-MiniLM2-L6-H768:cached
473,conflict_aware,True,False,False,False,False,0.4589,True,True,sentence-transformers:sentence-transformers/all-MiniLM-L6-v2:score-cache,transformers:cross-encoder/nli-MiniLM2-L6-H768:cached
474,conflict_aware,True,False,False,False,False,0.4971,True,True,sentence-transformers:sentence-transformers/all-MiniLM-L6-v2:score-cache,transformers:cross-encoder/nli-MiniLM2-L6-H768:cached
475,conflict_aware,False,False,True,False,False,0.3888,True,True,sentence-transformers:sentence-transformers/all-MiniLM-L6-v2:score-cache,transformers:cross-encoder/nli-MiniLM2-L6-H768:cached
476,conflict_aware,True,False,False,False,False,0.3885,False,True,sentence-transformers:sentence-transformers/all-MiniLM-L6-v2:score-cache,transformers:cross-encoder/nli-MiniLM2-L6-H768:cached
477,conflict_aware,True,False,False,False,False,0.4131,True,True,sentence-transformers:sentence-transformers/all-MiniLM-L6-v2:score-cache,transformers:cross-encoder/nli-MiniLM2-L6-H768:cached
478,conflict_aware,True,False,False,False,False,0.4201,False,True,sentence-transformers:sentence-transformers/all-MiniLM-L6-v2:score-cache,transformers:cross-encoder/nli-MiniLM2-L6-H768:cached
479,conflict_aware,True,False,False,False,False,0.4312,True,True,sentence-transformers:sentence-transformers/all-MiniLM-L6-v2:score-cache,transformers:cross-encoder/nli-MiniLM2-L6-H768:cached
480,conflict_aware,True,False,False,False,False,0.4482,False,True,sentence-transformers:sentence-transformers/all-MiniLM-L6-v2:score-cache,transformers:cross-encoder/nli-MiniLM2-L6-H768:cached
481,conflict_aware,True,False,False,False,False,0.3697,False,True,sentence-transformers:sentence-transformers/all-MiniLM-L6-v2:score-cache,transformers:cross-encoder/nli-MiniLM2-L6-H768:cached
482,conflict_aware,False,False,False,False,False,0.4709,True,True,sentence-transformers:sentence-transformers/all-MiniLM-L6-v2:score-cache,transformers:cross-encoder/nli-MiniLM2-L6-H768:cached
483,conflict_aware,False,False,False,False,False,0.3726,False,True,sentence-transformers:sentence-transformers/all-MiniLM-L6-v2:score-cache,transformers:cross-encoder/nli-MiniLM2-L6-H768:cached
484,conflict_aware,True,False,False,False,False,0.4358,False,True,sentence-transformers:sentence-transformers/all-MiniLM-L6-v2:score-cache,transformers:cross-encoder/nli-MiniLM2-L6-H768:cached
485,conflict_aware,True,False,False,False,False,0.4446,True,True,sentence-transformers:sentence-transformers/all-MiniLM-L6-v2:score-cache,transformers:cross-encoder/nli-MiniLM2-L6-H768:cached
486,conflict_aware,True,False,False,False,False,0.3967,True,True,sentence-transformers:sentence-transformers/all-MiniLM-L6-v2:score-cache,transformers:cross-encoder/nli-MiniLM2-L6-H768:cached
487,conflict_aware,True,False,False,False,False,0.3698,True,True,sentence-transformers:sentence-transformers/all-MiniLM-L6-v2:score-cache,transformers:cross-encoder/nli-MiniLM2-L6-H768:cached
488,conflict_aware,False,False,False,False,False,0.3183,False,True,sentence-transformers:sentence-transformers/all-MiniLM-L6-v2:score-cache,transformers:cross-encoder/nli-MiniLM2-L6-H768:cached
489,conflict_aware,True,False,False,False,False,0.3795,False,True,sentence-transformers:sentence-transformers/all-MiniLM-L6-v2:score-cache,transformers:cross-encoder/nli-MiniLM2-L6-H768:cached
490,conflict_aware,True,False,False,False,False,0.4016,True,True,sentence-transformers:sentence-transformers/all-MiniLM-L6-v2:score-cache,transformers:cross-encoder/nli-MiniLM2-L6-H768:cached
491,conflict_aware,True,False,False,False,False,0.4555,False,True,sentence-transformers:sentence-transformers/all-MiniLM-L6-v2:score-cache,transformers:cross-encoder/nli-MiniLM2-L6-H768:cached
492,conflict_aware,True,False,False,False,False,0.3929,False,True,sentence-transformers:sentence-transformers/all-MiniLM-L6-v2:score-cache,transformers:cross-encoder/nli-MiniLM2-L6-H768:cached
493,conflict_aware,True,False,False,False,False,0.4864,True,True,sentence-transformers:sentence-transformers/all-MiniLM-L6-v2:score-cache,transformers:cross-encoder/nli-MiniLM2-L6-H768:cached
494,conflict_aware,True,False,False,False,False,0.3827,False,True,sentence-transformers:sentence-transformers/all-MiniLM-L6-v2:score-cache,transformers:cross-encoder/nli-MiniLM2-L6-H768:cached
495,conflict_aware,True,False,False,False,False,0.5071,True,True,sentence-transformers:sentence-transformers/all-MiniLM-L6-v2:score-cache,transformers:cross-encoder/nli-MiniLM2-L6-H768:cached
496,conflict_aware,True,False,False,False,False,0.423,True,True,sentence-transformers:sentence-transformers/all-MiniLM-L6-v2:score-cache,transformers:cross-encoder/nli-MiniLM2-L6-H768:cached
497,conflict_aware,True,False,False,False,False,0.4909,False,True,sentence-transformers:sentence-transformers/all-MiniLM-L6-v2:score-cache,transformers:cross-encoder/nli-MiniLM2-L6-H768:cached
498,conflict_aware,True,False,True,False,False,0.3258,True,True,sentence-transformers:sentence-transformers/all-MiniLM-L6-v2:score-cache,transformers:cross-encoder/nli-MiniLM2-L6-H768:cached
499,conflict_aware,True,False,True,False,False,0.5612,True,True,sentence-transformers:sentence-transformers/all-MiniLM-L6-v2:score-cache,transformers:cross-encoder/nli-MiniLM2-L6-H768:cached
0,consensus_rag,False,False,False,False,False,0.6638,False,False,sentence-transformers:sentence-transformers/all-MiniLM-L6-v2:score-cache,transformers:cross-encoder/nli-MiniLM2-L6-H768:relation-cache
1,consensus_rag,True,True,False,True,False,0.2169,False,True,sentence-transformers:sentence-transformers/all-MiniLM-L6-v2:score-cache,transformers:cross-encoder/nli-MiniLM2-L6-H768:relation-cache
2,consensus_rag,True,True,False,True,False,0.3579,True,True,sentence-transformers:sentence-transformers/all-MiniLM-L6-v2:score-cache,transformers:cross-encoder/nli-MiniLM2-L6-H768:relation-cache
3,consensus_rag,True,True,True,False,False,0.4042,False,True,sentence-transformers:sentence-transformers/all-MiniLM-L6-v2:score-cache,transformers:cross-encoder/nli-MiniLM2-L6-H768:relation-cache
4,consensus_rag,False,False,True,False,False,0.4477,True,True,sentence-transformers:sentence-transformers/all-MiniLM-L6-v2:score-cache,transformers:cross-encoder/nli-MiniLM2-L6-H768:relation-cache
5,consensus_rag,False,False,False,False,False,0.3984,False,True,sentence-transformers:sentence-transformers/all-MiniLM-L6-v2:score-cache,transformers:cross-encoder/nli-MiniLM2-L6-H768:relation-cache
6,consensus_rag,True,True,False,True,False,0.4863,True,True,sentence-transformers:sentence-transformers/all-MiniLM-L6-v2:score-cache,transformers:cross-encoder/nli-MiniLM2-L6-H768:relation-cache
7,consensus_rag,False,False,True,False,False,0.7202,False,False,sentence-transformers:sentence-transformers/all-MiniLM-L6-v2:score-cache,transformers:cross-encoder/nli-MiniLM2-L6-H768:relation-cache
8,consensus_rag,False,False,True,False,False,0.85,True,False,sentence-transformers:sentence-transformers/all-MiniLM-L6-v2:score-cache,not-loaded
9,consensus_rag,True,True,False,True,False,0.6616,True,False,sentence-transformers:sentence-transformers/all-MiniLM-L6-v2:score-cache,transformers:cross-encoder/nli-MiniLM2-L6-H768:relation-cache
10,consensus_rag,False,False,False,False,False,0.2276,False,True,sentence-transformers:sentence-transformers/all-MiniLM-L6-v2:score-cache,transformers:cross-encoder/nli-MiniLM2-L6-H768:relation-cache
11,consensus_rag,True,True,False,True,False,0.2248,False,True,sentence-transformers:sentence-transformers/all-MiniLM-L6-v2:score-cache,transformers:cross-encoder/nli-MiniLM2-L6-H768:relation-cache
12,consensus_rag,True,True,False,True,False,0.3682,True,True,sentence-transformers:sentence-transformers/all-MiniLM-L6-v2:score-cache,transformers:cross-encoder/nli-MiniLM2-L6-H768:relation-cache
13,consensus_rag,True,True,False,True,False,0.5058,True,True,sentence-transformers:sentence-transformers/all-MiniLM-L6-v2:score-cache,transformers:cross-encoder/nli-MiniLM2-L6-H768:relation-cache
14,consensus_rag,True,True,False,True,False,0.2831,True,True,sentence-transformers:sentence-transformers/all-MiniLM-L6-v2:score-cache,transformers:cross-encoder/nli-MiniLM2-L6-H768:relation-cache
15,consensus_rag,False,False,False,False,False,0.3203,True,True,sentence-transformers:sentence-transformers/all-MiniLM-L6-v2:score-cache,transformers:cross-encoder/nli-MiniLM2-L6-H768:relation-cache
16,consensus_rag,True,True,False,True,False,0.64,False,False,sentence-transformers:sentence-transformers/all-MiniLM-L6-v2:score-cache,transformers:cross-encoder/nli-MiniLM2-L6-H768:relation-cache
17,consensus_rag,True,True,False,True,False,0.6283,False,False,sentence-transformers:sentence-transformers/all-MiniLM-L6-v2:score-cache,not-loaded
18,consensus_rag,False,False,True,False,False,0.3465,False,True,sentence-transformers:sentence-transformers/all-MiniLM-L6-v2:score-cache,transformers:cross-encoder/nli-MiniLM2-L6-H768:relation-cache
19,consensus_rag,True,True,False,True,False,0.3683,False,True,sentence-transformers:sentence-transformers/all-MiniLM-L6-v2:score-cache,transformers:cross-encoder/nli-MiniLM2-L6-H768:relation-cache
20,consensus_rag,False,False,True,False,False,0.4537,True,True,sentence-transformers:sentence-transformers/all-MiniLM-L6-v2:score-cache,transformers:cross-encoder/nli-MiniLM2-L6-H768:relation-cache
21,consensus_rag,False,False,False,False,False,0.2829,True,True,sentence-transformers:sentence-transformers/all-MiniLM-L6-v2:score-cache,transformers:cross-encoder/nli-MiniLM2-L6-H768:relation-cache
22,consensus_rag,False,False,True,False,False,0.308,True,True,sentence-transformers:sentence-transformers/all-MiniLM-L6-v2:score-cache,transformers:cross-encoder/nli-MiniLM2-L6-H768:relation-cache
23,consensus_rag,False,False,False,False,False,0.45,False,True,sentence-transformers:sentence-transformers/all-MiniLM-L6-v2:score-cache,transformers:cross-encoder/nli-MiniLM2-L6-H768:relation-cache
24,consensus_rag,False,False,True,False,False,0.3637,True,True,sentence-transformers:sentence-transformers/all-MiniLM-L6-v2:score-cache,transformers:cross-encoder/nli-MiniLM2-L6-H768:relation-cache
25,consensus_rag,False,False,True,False,False,0.3351,False,True,sentence-transformers:sentence-transformers/all-MiniLM-L6-v2:score-cache,transformers:cross-encoder/nli-MiniLM2-L6-H768:relation-cache
26,consensus_rag,True,True,False,True,False,0.3498,True,True,sentence-transformers:sentence-transformers/all-MiniLM-L6-v2:score-cache,transformers:cross-encoder/nli-MiniLM2-L6-H768:relation-cache
27,consensus_rag,True,True,False,True,False,0.3087,True,True,sentence-transformers:sentence-transformers/all-MiniLM-L6-v2:score-cache,transformers:cross-encoder/nli-MiniLM2-L6-H768:relation-cache
28,consensus_rag,False,False,True,False,False,0.7121,False,False,sentence-transformers:sentence-transformers/all-MiniLM-L6-v2:score-cache,not-loaded
29,consensus_rag,True,True,False,True,False,0.64,False,False,sentence-transformers:sentence-transformers/all-MiniLM-L6-v2:score-cache,transformers:cross-encoder/nli-MiniLM2-L6-H768:relation-cache
30,consensus_rag,True,True,False,True,False,0.3504,True,True,sentence-transformers:sentence-transformers/all-MiniLM-L6-v2:score-cache,transformers:cross-encoder/nli-MiniLM2-L6-H768:relation-cache
31,consensus_rag,True,True,False,True,False,0.3565,False,True,sentence-transformers:sentence-transformers/all-MiniLM-L6-v2:score-cache,transformers:cross-encoder/nli-MiniLM2-L6-H768:relation-cache
32,consensus_rag,False,False,True,False,False,0.6684,True,True,sentence-transformers:sentence-transformers/all-MiniLM-L6-v2:score-cache,transformers:cross-encoder/nli-MiniLM2-L6-H768:relation-cache
33,consensus_rag,False,False,False,False,False,0.6992,True,True,sentence-transformers:sentence-transformers/all-MiniLM-L6-v2:score-cache,transformers:cross-encoder/nli-MiniLM2-L6-H768:relation-cache
34,consensus_rag,False,False,False,False,False,0.625,False,False,sentence-transformers:sentence-transformers/all-MiniLM-L6-v2:score-cache,not-loaded
35,consensus_rag,True,True,False,True,False,0.64,False,False,sentence-transformers:sentence-transformers/all-MiniLM-L6-v2:score-cache,transformers:cross-encoder/nli-MiniLM2-L6-H768:relation-cache
36,consensus_rag,True,True,True,False,False,0.8147,False,False,sentence-transformers:sentence-transformers/all-MiniLM-L6-v2:score-cache,transformers:cross-encoder/nli-MiniLM2-L6-H768:relation-cache
37,consensus_rag,False,False,True,False,False,0.4866,True,True,sentence-transformers:sentence-transformers/all-MiniLM-L6-v2:score-cache,transformers:cross-encoder/nli-MiniLM2-L6-H768:relation-cache
38,consensus_rag,True,True,True,False,False,0.3408,False,True,sentence-transformers:sentence-transformers/all-MiniLM-L6-v2:score-cache,transformers:cross-encoder/nli-MiniLM2-L6-H768:relation-cache
39,consensus_rag,True,True,False,True,False,0.5999,True,True,sentence-transformers:sentence-transformers/all-MiniLM-L6-v2:score-cache,transformers:cross-encoder/nli-MiniLM2-L6-H768:relation-cache
40,consensus_rag,True,True,False,True,False,0.4854,False,True,sentence-transformers:sentence-transformers/all-MiniLM-L6-v2:score-cache,transformers:cross-encoder/nli-MiniLM2-L6-H768:relation-cache
41,consensus_rag,False,False,True,False,False,0.5821,True,True,sentence-transformers:sentence-transformers/all-MiniLM-L6-v2:score-cache,transformers:cross-encoder/nli-MiniLM2-L6-H768:relation-cache
42,consensus_rag,False,False,False,False,False,0.85,False,False,sentence-transformers:sentence-transformers/all-MiniLM-L6-v2:score-cache,not-loaded
43,consensus_rag,True,True,False,True,False,0.6561,False,False,sentence-transformers:sentence-transformers/all-MiniLM-L6-v2:score-cache,not-loaded
44,consensus_rag,True,True,False,True,False,0.64,False,False,sentence-transformers:sentence-transformers/all-MiniLM-L6-v2:score-cache,transformers:cross-encoder/nli-MiniLM2-L6-H768:relation-cache
45,consensus_rag,False,False,False,False,False,0.6056,True,True,sentence-transformers:sentence-transformers/all-MiniLM-L6-v2:score-cache,transformers:cross-encoder/nli-MiniLM2-L6-H768:relation-cache
46,consensus_rag,False,False,False,False,False,0.85,False,False,sentence-transformers:sentence-transformers/all-MiniLM-L6-v2:score-cache,not-loaded
47,consensus_rag,True,True,True,False,False,0.8156,True,False,sentence-transformers:sentence-transformers/all-MiniLM-L6-v2:score-cache,transformers:cross-encoder/nli-MiniLM2-L6-H768:relation-cache
48,consensus_rag,True,True,True,False,False,0.6056,True,False,sentence-transformers:sentence-transformers/all-MiniLM-L6-v2:score-cache,transformers:cross-encoder/nli-MiniLM2-L6-H768:relation-cache
49,consensus_rag,False,False,True,False,False,0.3598,True,True,sentence-transformers:sentence-transformers/all-MiniLM-L6-v2:score-cache,transformers:cross-encoder/nli-MiniLM2-L6-H768:relation-cache
50,consensus_rag,False,False,False,False,False,0.825,False,False,sentence-transformers:sentence-transformers/all-MiniLM-L6-v2:score-cache,transformers:cross-encoder/nli-MiniLM2-L6-H768:relation-cache
51,consensus_rag,True,True,True,False,False,0.64,True,False,sentence-transformers:sentence-transformers/all-MiniLM-L6-v2:score-cache,transformers:cross-encoder/nli-MiniLM2-L6-H768:relation-cache
52,consensus_rag,True,True,False,True,False,0.3516,False,True,sentence-transformers:sentence-transformers/all-MiniLM-L6-v2:score-cache,transformers:cross-encoder/nli-MiniLM2-L6-H768:relation-cache
53,consensus_rag,False,False,True,False,False,0.4016,True,True,sentence-transformers:sentence-transformers/all-MiniLM-L6-v2:score-cache,transformers:cross-encoder/nli-MiniLM2-L6-H768:relation-cache
54,consensus_rag,True,True,False,True,False,0.52,True,True,sentence-transformers:sentence-transformers/all-MiniLM-L6-v2:score-cache,transformers:cross-encoder/nli-MiniLM2-L6-H768:relation-cache
55,consensus_rag,True,True,True,False,False,0.3465,True,True,sentence-transformers:sentence-transformers/all-MiniLM-L6-v2:score-cache,transformers:cross-encoder/nli-MiniLM2-L6-H768:relation-cache
56,consensus_rag,True,True,False,True,False,0.5774,True,True,sentence-transformers:sentence-transformers/all-MiniLM-L6-v2:score-cache,transformers:cross-encoder/nli-MiniLM2-L6-H768:relation-cache
57,consensus_rag,True,True,False,True,False,0.64,False,False,sentence-transformers:sentence-transformers/all-MiniLM-L6-v2:score-cache,not-loaded
58,consensus_rag,False,False,False,False,False,0.83,False,False,sentence-transformers:sentence-transformers/all-MiniLM-L6-v2:score-cache,not-loaded
59,consensus_rag,False,False,True,False,False,0.4308,False,True,sentence-transformers:sentence-transformers/all-MiniLM-L6-v2:score-cache,transformers:cross-encoder/nli-MiniLM2-L6-H768:relation-cache
60,consensus_rag,False,False,True,False,False,0.5242,True,True,sentence-transformers:sentence-transformers/all-MiniLM-L6-v2:score-cache,transformers:cross-encoder/nli-MiniLM2-L6-H768:relation-cache
61,consensus_rag,True,True,False,True,False,0.6708,True,True,sentence-transformers:sentence-transformers/all-MiniLM-L6-v2:score-cache,transformers:cross-encoder/nli-MiniLM2-L6-H768:relation-cache
62,consensus_rag,True,True,True,False,False,0.6932,True,False,sentence-transformers:sentence-transformers/all-MiniLM-L6-v2:score-cache,transformers:cross-encoder/nli-MiniLM2-L6-H768:relation-cache
63,consensus_rag,False,False,False,False,False,0.7507,True,False,sentence-transformers:sentence-transformers/all-MiniLM-L6-v2:score-cache,transformers:cross-encoder/nli-MiniLM2-L6-H768:relation-cache
64,consensus_rag,False,False,False,False,False,0.6993,True,True,sentence-transformers:sentence-transformers/all-MiniLM-L6-v2:score-cache,transformers:cross-encoder/nli-MiniLM2-L6-H768:relation-cache
65,consensus_rag,True,True,False,True,False,0.625,False,False,sentence-transformers:sentence-transformers/all-MiniLM-L6-v2:score-cache,not-loaded
66,consensus_rag,True,True,False,True,False,0.4912,True,True,sentence-transformers:sentence-transformers/all-MiniLM-L6-v2:score-cache,transformers:cross-encoder/nli-MiniLM2-L6-H768:relation-cache
67,consensus_rag,False,False,False,False,False,0.3078,True,True,sentence-transformers:sentence-transformers/all-MiniLM-L6-v2:score-cache,transformers:cross-encoder/nli-MiniLM2-L6-H768:relation-cache
68,consensus_rag,False,False,False,False,False,0.4313,True,True,sentence-transformers:sentence-transformers/all-MiniLM-L6-v2:score-cache,transformers:cross-encoder/nli-MiniLM2-L6-H768:relation-cache
69,consensus_rag,False,False,False,False,False,0.7071,True,False,sentence-transformers:sentence-transformers/all-MiniLM-L6-v2:score-cache,not-loaded
70,consensus_rag,True,True,False,True,False,0.3436,True,True,sentence-transformers:sentence-transformers/all-MiniLM-L6-v2:score-cache,transformers:cross-encoder/nli-MiniLM2-L6-H768:relation-cache
71,consensus_rag,False,False,True,False,False,0.7588,True,True,sentence-transformers:sentence-transformers/all-MiniLM-L6-v2:score-cache,transformers:cross-encoder/nli-MiniLM2-L6-H768:relation-cache
72,consensus_rag,True,True,False,True,False,0.417,False,True,sentence-transformers:sentence-transformers/all-MiniLM-L6-v2:score-cache,transformers:cross-encoder/nli-MiniLM2-L6-H768:relation-cache
73,consensus_rag,True,True,True,False,False,0.3028,True,True,sentence-transformers:sentence-transformers/all-MiniLM-L6-v2:score-cache,transformers:cross-encoder/nli-MiniLM2-L6-H768:relation-cache
74,consensus_rag,True,True,False,True,False,0.2697,True,True,sentence-transformers:sentence-transformers/all-MiniLM-L6-v2:score-cache,transformers:cross-encoder/nli-MiniLM2-L6-H768:relation-cache
75,consensus_rag,True,True,False,True,False,0.2674,False,True,sentence-transformers:sentence-transformers/all-MiniLM-L6-v2:score-cache,transformers:cross-encoder/nli-MiniLM2-L6-H768:relation-cache
76,consensus_rag,False,False,True,False,False,0.3419,True,True,sentence-transformers:sentence-transformers/all-MiniLM-L6-v2:score-cache,transformers:cross-encoder/nli-MiniLM2-L6-H768:relation-cache
77,consensus_rag,True,True,False,True,False,0.3697,True,True,sentence-transformers:sentence-transformers/all-MiniLM-L6-v2:score-cache,transformers:cross-encoder/nli-MiniLM2-L6-H768:relation-cache
78,consensus_rag,True,True,False,True,False,0.625,False,False,sentence-transformers:sentence-transformers/all-MiniLM-L6-v2:score-cache,not-loaded
79,consensus_rag,True,True,False,True,False,0.2334,False,True,sentence-transformers:sentence-transformers/all-MiniLM-L6-v2:score-cache,transformers:cross-encoder/nli-MiniLM2-L6-H768:relation-cache
80,consensus_rag,False,False,False,False,False,0.472,True,True,sentence-transformers:sentence-transformers/all-MiniLM-L6-v2:score-cache,transformers:cross-encoder/nli-MiniLM2-L6-H768:relation-cache
81,consensus_rag,False,False,True,False,False,0.4485,True,True,sentence-transformers:sentence-transformers/all-MiniLM-L6-v2:score-cache,transformers:cross-encoder/nli-MiniLM2-L6-H768:relation-cache
82,consensus_rag,False,False,True,False,False,0.2966,True,True,sentence-transformers:sentence-transformers/all-MiniLM-L6-v2:score-cache,transformers:cross-encoder/nli-MiniLM2-L6-H768:relation-cache
83,consensus_rag,True,True,False,True,False,0.3497,True,True,sentence-transformers:sentence-transformers/all-MiniLM-L6-v2:score-cache,transformers:cross-encoder/nli-MiniLM2-L6-H768:relation-cache
84,consensus_rag,True,True,False,True,False,0.64,False,False,sentence-transformers:sentence-transformers/all-MiniLM-L6-v2:score-cache,not-loaded
85,consensus_rag,False,False,False,False,False,0.64,False,False,sentence-transformers:sentence-transformers/all-MiniLM-L6-v2:score-cache,not-loaded
86,consensus_rag,True,True,False,True,False,0.2371,False,True,sentence-transformers:sentence-transformers/all-MiniLM-L6-v2:score-cache,transformers:cross-encoder/nli-MiniLM2-L6-H768:relation-cache
87,consensus_rag,True,True,False,True,False,0.64,False,False,sentence-transformers:sentence-transformers/all-MiniLM-L6-v2:score-cache,not-loaded
88,consensus_rag,True,True,True,False,False,0.4318,False,True,sentence-transformers:sentence-transformers/all-MiniLM-L6-v2:score-cache,transformers:cross-encoder/nli-MiniLM2-L6-H768:relation-cache
89,consensus_rag,True,True,False,True,False,0.7767,False,False,sentence-transformers:sentence-transformers/all-MiniLM-L6-v2:score-cache,transformers:cross-encoder/nli-MiniLM2-L6-H768:relation-cache
90,consensus_rag,True,True,False,True,False,0.2941,True,True,sentence-transformers:sentence-transformers/all-MiniLM-L6-v2:score-cache,transformers:cross-encoder/nli-MiniLM2-L6-H768:relation-cache
91,consensus_rag,False,False,False,False,False,0.7078,False,False,sentence-transformers:sentence-transformers/all-MiniLM-L6-v2:score-cache,not-loaded
92,consensus_rag,True,True,False,True,False,0.4652,True,True,sentence-transformers:sentence-transformers/all-MiniLM-L6-v2:score-cache,transformers:cross-encoder/nli-MiniLM2-L6-H768:relation-cache
93,consensus_rag,True,True,False,True,False,0.433,False,True,sentence-transformers:sentence-transformers/all-MiniLM-L6-v2:score-cache,transformers:cross-encoder/nli-MiniLM2-L6-H768:relation-cache
94,consensus_rag,False,False,False,False,False,0.5123,False,True,sentence-transformers:sentence-transformers/all-MiniLM-L6-v2:score-cache,transformers:cross-encoder/nli-MiniLM2-L6-H768:relation-cache
95,consensus_rag,True,True,False,True,False,0.5197,True,True,sentence-transformers:sentence-transformers/all-MiniLM-L6-v2:score-cache,transformers:cross-encoder/nli-MiniLM2-L6-H768:relation-cache
96,consensus_rag,True,True,False,True,False,0.4838,True,True,sentence-transformers:sentence-transformers/all-MiniLM-L6-v2:score-cache,transformers:cross-encoder/nli-MiniLM2-L6-H768:relation-cache
97,consensus_rag,False,False,True,False,False,0.7474,True,False,sentence-transformers:sentence-transformers/all-MiniLM-L6-v2:score-cache,not-loaded
98,consensus_rag,False,False,False,False,False,0.625,False,False,sentence-transformers:sentence-transformers/all-MiniLM-L6-v2:score-cache,not-loaded
99,consensus_rag,True,True,False,True,False,0.625,False,False,sentence-transformers:sentence-transformers/all-MiniLM-L6-v2:score-cache,not-loaded
100,consensus_rag,True,False,False,False,False,0.2959,False,True,sentence-transformers:sentence-transformers/all-MiniLM-L6-v2:score-cache,transformers:cross-encoder/nli-MiniLM2-L6-H768:relation-cache
101,consensus_rag,True,False,False,False,False,0.4151,True,True,sentence-transformers:sentence-transformers/all-MiniLM-L6-v2:score-cache,transformers:cross-encoder/nli-MiniLM2-L6-H768:relation-cache
102,consensus_rag,True,False,False,False,False,0.422,True,True,sentence-transformers:sentence-transformers/all-MiniLM-L6-v2:score-cache,transformers:cross-encoder/nli-MiniLM2-L6-H768:relation-cache
103,consensus_rag,True,False,False,False,False,0.1946,False,True,sentence-transformers:sentence-transformers/all-MiniLM-L6-v2:score-cache,transformers:cross-encoder/nli-MiniLM2-L6-H768:relation-cache
104,consensus_rag,True,False,False,False,False,0.3986,True,True,sentence-transformers:sentence-transformers/all-MiniLM-L6-v2:score-cache,transformers:cross-encoder/nli-MiniLM2-L6-H768:relation-cache
105,consensus_rag,False,False,False,False,False,0.4603,False,True,sentence-transformers:sentence-transformers/all-MiniLM-L6-v2:score-cache,transformers:cross-encoder/nli-MiniLM2-L6-H768:relation-cache
106,consensus_rag,True,False,False,False,False,0.3616,False,True,sentence-transformers:sentence-transformers/all-MiniLM-L6-v2:score-cache,transformers:cross-encoder/nli-MiniLM2-L6-H768:relation-cache
107,consensus_rag,False,False,False,False,False,0.3482,False,True,sentence-transformers:sentence-transformers/all-MiniLM-L6-v2:score-cache,transformers:cross-encoder/nli-MiniLM2-L6-H768:relation-cache
108,consensus_rag,True,False,False,False,False,0.43,False,True,sentence-transformers:sentence-transformers/all-MiniLM-L6-v2:score-cache,transformers:cross-encoder/nli-MiniLM2-L6-H768:relation-cache
109,consensus_rag,False,False,False,False,False,0.4902,False,True,sentence-transformers:sentence-transformers/all-MiniLM-L6-v2:score-cache,transformers:cross-encoder/nli-MiniLM2-L6-H768:relation-cache
110,consensus_rag,False,False,False,False,False,0.699,True,True,sentence-transformers:sentence-transformers/all-MiniLM-L6-v2:score-cache,transformers:cross-encoder/nli-MiniLM2-L6-H768:relation-cache
111,consensus_rag,False,False,False,False,False,0.3236,True,True,sentence-transformers:sentence-transformers/all-MiniLM-L6-v2:score-cache,transformers:cross-encoder/nli-MiniLM2-L6-H768:relation-cache
112,consensus_rag,True,False,False,False,False,0.194,False,True,sentence-transformers:sentence-transformers/all-MiniLM-L6-v2:score-cache,transformers:cross-encoder/nli-MiniLM2-L6-H768:relation-cache
113,consensus_rag,True,False,False,False,False,0.5145,False,True,sentence-transformers:sentence-transformers/all-MiniLM-L6-v2:score-cache,transformers:cross-encoder/nli-MiniLM2-L6-H768:relation-cache
114,consensus_rag,False,False,False,False,False,0.4426,True,True,sentence-transformers:sentence-transformers/all-MiniLM-L6-v2:score-cache,transformers:cross-encoder/nli-MiniLM2-L6-H768:relation-cache
115,consensus_rag,True,False,False,False,False,0.4996,False,True,sentence-transformers:sentence-transformers/all-MiniLM-L6-v2:score-cache,transformers:cross-encoder/nli-MiniLM2-L6-H768:relation-cache
116,consensus_rag,True,False,True,False,False,0.3626,False,True,sentence-transformers:sentence-transformers/all-MiniLM-L6-v2:score-cache,transformers:cross-encoder/nli-MiniLM2-L6-H768:relation-cache
117,consensus_rag,False,False,False,False,False,0.4111,False,True,sentence-transformers:sentence-transformers/all-MiniLM-L6-v2:score-cache,transformers:cross-encoder/nli-MiniLM2-L6-H768:relation-cache
118,consensus_rag,False,False,False,False,False,0.5817,True,True,sentence-transformers:sentence-transformers/all-MiniLM-L6-v2:score-cache,transformers:cross-encoder/nli-MiniLM2-L6-H768:relation-cache
119,consensus_rag,True,False,False,False,False,0.4248,True,True,sentence-transformers:sentence-transformers/all-MiniLM-L6-v2:score-cache,transformers:cross-encoder/nli-MiniLM2-L6-H768:relation-cache
120,consensus_rag,True,True,False,True,False,0.2035,False,True,sentence-transformers:sentence-transformers/all-MiniLM-L6-v2:score-cache,transformers:cross-encoder/nli-MiniLM2-L6-H768:relation-cache
121,consensus_rag,True,True,False,True,False,0.8024,False,False,sentence-transformers:sentence-transformers/all-MiniLM-L6-v2:score-cache,transformers:cross-encoder/nli-MiniLM2-L6-H768:relation-cache
122,consensus_rag,True,False,False,False,False,0.3086,False,True,sentence-transformers:sentence-transformers/all-MiniLM-L6-v2:score-cache,transformers:cross-encoder/nli-MiniLM2-L6-H768:relation-cache
123,consensus_rag,True,False,False,False,False,0.3499,False,True,sentence-transformers:sentence-transformers/all-MiniLM-L6-v2:score-cache,transformers:cross-encoder/nli-MiniLM2-L6-H768:relation-cache
124,consensus_rag,False,False,False,False,False,0.7676,True,True,sentence-transformers:sentence-transformers/all-MiniLM-L6-v2:score-cache,transformers:cross-encoder/nli-MiniLM2-L6-H768:relation-cache
125,consensus_rag,True,True,False,True,False,0.7398,False,False,sentence-transformers:sentence-transformers/all-MiniLM-L6-v2:score-cache,transformers:cross-encoder/nli-MiniLM2-L6-H768:relation-cache
126,consensus_rag,True,False,False,False,False,0.545,False,True,sentence-transformers:sentence-transformers/all-MiniLM-L6-v2:score-cache,transformers:cross-encoder/nli-MiniLM2-L6-H768:relation-cache
127,consensus_rag,True,False,False,False,False,0.5142,True,True,sentence-transformers:sentence-transformers/all-MiniLM-L6-v2:score-cache,transformers:cross-encoder/nli-MiniLM2-L6-H768:relation-cache
128,consensus_rag,False,False,True,False,False,0.463,True,True,sentence-transformers:sentence-transformers/all-MiniLM-L6-v2:score-cache,transformers:cross-encoder/nli-MiniLM2-L6-H768:relation-cache
129,consensus_rag,False,False,True,False,False,0.5404,True,True,sentence-transformers:sentence-transformers/all-MiniLM-L6-v2:score-cache,transformers:cross-encoder/nli-MiniLM2-L6-H768:relation-cache
130,consensus_rag,False,False,True,False,False,0.4578,False,True,sentence-transformers:sentence-transformers/all-MiniLM-L6-v2:score-cache,transformers:cross-encoder/nli-MiniLM2-L6-H768:relation-cache
131,consensus_rag,False,False,True,False,False,0.4512,True,True,sentence-transformers:sentence-transformers/all-MiniLM-L6-v2:score-cache,transformers:cross-encoder/nli-MiniLM2-L6-H768:relation-cache
132,consensus_rag,False,False,True,False,False,0.6989,True,False,sentence-transformers:sentence-transformers/all-MiniLM-L6-v2:score-cache,not-loaded
133,consensus_rag,True,False,False,False,False,0.3916,True,True,sentence-transformers:sentence-transformers/all-MiniLM-L6-v2:score-cache,transformers:cross-encoder/nli-MiniLM2-L6-H768:relation-cache
134,consensus_rag,True,False,False,False,False,0.85,False,False,sentence-transformers:sentence-transformers/all-MiniLM-L6-v2:score-cache,not-loaded
135,consensus_rag,True,False,False,False,False,0.4153,True,True,sentence-transformers:sentence-transformers/all-MiniLM-L6-v2:score-cache,transformers:cross-encoder/nli-MiniLM2-L6-H768:relation-cache
136,consensus_rag,True,False,False,False,False,0.3889,False,True,sentence-transformers:sentence-transformers/all-MiniLM-L6-v2:score-cache,transformers:cross-encoder/nli-MiniLM2-L6-H768:relation-cache
137,consensus_rag,True,False,False,False,False,0.4667,True,True,sentence-transformers:sentence-transformers/all-MiniLM-L6-v2:score-cache,transformers:cross-encoder/nli-MiniLM2-L6-H768:relation-cache
138,consensus_rag,True,False,True,False,False,0.4098,False,True,sentence-transformers:sentence-transformers/all-MiniLM-L6-v2:score-cache,transformers:cross-encoder/nli-MiniLM2-L6-H768:relation-cache
139,consensus_rag,False,False,False,False,False,0.6698,True,True,sentence-transformers:sentence-transformers/all-MiniLM-L6-v2:score-cache,transformers:cross-encoder/nli-MiniLM2-L6-H768:relation-cache
140,consensus_rag,False,False,False,False,False,0.4383,True,True,sentence-transformers:sentence-transformers/all-MiniLM-L6-v2:score-cache,transformers:cross-encoder/nli-MiniLM2-L6-H768:relation-cache
141,consensus_rag,False,False,False,False,False,0.4466,True,True,sentence-transformers:sentence-transformers/all-MiniLM-L6-v2:score-cache,transformers:cross-encoder/nli-MiniLM2-L6-H768:relation-cache
142,consensus_rag,True,False,False,False,False,0.3192,False,True,sentence-transformers:sentence-transformers/all-MiniLM-L6-v2:score-cache,transformers:cross-encoder/nli-MiniLM2-L6-H768:relation-cache
143,consensus_rag,False,False,False,False,False,0.3904,False,True,sentence-transformers:sentence-transformers/all-MiniLM-L6-v2:score-cache,transformers:cross-encoder/nli-MiniLM2-L6-H768:relation-cache
144,consensus_rag,False,False,False,False,False,0.5067,False,True,sentence-transformers:sentence-transformers/all-MiniLM-L6-v2:score-cache,transformers:cross-encoder/nli-MiniLM2-L6-H768:relation-cache
145,consensus_rag,True,False,False,False,False,0.3203,False,True,sentence-transformers:sentence-transformers/all-MiniLM-L6-v2:score-cache,transformers:cross-encoder/nli-MiniLM2-L6-H768:relation-cache
146,consensus_rag,False,False,False,False,False,0.4202,True,True,sentence-transformers:sentence-transformers/all-MiniLM-L6-v2:score-cache,transformers:cross-encoder/nli-MiniLM2-L6-H768:relation-cache
147,consensus_rag,True,False,False,False,False,0.7887,False,True,sentence-transformers:sentence-transformers/all-MiniLM-L6-v2:score-cache,transformers:cross-encoder/nli-MiniLM2-L6-H768:relation-cache
148,consensus_rag,True,False,True,False,False,0.5367,True,True,sentence-transformers:sentence-transformers/all-MiniLM-L6-v2:score-cache,transformers:cross-encoder/nli-MiniLM2-L6-H768:relation-cache
149,consensus_rag,False,False,True,False,False,0.3406,True,True,sentence-transformers:sentence-transformers/all-MiniLM-L6-v2:score-cache,transformers:cross-encoder/nli-MiniLM2-L6-H768:relation-cache
150,consensus_rag,True,False,False,False,False,0.3662,False,True,sentence-transformers:sentence-transformers/all-MiniLM-L6-v2:score-cache,transformers:cross-encoder/nli-MiniLM2-L6-H768:relation-cache
151,consensus_rag,True,False,False,False,False,0.2665,False,True,sentence-transformers:sentence-transformers/all-MiniLM-L6-v2:score-cache,transformers:cross-encoder/nli-MiniLM2-L6-H768:relation-cache
152,consensus_rag,True,False,False,False,False,0.4575,True,True,sentence-transformers:sentence-transformers/all-MiniLM-L6-v2:score-cache,transformers:cross-encoder/nli-MiniLM2-L6-H768:relation-cache
153,consensus_rag,False,False,True,False,False,0.3211,True,True,sentence-transformers:sentence-transformers/all-MiniLM-L6-v2:score-cache,transformers:cross-encoder/nli-MiniLM2-L6-H768:relation-cache
154,consensus_rag,False,False,False,False,False,0.7378,False,False,sentence-transformers:sentence-transformers/all-MiniLM-L6-v2:score-cache,transformers:cross-encoder/nli-MiniLM2-L6-H768:relation-cache
155,consensus_rag,False,False,False,False,False,0.4892,True,True,sentence-transformers:sentence-transformers/all-MiniLM-L6-v2:score-cache,transformers:cross-encoder/nli-MiniLM2-L6-H768:relation-cache
156,consensus_rag,True,False,False,False,False,0.4781,True,True,sentence-transformers:sentence-transformers/all-MiniLM-L6-v2:score-cache,transformers:cross-encoder/nli-MiniLM2-L6-H768:relation-cache
157,consensus_rag,False,False,False,False,False,0.3887,True,True,sentence-transformers:sentence-transformers/all-MiniLM-L6-v2:score-cache,transformers:cross-encoder/nli-MiniLM2-L6-H768:relation-cache
158,consensus_rag,True,False,True,False,False,0.4556,False,True,sentence-transformers:sentence-transformers/all-MiniLM-L6-v2:score-cache,transformers:cross-encoder/nli-MiniLM2-L6-H768:relation-cache
159,consensus_rag,False,False,True,False,False,0.3915,False,True,sentence-transformers:sentence-transformers/all-MiniLM-L6-v2:score-cache,transformers:cross-encoder/nli-MiniLM2-L6-H768:relation-cache
160,consensus_rag,True,False,False,False,False,0.4381,True,True,sentence-transformers:sentence-transformers/all-MiniLM-L6-v2:score-cache,transformers:cross-encoder/nli-MiniLM2-L6-H768:relation-cache
161,consensus_rag,False,False,False,False,False,0.5347,False,True,sentence-transformers:sentence-transformers/all-MiniLM-L6-v2:score-cache,transformers:cross-encoder/nli-MiniLM2-L6-H768:relation-cache
162,consensus_rag,False,False,True,False,False,0.3258,True,True,sentence-transformers:sentence-transformers/all-MiniLM-L6-v2:score-cache,transformers:cross-encoder/nli-MiniLM2-L6-H768:relation-cache
163,consensus_rag,False,False,False,False,False,0.6803,True,True,sentence-transformers:sentence-transformers/all-MiniLM-L6-v2:score-cache,transformers:cross-encoder/nli-MiniLM2-L6-H768:relation-cache
164,consensus_rag,False,False,False,False,False,0.3597,True,True,sentence-transformers:sentence-transformers/all-MiniLM-L6-v2:score-cache,transformers:cross-encoder/nli-MiniLM2-L6-H768:relation-cache
165,consensus_rag,True,False,False,False,False,0.4331,False,True,sentence-transformers:sentence-transformers/all-MiniLM-L6-v2:score-cache,transformers:cross-encoder/nli-MiniLM2-L6-H768:relation-cache
166,consensus_rag,True,False,False,False,False,0.3176,False,True,sentence-transformers:sentence-transformers/all-MiniLM-L6-v2:score-cache,transformers:cross-encoder/nli-MiniLM2-L6-H768:relation-cache
167,consensus_rag,True,True,True,False,False,0.4485,False,True,sentence-transformers:sentence-transformers/all-MiniLM-L6-v2:score-cache,transformers:cross-encoder/nli-MiniLM2-L6-H768:relation-cache
168,consensus_rag,True,False,False,False,False,0.3919,True,True,sentence-transformers:sentence-transformers/all-MiniLM-L6-v2:score-cache,transformers:cross-encoder/nli-MiniLM2-L6-H768:relation-cache
169,consensus_rag,True,False,False,False,False,0.4873,True,True,sentence-transformers:sentence-transformers/all-MiniLM-L6-v2:score-cache,transformers:cross-encoder/nli-MiniLM2-L6-H768:relation-cache
170,consensus_rag,False,False,False,False,False,0.2823,False,True,sentence-transformers:sentence-transformers/all-MiniLM-L6-v2:score-cache,transformers:cross-encoder/nli-MiniLM2-L6-H768:relation-cache
171,consensus_rag,False,False,False,False,False,0.225,False,True,sentence-transformers:sentence-transformers/all-MiniLM-L6-v2:score-cache,transformers:cross-encoder/nli-MiniLM2-L6-H768:relation-cache
172,consensus_rag,False,False,False,False,False,0.3452,False,True,sentence-transformers:sentence-transformers/all-MiniLM-L6-v2:score-cache,transformers:cross-encoder/nli-MiniLM2-L6-H768:relation-cache
173,consensus_rag,True,False,False,False,False,0.4011,True,True,sentence-transformers:sentence-transformers/all-MiniLM-L6-v2:score-cache,transformers:cross-encoder/nli-MiniLM2-L6-H768:relation-cache
174,consensus_rag,True,False,False,False,False,0.3375,False,True,sentence-transformers:sentence-transformers/all-MiniLM-L6-v2:score-cache,transformers:cross-encoder/nli-MiniLM2-L6-H768:relation-cache
175,consensus_rag,True,False,False,False,False,0.3774,True,True,sentence-transformers:sentence-transformers/all-MiniLM-L6-v2:score-cache,transformers:cross-encoder/nli-MiniLM2-L6-H768:relation-cache
176,consensus_rag,True,False,False,False,False,0.4325,False,True,sentence-transformers:sentence-transformers/all-MiniLM-L6-v2:score-cache,transformers:cross-encoder/nli-MiniLM2-L6-H768:relation-cache
177,consensus_rag,True,False,False,False,False,0.4315,False,True,sentence-transformers:sentence-transformers/all-MiniLM-L6-v2:score-cache,transformers:cross-encoder/nli-MiniLM2-L6-H768:relation-cache
178,consensus_rag,True,False,False,False,False,0.1801,False,True,sentence-transformers:sentence-transformers/all-MiniLM-L6-v2:score-cache,transformers:cross-encoder/nli-MiniLM2-L6-H768:relation-cache
179,consensus_rag,True,False,False,False,False,0.7887,False,False,sentence-transformers:sentence-transformers/all-MiniLM-L6-v2:score-cache,not-loaded
180,consensus_rag,True,False,False,False,False,0.3037,False,True,sentence-transformers:sentence-transformers/all-MiniLM-L6-v2:score-cache,transformers:cross-encoder/nli-MiniLM2-L6-H768:relation-cache
181,consensus_rag,False,False,False,False,False,0.4192,True,True,sentence-transformers:sentence-transformers/all-MiniLM-L6-v2:score-cache,transformers:cross-encoder/nli-MiniLM2-L6-H768:relation-cache
182,consensus_rag,False,False,True,False,False,0.4445,True,True,sentence-transformers:sentence-transformers/all-MiniLM-L6-v2:score-cache,transformers:cross-encoder/nli-MiniLM2-L6-H768:relation-cache
183,consensus_rag,True,True,False,True,False,0.5503,True,True,sentence-transformers:sentence-transformers/all-MiniLM-L6-v2:score-cache,transformers:cross-encoder/nli-MiniLM2-L6-H768:relation-cache
184,consensus_rag,True,False,False,False,False,0.836,False,False,sentence-transformers:sentence-transformers/all-MiniLM-L6-v2:score-cache,transformers:cross-encoder/nli-MiniLM2-L6-H768:relation-cache
185,consensus_rag,True,True,False,True,False,0.2401,False,True,sentence-transformers:sentence-transformers/all-MiniLM-L6-v2:score-cache,transformers:cross-encoder/nli-MiniLM2-L6-H768:relation-cache
186,consensus_rag,True,False,False,False,False,0.4469,False,True,sentence-transformers:sentence-transformers/all-MiniLM-L6-v2:score-cache,transformers:cross-encoder/nli-MiniLM2-L6-H768:relation-cache
187,consensus_rag,False,False,False,False,False,0.5468,False,True,sentence-transformers:sentence-transformers/all-MiniLM-L6-v2:score-cache,transformers:cross-encoder/nli-MiniLM2-L6-H768:relation-cache
188,consensus_rag,True,False,False,False,False,0.3997,False,True,sentence-transformers:sentence-transformers/all-MiniLM-L6-v2:score-cache,transformers:cross-encoder/nli-MiniLM2-L6-H768:relation-cache
189,consensus_rag,True,True,True,False,False,0.4825,True,True,sentence-transformers:sentence-transformers/all-MiniLM-L6-v2:score-cache,transformers:cross-encoder/nli-MiniLM2-L6-H768:relation-cache
190,consensus_rag,False,False,True,False,False,0.3308,True,True,sentence-transformers:sentence-transformers/all-MiniLM-L6-v2:score-cache,transformers:cross-encoder/nli-MiniLM2-L6-H768:relation-cache
191,consensus_rag,True,False,False,False,False,0.85,False,False,sentence-transformers:sentence-transformers/all-MiniLM-L6-v2:score-cache,not-loaded
192,consensus_rag,True,False,False,False,False,0.3211,False,True,sentence-transformers:sentence-transformers/all-MiniLM-L6-v2:score-cache,transformers:cross-encoder/nli-MiniLM2-L6-H768:relation-cache
193,consensus_rag,True,False,False,False,False,0.4485,True,True,sentence-transformers:sentence-transformers/all-MiniLM-L6-v2:score-cache,transformers:cross-encoder/nli-MiniLM2-L6-H768:relation-cache
194,consensus_rag,False,False,False,False,False,0.5296,True,True,sentence-transformers:sentence-transformers/all-MiniLM-L6-v2:score-cache,transformers:cross-encoder/nli-MiniLM2-L6-H768:relation-cache
195,consensus_rag,False,False,False,False,False,0.2043,False,True,sentence-transformers:sentence-transformers/all-MiniLM-L6-v2:score-cache,transformers:cross-encoder/nli-MiniLM2-L6-H768:relation-cache
196,consensus_rag,True,False,False,False,False,0.1915,False,True,sentence-transformers:sentence-transformers/all-MiniLM-L6-v2:score-cache,transformers:cross-encoder/nli-MiniLM2-L6-H768:relation-cache
197,consensus_rag,True,False,False,False,False,0.85,False,False,sentence-transformers:sentence-transformers/all-MiniLM-L6-v2:score-cache,not-loaded
198,consensus_rag,True,False,True,False,False,0.2084,True,True,sentence-transformers:sentence-transformers/all-MiniLM-L6-v2:score-cache,transformers:cross-encoder/nli-MiniLM2-L6-H768:relation-cache
199,consensus_rag,False,False,False,False,False,0.3078,True,True,sentence-transformers:sentence-transformers/all-MiniLM-L6-v2:score-cache,transformers:cross-encoder/nli-MiniLM2-L6-H768:relation-cache
200,consensus_rag,True,False,False,False,False,0.3266,False,True,sentence-transformers:sentence-transformers/all-MiniLM-L6-v2:score-cache,transformers:cross-encoder/nli-MiniLM2-L6-H768:relation-cache
201,consensus_rag,True,False,False,False,False,0.3938,True,True,sentence-transformers:sentence-transformers/all-MiniLM-L6-v2:score-cache,transformers:cross-encoder/nli-MiniLM2-L6-H768:relation-cache
202,consensus_rag,True,False,False,False,False,0.4019,False,True,sentence-transformers:sentence-transformers/all-MiniLM-L6-v2:score-cache,transformers:cross-encoder/nli-MiniLM2-L6-H768:relation-cache
203,consensus_rag,True,False,True,False,False,0.3797,False,True,sentence-transformers:sentence-transformers/all-MiniLM-L6-v2:score-cache,transformers:cross-encoder/nli-MiniLM2-L6-H768:relation-cache
204,consensus_rag,False,False,False,False,False,0.3759,True,True,sentence-transformers:sentence-transformers/all-MiniLM-L6-v2:score-cache,transformers:cross-encoder/nli-MiniLM2-L6-H768:relation-cache
205,consensus_rag,False,False,False,False,False,0.3537,False,True,sentence-transformers:sentence-transformers/all-MiniLM-L6-v2:score-cache,transformers:cross-encoder/nli-MiniLM2-L6-H768:relation-cache
206,consensus_rag,True,False,False,False,False,0.4343,True,True,sentence-transformers:sentence-transformers/all-MiniLM-L6-v2:score-cache,transformers:cross-encoder/nli-MiniLM2-L6-H768:relation-cache
207,consensus_rag,False,False,True,False,False,0.439,True,True,sentence-transformers:sentence-transformers/all-MiniLM-L6-v2:score-cache,transformers:cross-encoder/nli-MiniLM2-L6-H768:relation-cache
208,consensus_rag,False,False,False,False,False,0.3646,False,True,sentence-transformers:sentence-transformers/all-MiniLM-L6-v2:score-cache,transformers:cross-encoder/nli-MiniLM2-L6-H768:relation-cache
209,consensus_rag,False,False,True,False,False,0.4971,True,True,sentence-transformers:sentence-transformers/all-MiniLM-L6-v2:score-cache,transformers:cross-encoder/nli-MiniLM2-L6-H768:relation-cache
210,consensus_rag,True,True,False,True,False,0.1933,False,True,sentence-transformers:sentence-transformers/all-MiniLM-L6-v2:score-cache,transformers:cross-encoder/nli-MiniLM2-L6-H768:relation-cache
211,consensus_rag,True,True,False,True,False,0.2314,True,True,sentence-transformers:sentence-transformers/all-MiniLM-L6-v2:score-cache,transformers:cross-encoder/nli-MiniLM2-L6-H768:relation-cache
212,consensus_rag,True,False,False,False,False,0.3203,False,True,sentence-transformers:sentence-transformers/all-MiniLM-L6-v2:score-cache,transformers:cross-encoder/nli-MiniLM2-L6-H768:relation-cache
213,consensus_rag,False,False,False,False,False,0.3941,True,True,sentence-transformers:sentence-transformers/all-MiniLM-L6-v2:score-cache,transformers:cross-encoder/nli-MiniLM2-L6-H768:relation-cache
214,consensus_rag,True,False,True,False,False,0.6357,True,True,sentence-transformers:sentence-transformers/all-MiniLM-L6-v2:score-cache,transformers:cross-encoder/nli-MiniLM2-L6-H768:relation-cache
215,consensus_rag,False,False,False,False,False,0.4162,False,True,sentence-transformers:sentence-transformers/all-MiniLM-L6-v2:score-cache,transformers:cross-encoder/nli-MiniLM2-L6-H768:relation-cache
216,consensus_rag,True,False,False,False,False,0.64,False,False,sentence-transformers:sentence-transformers/all-MiniLM-L6-v2:score-cache,transformers:cross-encoder/nli-MiniLM2-L6-H768:relation-cache
217,consensus_rag,True,False,False,False,False,0.1892,False,True,sentence-transformers:sentence-transformers/all-MiniLM-L6-v2:score-cache,transformers:cross-encoder/nli-MiniLM2-L6-H768:relation-cache
218,consensus_rag,False,False,False,False,False,0.9146,True,False,sentence-transformers:sentence-transformers/all-MiniLM-L6-v2:score-cache,transformers:cross-encoder/nli-MiniLM2-L6-H768:relation-cache
219,consensus_rag,False,False,False,False,False,0.2245,False,True,sentence-transformers:sentence-transformers/all-MiniLM-L6-v2:score-cache,transformers:cross-encoder/nli-MiniLM2-L6-H768:relation-cache
220,consensus_rag,True,False,False,False,False,0.3874,False,True,sentence-transformers:sentence-transformers/all-MiniLM-L6-v2:score-cache,transformers:cross-encoder/nli-MiniLM2-L6-H768:relation-cache
221,consensus_rag,True,False,False,False,False,0.3912,True,True,sentence-transformers:sentence-transformers/all-MiniLM-L6-v2:score-cache,transformers:cross-encoder/nli-MiniLM2-L6-H768:relation-cache
222,consensus_rag,False,False,False,False,False,0.3159,False,True,sentence-transformers:sentence-transformers/all-MiniLM-L6-v2:score-cache,transformers:cross-encoder/nli-MiniLM2-L6-H768:relation-cache
223,consensus_rag,True,False,True,False,False,0.377,True,True,sentence-transformers:sentence-transformers/all-MiniLM-L6-v2:score-cache,transformers:cross-encoder/nli-MiniLM2-L6-H768:relation-cache
224,consensus_rag,False,False,False,False,False,0.3546,True,True,sentence-transformers:sentence-transformers/all-MiniLM-L6-v2:score-cache,transformers:cross-encoder/nli-MiniLM2-L6-H768:relation-cache
225,consensus_rag,False,False,False,False,False,0.4851,True,True,sentence-transformers:sentence-transformers/all-MiniLM-L6-v2:score-cache,transformers:cross-encoder/nli-MiniLM2-L6-H768:relation-cache
226,consensus_rag,True,False,False,False,False,0.3908,False,True,sentence-transformers:sentence-transformers/all-MiniLM-L6-v2:score-cache,transformers:cross-encoder/nli-MiniLM2-L6-H768:relation-cache
227,consensus_rag,True,False,False,False,False,0.4973,False,True,sentence-transformers:sentence-transformers/all-MiniLM-L6-v2:score-cache,transformers:cross-encoder/nli-MiniLM2-L6-H768:relation-cache
228,consensus_rag,False,False,False,False,False,0.221,False,True,sentence-transformers:sentence-transformers/all-MiniLM-L6-v2:score-cache,transformers:cross-encoder/nli-MiniLM2-L6-H768:relation-cache
229,consensus_rag,False,False,False,False,False,0.5491,True,True,sentence-transformers:sentence-transformers/all-MiniLM-L6-v2:score-cache,transformers:cross-encoder/nli-MiniLM2-L6-H768:relation-cache
230,consensus_rag,True,False,False,False,False,0.2133,False,True,sentence-transformers:sentence-transformers/all-MiniLM-L6-v2:score-cache,transformers:cross-encoder/nli-MiniLM2-L6-H768:relation-cache
231,consensus_rag,True,False,False,False,False,0.85,False,False,sentence-transformers:sentence-transformers/all-MiniLM-L6-v2:score-cache,not-loaded
232,consensus_rag,False,False,False,False,False,0.3983,False,True,sentence-transformers:sentence-transformers/all-MiniLM-L6-v2:score-cache,transformers:cross-encoder/nli-MiniLM2-L6-H768:relation-cache
233,consensus_rag,True,False,False,False,False,0.3413,True,True,sentence-transformers:sentence-transformers/all-MiniLM-L6-v2:score-cache,transformers:cross-encoder/nli-MiniLM2-L6-H768:relation-cache
234,consensus_rag,True,False,False,False,False,0.3861,True,True,sentence-transformers:sentence-transformers/all-MiniLM-L6-v2:score-cache,transformers:cross-encoder/nli-MiniLM2-L6-H768:relation-cache
235,consensus_rag,True,False,False,False,False,0.5174,False,True,sentence-transformers:sentence-transformers/all-MiniLM-L6-v2:score-cache,transformers:cross-encoder/nli-MiniLM2-L6-H768:relation-cache
236,consensus_rag,False,False,True,False,False,0.415,False,True,sentence-transformers:sentence-transformers/all-MiniLM-L6-v2:score-cache,transformers:cross-encoder/nli-MiniLM2-L6-H768:relation-cache
237,consensus_rag,True,False,False,False,False,0.3116,False,True,sentence-transformers:sentence-transformers/all-MiniLM-L6-v2:score-cache,transformers:cross-encoder/nli-MiniLM2-L6-H768:relation-cache
238,consensus_rag,False,False,False,False,False,0.3082,True,True,sentence-transformers:sentence-transformers/all-MiniLM-L6-v2:score-cache,transformers:cross-encoder/nli-MiniLM2-L6-H768:relation-cache
239,consensus_rag,True,False,False,False,False,0.2034,False,True,sentence-transformers:sentence-transformers/all-MiniLM-L6-v2:score-cache,transformers:cross-encoder/nli-MiniLM2-L6-H768:relation-cache
240,consensus_rag,False,False,True,False,False,0.3881,True,True,sentence-transformers:sentence-transformers/all-MiniLM-L6-v2:score-cache,transformers:cross-encoder/nli-MiniLM2-L6-H768:relation-cache
241,consensus_rag,False,False,True,False,False,0.3421,True,True,sentence-transformers:sentence-transformers/all-MiniLM-L6-v2:score-cache,transformers:cross-encoder/nli-MiniLM2-L6-H768:relation-cache
242,consensus_rag,True,False,True,False,False,0.3778,False,True,sentence-transformers:sentence-transformers/all-MiniLM-L6-v2:score-cache,transformers:cross-encoder/nli-MiniLM2-L6-H768:relation-cache
243,consensus_rag,True,True,False,True,False,0.193,False,True,sentence-transformers:sentence-transformers/all-MiniLM-L6-v2:score-cache,transformers:cross-encoder/nli-MiniLM2-L6-H768:relation-cache
244,consensus_rag,True,False,False,False,False,0.324,False,True,sentence-transformers:sentence-transformers/all-MiniLM-L6-v2:score-cache,transformers:cross-encoder/nli-MiniLM2-L6-H768:relation-cache
245,consensus_rag,True,False,False,False,False,0.4669,False,True,sentence-transformers:sentence-transformers/all-MiniLM-L6-v2:score-cache,transformers:cross-encoder/nli-MiniLM2-L6-H768:relation-cache
246,consensus_rag,True,True,False,True,False,0.3818,False,True,sentence-transformers:sentence-transformers/all-MiniLM-L6-v2:score-cache,transformers:cross-encoder/nli-MiniLM2-L6-H768:relation-cache
247,consensus_rag,True,False,False,False,False,0.3847,False,True,sentence-transformers:sentence-transformers/all-MiniLM-L6-v2:score-cache,transformers:cross-encoder/nli-MiniLM2-L6-H768:relation-cache
248,consensus_rag,True,True,False,True,False,0.4091,False,True,sentence-transformers:sentence-transformers/all-MiniLM-L6-v2:score-cache,transformers:cross-encoder/nli-MiniLM2-L6-H768:relation-cache
249,consensus_rag,True,False,False,False,False,0.634,False,True,sentence-transformers:sentence-transformers/all-MiniLM-L6-v2:score-cache,transformers:cross-encoder/nli-MiniLM2-L6-H768:relation-cache
250,consensus_rag,True,False,False,False,False,0.3556,True,True,sentence-transformers:sentence-transformers/all-MiniLM-L6-v2:score-cache,transformers:cross-encoder/nli-MiniLM2-L6-H768:relation-cache
251,consensus_rag,True,False,False,False,False,0.3381,False,True,sentence-transformers:sentence-transformers/all-MiniLM-L6-v2:score-cache,transformers:cross-encoder/nli-MiniLM2-L6-H768:relation-cache
252,consensus_rag,False,False,True,False,False,0.2698,True,True,sentence-transformers:sentence-transformers/all-MiniLM-L6-v2:score-cache,transformers:cross-encoder/nli-MiniLM2-L6-H768:relation-cache
253,consensus_rag,True,False,False,False,False,0.4462,True,True,sentence-transformers:sentence-transformers/all-MiniLM-L6-v2:score-cache,transformers:cross-encoder/nli-MiniLM2-L6-H768:relation-cache
254,consensus_rag,True,False,False,False,False,0.5304,True,True,sentence-transformers:sentence-transformers/all-MiniLM-L6-v2:score-cache,transformers:cross-encoder/nli-MiniLM2-L6-H768:relation-cache
255,consensus_rag,True,False,False,False,False,0.4276,False,True,sentence-transformers:sentence-transformers/all-MiniLM-L6-v2:score-cache,transformers:cross-encoder/nli-MiniLM2-L6-H768:relation-cache
256,consensus_rag,False,False,False,False,False,0.5039,True,True,sentence-transformers:sentence-transformers/all-MiniLM-L6-v2:score-cache,transformers:cross-encoder/nli-MiniLM2-L6-H768:relation-cache
257,consensus_rag,False,False,False,False,False,0.675,False,False,sentence-transformers:sentence-transformers/all-MiniLM-L6-v2:score-cache,transformers:cross-encoder/nli-MiniLM2-L6-H768:relation-cache
258,consensus_rag,True,False,False,False,False,0.3543,True,True,sentence-transformers:sentence-transformers/all-MiniLM-L6-v2:score-cache,transformers:cross-encoder/nli-MiniLM2-L6-H768:relation-cache
259,consensus_rag,True,False,False,False,False,0.85,False,False,sentence-transformers:sentence-transformers/all-MiniLM-L6-v2:score-cache,not-loaded
260,consensus_rag,True,False,False,False,False,0.1776,False,True,sentence-transformers:sentence-transformers/all-MiniLM-L6-v2:score-cache,transformers:cross-encoder/nli-MiniLM2-L6-H768:relation-cache
261,consensus_rag,False,False,True,False,False,0.4078,True,True,sentence-transformers:sentence-transformers/all-MiniLM-L6-v2:score-cache,transformers:cross-encoder/nli-MiniLM2-L6-H768:relation-cache
262,consensus_rag,True,True,False,True,False,0.3482,False,True,sentence-transformers:sentence-transformers/all-MiniLM-L6-v2:score-cache,transformers:cross-encoder/nli-MiniLM2-L6-H768:relation-cache
263,consensus_rag,False,False,False,False,False,0.4891,True,True,sentence-transformers:sentence-transformers/all-MiniLM-L6-v2:score-cache,transformers:cross-encoder/nli-MiniLM2-L6-H768:relation-cache
264,consensus_rag,True,False,False,False,False,0.3839,False,True,sentence-transformers:sentence-transformers/all-MiniLM-L6-v2:score-cache,transformers:cross-encoder/nli-MiniLM2-L6-H768:relation-cache
265,consensus_rag,True,False,True,False,False,0.4048,False,True,sentence-transformers:sentence-transformers/all-MiniLM-L6-v2:score-cache,transformers:cross-encoder/nli-MiniLM2-L6-H768:relation-cache
266,consensus_rag,False,False,False,False,False,0.6434,True,True,sentence-transformers:sentence-transformers/all-MiniLM-L6-v2:score-cache,transformers:cross-encoder/nli-MiniLM2-L6-H768:relation-cache
267,consensus_rag,True,False,False,False,False,0.4695,True,True,sentence-transformers:sentence-transformers/all-MiniLM-L6-v2:score-cache,transformers:cross-encoder/nli-MiniLM2-L6-H768:relation-cache
268,consensus_rag,True,False,False,False,False,0.4331,False,True,sentence-transformers:sentence-transformers/all-MiniLM-L6-v2:score-cache,transformers:cross-encoder/nli-MiniLM2-L6-H768:relation-cache
269,consensus_rag,False,False,True,False,False,0.5143,False,True,sentence-transformers:sentence-transformers/all-MiniLM-L6-v2:score-cache,transformers:cross-encoder/nli-MiniLM2-L6-H768:relation-cache
270,consensus_rag,True,False,False,False,False,0.413,False,True,sentence-transformers:sentence-transformers/all-MiniLM-L6-v2:score-cache,transformers:cross-encoder/nli-MiniLM2-L6-H768:relation-cache
271,consensus_rag,False,False,False,False,False,0.5452,True,True,sentence-transformers:sentence-transformers/all-MiniLM-L6-v2:score-cache,transformers:cross-encoder/nli-MiniLM2-L6-H768:relation-cache
272,consensus_rag,True,False,False,False,False,0.4042,False,True,sentence-transformers:sentence-transformers/all-MiniLM-L6-v2:score-cache,transformers:cross-encoder/nli-MiniLM2-L6-H768:relation-cache
273,consensus_rag,True,False,False,False,False,0.3489,False,True,sentence-transformers:sentence-transformers/all-MiniLM-L6-v2:score-cache,transformers:cross-encoder/nli-MiniLM2-L6-H768:relation-cache
274,consensus_rag,True,False,False,False,False,0.6781,False,False,sentence-transformers:sentence-transformers/all-MiniLM-L6-v2:score-cache,not-loaded
275,consensus_rag,True,False,False,False,False,0.3419,False,True,sentence-transformers:sentence-transformers/all-MiniLM-L6-v2:score-cache,transformers:cross-encoder/nli-MiniLM2-L6-H768:relation-cache
276,consensus_rag,True,False,True,False,False,0.3892,False,True,sentence-transformers:sentence-transformers/all-MiniLM-L6-v2:score-cache,transformers:cross-encoder/nli-MiniLM2-L6-H768:relation-cache
277,consensus_rag,False,False,False,False,False,0.4202,False,True,sentence-transformers:sentence-transformers/all-MiniLM-L6-v2:score-cache,transformers:cross-encoder/nli-MiniLM2-L6-H768:relation-cache
278,consensus_rag,False,False,True,False,False,0.4879,True,True,sentence-transformers:sentence-transformers/all-MiniLM-L6-v2:score-cache,transformers:cross-encoder/nli-MiniLM2-L6-H768:relation-cache
279,consensus_rag,False,False,False,False,False,0.429,False,True,sentence-transformers:sentence-transformers/all-MiniLM-L6-v2:score-cache,transformers:cross-encoder/nli-MiniLM2-L6-H768:relation-cache
280,consensus_rag,False,False,False,False,False,0.3478,False,True,sentence-transformers:sentence-transformers/all-MiniLM-L6-v2:score-cache,transformers:cross-encoder/nli-MiniLM2-L6-H768:relation-cache
281,consensus_rag,False,False,False,False,False,0.3892,False,True,sentence-transformers:sentence-transformers/all-MiniLM-L6-v2:score-cache,transformers:cross-encoder/nli-MiniLM2-L6-H768:relation-cache
282,consensus_rag,True,False,False,False,False,0.3963,True,True,sentence-transformers:sentence-transformers/all-MiniLM-L6-v2:score-cache,transformers:cross-encoder/nli-MiniLM2-L6-H768:relation-cache
283,consensus_rag,False,False,False,False,False,0.3966,True,True,sentence-transformers:sentence-transformers/all-MiniLM-L6-v2:score-cache,transformers:cross-encoder/nli-MiniLM2-L6-H768:relation-cache
284,consensus_rag,False,False,False,False,False,0.4988,True,True,sentence-transformers:sentence-transformers/all-MiniLM-L6-v2:score-cache,transformers:cross-encoder/nli-MiniLM2-L6-H768:relation-cache
285,consensus_rag,False,False,False,False,False,0.5211,True,True,sentence-transformers:sentence-transformers/all-MiniLM-L6-v2:score-cache,transformers:cross-encoder/nli-MiniLM2-L6-H768:relation-cache
286,consensus_rag,True,False,False,False,False,0.4481,False,True,sentence-transformers:sentence-transformers/all-MiniLM-L6-v2:score-cache,transformers:cross-encoder/nli-MiniLM2-L6-H768:relation-cache
287,consensus_rag,True,False,False,False,False,0.4416,True,True,sentence-transformers:sentence-transformers/all-MiniLM-L6-v2:score-cache,transformers:cross-encoder/nli-MiniLM2-L6-H768:relation-cache
288,consensus_rag,False,False,False,False,False,0.3735,True,True,sentence-transformers:sentence-transformers/all-MiniLM-L6-v2:score-cache,transformers:cross-encoder/nli-MiniLM2-L6-H768:relation-cache
289,consensus_rag,True,False,False,False,False,0.4095,True,True,sentence-transformers:sentence-transformers/all-MiniLM-L6-v2:score-cache,transformers:cross-encoder/nli-MiniLM2-L6-H768:relation-cache
290,consensus_rag,True,False,False,False,False,0.4018,False,True,sentence-transformers:sentence-transformers/all-MiniLM-L6-v2:score-cache,transformers:cross-encoder/nli-MiniLM2-L6-H768:relation-cache
291,consensus_rag,False,False,True,False,False,0.4537,True,True,sentence-transformers:sentence-transformers/all-MiniLM-L6-v2:score-cache,transformers:cross-encoder/nli-MiniLM2-L6-H768:relation-cache
292,consensus_rag,True,False,False,False,False,0.3838,False,True,sentence-transformers:sentence-transformers/all-MiniLM-L6-v2:score-cache,transformers:cross-encoder/nli-MiniLM2-L6-H768:relation-cache
293,consensus_rag,False,False,False,False,False,0.2033,False,True,sentence-transformers:sentence-transformers/all-MiniLM-L6-v2:score-cache,transformers:cross-encoder/nli-MiniLM2-L6-H768:relation-cache
294,consensus_rag,True,False,True,False,False,0.4253,True,True,sentence-transformers:sentence-transformers/all-MiniLM-L6-v2:score-cache,transformers:cross-encoder/nli-MiniLM2-L6-H768:relation-cache
295,consensus_rag,False,False,False,False,False,0.6676,True,True,sentence-transformers:sentence-transformers/all-MiniLM-L6-v2:score-cache,transformers:cross-encoder/nli-MiniLM2-L6-H768:relation-cache
296,consensus_rag,True,False,True,False,False,0.5439,True,True,sentence-transformers:sentence-transformers/all-MiniLM-L6-v2:score-cache,transformers:cross-encoder/nli-MiniLM2-L6-H768:relation-cache
297,consensus_rag,True,False,False,False,False,0.4808,True,True,sentence-transformers:sentence-transformers/all-MiniLM-L6-v2:score-cache,transformers:cross-encoder/nli-MiniLM2-L6-H768:relation-cache
298,consensus_rag,True,False,False,False,False,0.3524,True,True,sentence-transformers:sentence-transformers/all-MiniLM-L6-v2:score-cache,transformers:cross-encoder/nli-MiniLM2-L6-H768:relation-cache
299,consensus_rag,True,False,False,False,False,0.4201,False,True,sentence-transformers:sentence-transformers/all-MiniLM-L6-v2:score-cache,transformers:cross-encoder/nli-MiniLM2-L6-H768:relation-cache
300,consensus_rag,True,False,False,False,False,0.3759,True,True,sentence-transformers:sentence-transformers/all-MiniLM-L6-v2:score-cache,transformers:cross-encoder/nli-MiniLM2-L6-H768:relation-cache
301,consensus_rag,False,False,False,False,False,0.3523,False,True,sentence-transformers:sentence-transformers/all-MiniLM-L6-v2:score-cache,transformers:cross-encoder/nli-MiniLM2-L6-H768:relation-cache
302,consensus_rag,True,False,False,False,False,0.3936,False,True,sentence-transformers:sentence-transformers/all-MiniLM-L6-v2:score-cache,transformers:cross-encoder/nli-MiniLM2-L6-H768:relation-cache
303,consensus_rag,True,False,False,False,False,0.4099,True,True,sentence-transformers:sentence-transformers/all-MiniLM-L6-v2:score-cache,transformers:cross-encoder/nli-MiniLM2-L6-H768:relation-cache
304,consensus_rag,True,False,False,False,False,0.3822,False,True,sentence-transformers:sentence-transformers/all-MiniLM-L6-v2:score-cache,transformers:cross-encoder/nli-MiniLM2-L6-H768:relation-cache
305,consensus_rag,True,False,False,False,False,0.5062,False,True,sentence-transformers:sentence-transformers/all-MiniLM-L6-v2:score-cache,transformers:cross-encoder/nli-MiniLM2-L6-H768:relation-cache
306,consensus_rag,True,False,False,False,False,0.4236,False,True,sentence-transformers:sentence-transformers/all-MiniLM-L6-v2:score-cache,transformers:cross-encoder/nli-MiniLM2-L6-H768:relation-cache
307,consensus_rag,True,False,False,False,False,0.4373,True,True,sentence-transformers:sentence-transformers/all-MiniLM-L6-v2:score-cache,transformers:cross-encoder/nli-MiniLM2-L6-H768:relation-cache
308,consensus_rag,False,False,False,False,False,0.391,True,True,sentence-transformers:sentence-transformers/all-MiniLM-L6-v2:score-cache,transformers:cross-encoder/nli-MiniLM2-L6-H768:relation-cache
309,consensus_rag,False,False,False,False,False,0.5309,True,True,sentence-transformers:sentence-transformers/all-MiniLM-L6-v2:score-cache,transformers:cross-encoder/nli-MiniLM2-L6-H768:relation-cache
310,consensus_rag,True,False,False,False,False,0.4629,False,True,sentence-transformers:sentence-transformers/all-MiniLM-L6-v2:score-cache,transformers:cross-encoder/nli-MiniLM2-L6-H768:relation-cache
311,consensus_rag,True,False,False,False,False,0.3462,False,True,sentence-transformers:sentence-transformers/all-MiniLM-L6-v2:score-cache,transformers:cross-encoder/nli-MiniLM2-L6-H768:relation-cache
312,consensus_rag,True,False,False,False,False,0.3002,False,True,sentence-transformers:sentence-transformers/all-MiniLM-L6-v2:score-cache,transformers:cross-encoder/nli-MiniLM2-L6-H768:relation-cache
313,consensus_rag,False,False,True,False,False,0.2966,True,True,sentence-transformers:sentence-transformers/all-MiniLM-L6-v2:score-cache,transformers:cross-encoder/nli-MiniLM2-L6-H768:relation-cache
314,consensus_rag,False,False,False,False,False,0.429,True,True,sentence-transformers:sentence-transformers/all-MiniLM-L6-v2:score-cache,transformers:cross-encoder/nli-MiniLM2-L6-H768:relation-cache
315,consensus_rag,True,False,False,False,False,0.1829,False,True,sentence-transformers:sentence-transformers/all-MiniLM-L6-v2:score-cache,transformers:cross-encoder/nli-MiniLM2-L6-H768:relation-cache
316,consensus_rag,True,False,False,False,False,0.275,False,True,sentence-transformers:sentence-transformers/all-MiniLM-L6-v2:score-cache,transformers:cross-encoder/nli-MiniLM2-L6-H768:relation-cache
317,consensus_rag,True,False,False,False,False,0.4682,False,True,sentence-transformers:sentence-transformers/all-MiniLM-L6-v2:score-cache,transformers:cross-encoder/nli-MiniLM2-L6-H768:relation-cache
318,consensus_rag,True,False,True,False,False,0.4367,False,True,sentence-transformers:sentence-transformers/all-MiniLM-L6-v2:score-cache,transformers:cross-encoder/nli-MiniLM2-L6-H768:relation-cache
319,consensus_rag,True,False,False,False,False,0.4391,False,True,sentence-transformers:sentence-transformers/all-MiniLM-L6-v2:score-cache,transformers:cross-encoder/nli-MiniLM2-L6-H768:relation-cache
320,consensus_rag,True,False,False,False,False,0.77,False,False,sentence-transformers:sentence-transformers/all-MiniLM-L6-v2:score-cache,transformers:cross-encoder/nli-MiniLM2-L6-H768:relation-cache
321,consensus_rag,True,False,False,False,False,0.313,False,True,sentence-transformers:sentence-transformers/all-MiniLM-L6-v2:score-cache,transformers:cross-encoder/nli-MiniLM2-L6-H768:relation-cache
322,consensus_rag,True,False,True,False,False,0.3476,True,True,sentence-transformers:sentence-transformers/all-MiniLM-L6-v2:score-cache,transformers:cross-encoder/nli-MiniLM2-L6-H768:relation-cache
323,consensus_rag,True,False,False,False,False,0.4027,True,True,sentence-transformers:sentence-transformers/all-MiniLM-L6-v2:score-cache,transformers:cross-encoder/nli-MiniLM2-L6-H768:relation-cache
324,consensus_rag,True,False,True,False,False,0.249,True,True,sentence-transformers:sentence-transformers/all-MiniLM-L6-v2:score-cache,transformers:cross-encoder/nli-MiniLM2-L6-H768:relation-cache
325,consensus_rag,True,False,False,False,False,0.3245,True,True,sentence-transformers:sentence-transformers/all-MiniLM-L6-v2:score-cache,transformers:cross-encoder/nli-MiniLM2-L6-H768:relation-cache
326,consensus_rag,True,False,False,False,False,0.251,False,True,sentence-transformers:sentence-transformers/all-MiniLM-L6-v2:score-cache,transformers:cross-encoder/nli-MiniLM2-L6-H768:relation-cache
327,consensus_rag,True,False,False,False,False,0.4178,False,True,sentence-transformers:sentence-transformers/all-MiniLM-L6-v2:score-cache,transformers:cross-encoder/nli-MiniLM2-L6-H768:relation-cache
328,consensus_rag,True,False,True,False,False,0.4279,True,True,sentence-transformers:sentence-transformers/all-MiniLM-L6-v2:score-cache,transformers:cross-encoder/nli-MiniLM2-L6-H768:relation-cache
329,consensus_rag,False,False,False,False,False,0.4476,True,True,sentence-transformers:sentence-transformers/all-MiniLM-L6-v2:score-cache,transformers:cross-encoder/nli-MiniLM2-L6-H768:relation-cache
330,consensus_rag,True,False,False,False,False,0.2235,False,True,sentence-transformers:sentence-transformers/all-MiniLM-L6-v2:score-cache,transformers:cross-encoder/nli-MiniLM2-L6-H768:relation-cache
331,consensus_rag,True,False,False,False,False,0.4262,True,True,sentence-transformers:sentence-transformers/all-MiniLM-L6-v2:score-cache,transformers:cross-encoder/nli-MiniLM2-L6-H768:relation-cache
332,consensus_rag,True,False,False,False,False,0.4724,False,True,sentence-transformers:sentence-transformers/all-MiniLM-L6-v2:score-cache,transformers:cross-encoder/nli-MiniLM2-L6-H768:relation-cache
333,consensus_rag,True,False,False,False,False,0.4611,False,True,sentence-transformers:sentence-transformers/all-MiniLM-L6-v2:score-cache,transformers:cross-encoder/nli-MiniLM2-L6-H768:relation-cache
334,consensus_rag,True,False,False,False,False,0.4868,True,True,sentence-transformers:sentence-transformers/all-MiniLM-L6-v2:score-cache,transformers:cross-encoder/nli-MiniLM2-L6-H768:relation-cache
335,consensus_rag,True,False,False,False,False,0.4324,False,True,sentence-transformers:sentence-transformers/all-MiniLM-L6-v2:score-cache,transformers:cross-encoder/nli-MiniLM2-L6-H768:relation-cache
336,consensus_rag,False,False,False,False,False,0.4395,False,True,sentence-transformers:sentence-transformers/all-MiniLM-L6-v2:score-cache,transformers:cross-encoder/nli-MiniLM2-L6-H768:relation-cache
337,consensus_rag,True,False,False,False,False,0.465,False,True,sentence-transformers:sentence-transformers/all-MiniLM-L6-v2:score-cache,transformers:cross-encoder/nli-MiniLM2-L6-H768:relation-cache
338,consensus_rag,False,False,False,False,False,0.609,True,True,sentence-transformers:sentence-transformers/all-MiniLM-L6-v2:score-cache,transformers:cross-encoder/nli-MiniLM2-L6-H768:relation-cache
339,consensus_rag,True,False,False,False,False,0.46,False,True,sentence-transformers:sentence-transformers/all-MiniLM-L6-v2:score-cache,transformers:cross-encoder/nli-MiniLM2-L6-H768:relation-cache
340,consensus_rag,True,False,False,False,False,0.3906,False,True,sentence-transformers:sentence-transformers/all-MiniLM-L6-v2:score-cache,transformers:cross-encoder/nli-MiniLM2-L6-H768:relation-cache
341,consensus_rag,True,False,False,False,False,0.3995,False,True,sentence-transformers:sentence-transformers/all-MiniLM-L6-v2:score-cache,transformers:cross-encoder/nli-MiniLM2-L6-H768:relation-cache
342,consensus_rag,False,False,True,False,False,0.3826,True,True,sentence-transformers:sentence-transformers/all-MiniLM-L6-v2:score-cache,transformers:cross-encoder/nli-MiniLM2-L6-H768:relation-cache
343,consensus_rag,True,False,False,False,False,0.4298,False,True,sentence-transformers:sentence-transformers/all-MiniLM-L6-v2:score-cache,transformers:cross-encoder/nli-MiniLM2-L6-H768:relation-cache
344,consensus_rag,True,False,False,False,False,0.2136,False,True,sentence-transformers:sentence-transformers/all-MiniLM-L6-v2:score-cache,transformers:cross-encoder/nli-MiniLM2-L6-H768:relation-cache
345,consensus_rag,True,False,True,False,False,0.3255,True,True,sentence-transformers:sentence-transformers/all-MiniLM-L6-v2:score-cache,transformers:cross-encoder/nli-MiniLM2-L6-H768:relation-cache
346,consensus_rag,True,False,False,False,False,0.3994,True,True,sentence-transformers:sentence-transformers/all-MiniLM-L6-v2:score-cache,transformers:cross-encoder/nli-MiniLM2-L6-H768:relation-cache
347,consensus_rag,True,False,False,False,False,0.2318,False,True,sentence-transformers:sentence-transformers/all-MiniLM-L6-v2:score-cache,transformers:cross-encoder/nli-MiniLM2-L6-H768:relation-cache
348,consensus_rag,False,False,False,False,False,0.3439,False,True,sentence-transformers:sentence-transformers/all-MiniLM-L6-v2:score-cache,transformers:cross-encoder/nli-MiniLM2-L6-H768:relation-cache
349,consensus_rag,True,False,False,False,False,0.3853,True,True,sentence-transformers:sentence-transformers/all-MiniLM-L6-v2:score-cache,transformers:cross-encoder/nli-MiniLM2-L6-H768:relation-cache
350,consensus_rag,True,False,False,False,False,0.4555,True,True,sentence-transformers:sentence-transformers/all-MiniLM-L6-v2:score-cache,transformers:cross-encoder/nli-MiniLM2-L6-H768:relation-cache
351,consensus_rag,False,False,False,False,False,0.4383,True,True,sentence-transformers:sentence-transformers/all-MiniLM-L6-v2:score-cache,transformers:cross-encoder/nli-MiniLM2-L6-H768:relation-cache
352,consensus_rag,True,False,False,False,False,0.286,False,True,sentence-transformers:sentence-transformers/all-MiniLM-L6-v2:score-cache,transformers:cross-encoder/nli-MiniLM2-L6-H768:relation-cache
353,consensus_rag,True,False,False,False,False,0.3707,False,True,sentence-transformers:sentence-transformers/all-MiniLM-L6-v2:score-cache,transformers:cross-encoder/nli-MiniLM2-L6-H768:relation-cache
354,consensus_rag,True,False,False,False,False,0.4259,False,True,sentence-transformers:sentence-transformers/all-MiniLM-L6-v2:score-cache,transformers:cross-encoder/nli-MiniLM2-L6-H768:relation-cache
355,consensus_rag,True,False,False,False,False,0.455,False,True,sentence-transformers:sentence-transformers/all-MiniLM-L6-v2:score-cache,transformers:cross-encoder/nli-MiniLM2-L6-H768:relation-cache
356,consensus_rag,True,False,True,False,False,0.3009,True,True,sentence-transformers:sentence-transformers/all-MiniLM-L6-v2:score-cache,transformers:cross-encoder/nli-MiniLM2-L6-H768:relation-cache
357,consensus_rag,True,False,False,False,False,0.215,True,True,sentence-transformers:sentence-transformers/all-MiniLM-L6-v2:score-cache,transformers:cross-encoder/nli-MiniLM2-L6-H768:relation-cache
358,consensus_rag,False,False,True,False,False,0.3962,True,True,sentence-transformers:sentence-transformers/all-MiniLM-L6-v2:score-cache,transformers:cross-encoder/nli-MiniLM2-L6-H768:relation-cache
359,consensus_rag,True,False,False,False,False,0.4163,True,True,sentence-transformers:sentence-transformers/all-MiniLM-L6-v2:score-cache,transformers:cross-encoder/nli-MiniLM2-L6-H768:relation-cache
360,consensus_rag,False,False,False,False,False,0.2938,False,True,sentence-transformers:sentence-transformers/all-MiniLM-L6-v2:score-cache,transformers:cross-encoder/nli-MiniLM2-L6-H768:relation-cache
361,consensus_rag,True,False,False,False,False,0.5313,False,True,sentence-transformers:sentence-transformers/all-MiniLM-L6-v2:score-cache,transformers:cross-encoder/nli-MiniLM2-L6-H768:relation-cache
362,consensus_rag,True,False,False,False,False,0.4855,True,True,sentence-transformers:sentence-transformers/all-MiniLM-L6-v2:score-cache,transformers:cross-encoder/nli-MiniLM2-L6-H768:relation-cache
363,consensus_rag,True,False,True,False,False,0.4912,False,True,sentence-transformers:sentence-transformers/all-MiniLM-L6-v2:score-cache,transformers:cross-encoder/nli-MiniLM2-L6-H768:relation-cache
364,consensus_rag,False,False,False,False,False,0.4423,True,True,sentence-transformers:sentence-transformers/all-MiniLM-L6-v2:score-cache,transformers:cross-encoder/nli-MiniLM2-L6-H768:relation-cache
365,consensus_rag,True,False,False,False,False,0.428,False,True,sentence-transformers:sentence-transformers/all-MiniLM-L6-v2:score-cache,transformers:cross-encoder/nli-MiniLM2-L6-H768:relation-cache
366,consensus_rag,True,False,False,False,False,0.2392,False,True,sentence-transformers:sentence-transformers/all-MiniLM-L6-v2:score-cache,transformers:cross-encoder/nli-MiniLM2-L6-H768:relation-cache
367,consensus_rag,False,False,False,False,False,0.4106,True,True,sentence-transformers:sentence-transformers/all-MiniLM-L6-v2:score-cache,transformers:cross-encoder/nli-MiniLM2-L6-H768:relation-cache
368,consensus_rag,False,False,False,False,False,0.4175,False,True,sentence-transformers:sentence-transformers/all-MiniLM-L6-v2:score-cache,transformers:cross-encoder/nli-MiniLM2-L6-H768:relation-cache
369,consensus_rag,True,False,False,False,False,0.2913,True,True,sentence-transformers:sentence-transformers/all-MiniLM-L6-v2:score-cache,transformers:cross-encoder/nli-MiniLM2-L6-H768:relation-cache
370,consensus_rag,True,False,False,False,False,0.3508,True,True,sentence-transformers:sentence-transformers/all-MiniLM-L6-v2:score-cache,transformers:cross-encoder/nli-MiniLM2-L6-H768:relation-cache
371,consensus_rag,True,False,False,False,False,0.4679,False,True,sentence-transformers:sentence-transformers/all-MiniLM-L6-v2:score-cache,transformers:cross-encoder/nli-MiniLM2-L6-H768:relation-cache
372,consensus_rag,True,False,False,False,False,0.3548,False,True,sentence-transformers:sentence-transformers/all-MiniLM-L6-v2:score-cache,transformers:cross-encoder/nli-MiniLM2-L6-H768:relation-cache
373,consensus_rag,True,False,False,False,False,0.2541,False,True,sentence-transformers:sentence-transformers/all-MiniLM-L6-v2:score-cache,transformers:cross-encoder/nli-MiniLM2-L6-H768:relation-cache
374,consensus_rag,True,False,False,False,False,0.3432,False,True,sentence-transformers:sentence-transformers/all-MiniLM-L6-v2:score-cache,transformers:cross-encoder/nli-MiniLM2-L6-H768:relation-cache
375,consensus_rag,True,False,False,False,False,0.3743,True,True,sentence-transformers:sentence-transformers/all-MiniLM-L6-v2:score-cache,transformers:cross-encoder/nli-MiniLM2-L6-H768:relation-cache
376,consensus_rag,False,False,False,False,False,0.4915,True,True,sentence-transformers:sentence-transformers/all-MiniLM-L6-v2:score-cache,transformers:cross-encoder/nli-MiniLM2-L6-H768:relation-cache
377,consensus_rag,True,False,False,False,False,0.489,True,True,sentence-transformers:sentence-transformers/all-MiniLM-L6-v2:score-cache,transformers:cross-encoder/nli-MiniLM2-L6-H768:relation-cache
378,consensus_rag,True,False,False,False,False,0.3579,False,True,sentence-transformers:sentence-transformers/all-MiniLM-L6-v2:score-cache,transformers:cross-encoder/nli-MiniLM2-L6-H768:relation-cache
379,consensus_rag,True,False,False,False,False,0.3354,False,True,sentence-transformers:sentence-transformers/all-MiniLM-L6-v2:score-cache,transformers:cross-encoder/nli-MiniLM2-L6-H768:relation-cache
380,consensus_rag,True,False,False,False,False,0.4088,False,True,sentence-transformers:sentence-transformers/all-MiniLM-L6-v2:score-cache,transformers:cross-encoder/nli-MiniLM2-L6-H768:relation-cache
381,consensus_rag,True,False,False,False,False,0.4244,True,True,sentence-transformers:sentence-transformers/all-MiniLM-L6-v2:score-cache,transformers:cross-encoder/nli-MiniLM2-L6-H768:relation-cache
382,consensus_rag,True,False,False,False,False,0.3204,True,True,sentence-transformers:sentence-transformers/all-MiniLM-L6-v2:score-cache,transformers:cross-encoder/nli-MiniLM2-L6-H768:relation-cache
383,consensus_rag,True,False,False,False,False,0.378,False,True,sentence-transformers:sentence-transformers/all-MiniLM-L6-v2:score-cache,transformers:cross-encoder/nli-MiniLM2-L6-H768:relation-cache
384,consensus_rag,False,False,False,False,False,0.4611,False,True,sentence-transformers:sentence-transformers/all-MiniLM-L6-v2:score-cache,transformers:cross-encoder/nli-MiniLM2-L6-H768:relation-cache
385,consensus_rag,True,False,False,False,False,0.3467,False,True,sentence-transformers:sentence-transformers/all-MiniLM-L6-v2:score-cache,transformers:cross-encoder/nli-MiniLM2-L6-H768:relation-cache
386,consensus_rag,True,False,False,False,False,0.5213,True,True,sentence-transformers:sentence-transformers/all-MiniLM-L6-v2:score-cache,transformers:cross-encoder/nli-MiniLM2-L6-H768:relation-cache
387,consensus_rag,False,False,False,False,False,0.3892,False,True,sentence-transformers:sentence-transformers/all-MiniLM-L6-v2:score-cache,transformers:cross-encoder/nli-MiniLM2-L6-H768:relation-cache
388,consensus_rag,False,False,True,False,False,0.4235,True,True,sentence-transformers:sentence-transformers/all-MiniLM-L6-v2:score-cache,transformers:cross-encoder/nli-MiniLM2-L6-H768:relation-cache
389,consensus_rag,True,False,False,False,False,0.3507,False,True,sentence-transformers:sentence-transformers/all-MiniLM-L6-v2:score-cache,transformers:cross-encoder/nli-MiniLM2-L6-H768:relation-cache
390,consensus_rag,True,False,False,False,False,0.3973,True,True,sentence-transformers:sentence-transformers/all-MiniLM-L6-v2:score-cache,transformers:cross-encoder/nli-MiniLM2-L6-H768:relation-cache
391,consensus_rag,True,False,False,False,False,0.3515,True,True,sentence-transformers:sentence-transformers/all-MiniLM-L6-v2:score-cache,transformers:cross-encoder/nli-MiniLM2-L6-H768:relation-cache
392,consensus_rag,False,False,True,False,False,0.2151,True,True,sentence-transformers:sentence-transformers/all-MiniLM-L6-v2:score-cache,transformers:cross-encoder/nli-MiniLM2-L6-H768:relation-cache
393,consensus_rag,True,False,False,False,False,0.3846,True,True,sentence-transformers:sentence-transformers/all-MiniLM-L6-v2:score-cache,transformers:cross-encoder/nli-MiniLM2-L6-H768:relation-cache
394,consensus_rag,True,False,False,False,False,0.3896,False,True,sentence-transformers:sentence-transformers/all-MiniLM-L6-v2:score-cache,transformers:cross-encoder/nli-MiniLM2-L6-H768:relation-cache
395,consensus_rag,True,False,False,False,False,0.456,False,True,sentence-transformers:sentence-transformers/all-MiniLM-L6-v2:score-cache,transformers:cross-encoder/nli-MiniLM2-L6-H768:relation-cache
396,consensus_rag,True,False,False,False,False,0.3,False,True,sentence-transformers:sentence-transformers/all-MiniLM-L6-v2:score-cache,transformers:cross-encoder/nli-MiniLM2-L6-H768:relation-cache
397,consensus_rag,True,False,False,False,False,0.3524,True,True,sentence-transformers:sentence-transformers/all-MiniLM-L6-v2:score-cache,transformers:cross-encoder/nli-MiniLM2-L6-H768:relation-cache
398,consensus_rag,False,False,False,False,False,0.4265,True,True,sentence-transformers:sentence-transformers/all-MiniLM-L6-v2:score-cache,transformers:cross-encoder/nli-MiniLM2-L6-H768:relation-cache
399,consensus_rag,False,False,False,False,False,0.3894,True,True,sentence-transformers:sentence-transformers/all-MiniLM-L6-v2:score-cache,transformers:cross-encoder/nli-MiniLM2-L6-H768:relation-cache
400,consensus_rag,False,False,True,False,False,0.429,False,True,sentence-transformers:sentence-transformers/all-MiniLM-L6-v2:score-cache,transformers:cross-encoder/nli-MiniLM2-L6-H768:relation-cache
401,consensus_rag,True,False,False,False,False,0.7846,False,True,sentence-transformers:sentence-transformers/all-MiniLM-L6-v2:score-cache,transformers:cross-encoder/nli-MiniLM2-L6-H768:relation-cache
402,consensus_rag,True,False,False,False,False,0.3597,False,True,sentence-transformers:sentence-transformers/all-MiniLM-L6-v2:score-cache,transformers:cross-encoder/nli-MiniLM2-L6-H768:relation-cache
403,consensus_rag,True,False,False,False,False,0.3105,False,True,sentence-transformers:sentence-transformers/all-MiniLM-L6-v2:score-cache,transformers:cross-encoder/nli-MiniLM2-L6-H768:relation-cache
404,consensus_rag,True,False,False,False,False,0.3072,False,True,sentence-transformers:sentence-transformers/all-MiniLM-L6-v2:score-cache,transformers:cross-encoder/nli-MiniLM2-L6-H768:relation-cache
405,consensus_rag,True,False,False,False,False,0.4026,False,True,sentence-transformers:sentence-transformers/all-MiniLM-L6-v2:score-cache,transformers:cross-encoder/nli-MiniLM2-L6-H768:relation-cache
406,consensus_rag,False,False,False,False,False,0.4249,True,True,sentence-transformers:sentence-transformers/all-MiniLM-L6-v2:score-cache,transformers:cross-encoder/nli-MiniLM2-L6-H768:relation-cache
407,consensus_rag,False,False,False,False,False,0.4051,True,True,sentence-transformers:sentence-transformers/all-MiniLM-L6-v2:score-cache,transformers:cross-encoder/nli-MiniLM2-L6-H768:relation-cache
408,consensus_rag,False,False,False,False,False,0.3584,True,True,sentence-transformers:sentence-transformers/all-MiniLM-L6-v2:score-cache,transformers:cross-encoder/nli-MiniLM2-L6-H768:relation-cache
409,consensus_rag,True,False,False,False,False,0.4107,True,True,sentence-transformers:sentence-transformers/all-MiniLM-L6-v2:score-cache,transformers:cross-encoder/nli-MiniLM2-L6-H768:relation-cache
410,consensus_rag,True,False,True,False,False,0.7227,True,True,sentence-transformers:sentence-transformers/all-MiniLM-L6-v2:score-cache,transformers:cross-encoder/nli-MiniLM2-L6-H768:relation-cache
411,consensus_rag,True,False,False,False,False,0.4494,False,True,sentence-transformers:sentence-transformers/all-MiniLM-L6-v2:score-cache,transformers:cross-encoder/nli-MiniLM2-L6-H768:relation-cache
412,consensus_rag,True,False,False,False,False,0.4461,True,True,sentence-transformers:sentence-transformers/all-MiniLM-L6-v2:score-cache,transformers:cross-encoder/nli-MiniLM2-L6-H768:relation-cache
413,consensus_rag,False,False,False,False,False,0.4491,True,True,sentence-transformers:sentence-transformers/all-MiniLM-L6-v2:score-cache,transformers:cross-encoder/nli-MiniLM2-L6-H768:relation-cache
414,consensus_rag,False,False,True,False,False,0.4142,True,True,sentence-transformers:sentence-transformers/all-MiniLM-L6-v2:score-cache,transformers:cross-encoder/nli-MiniLM2-L6-H768:relation-cache
415,consensus_rag,True,False,True,False,False,0.3543,True,True,sentence-transformers:sentence-transformers/all-MiniLM-L6-v2:score-cache,transformers:cross-encoder/nli-MiniLM2-L6-H768:relation-cache
416,consensus_rag,False,False,False,False,False,0.3993,False,True,sentence-transformers:sentence-transformers/all-MiniLM-L6-v2:score-cache,transformers:cross-encoder/nli-MiniLM2-L6-H768:relation-cache
417,consensus_rag,True,False,False,False,False,0.4243,False,True,sentence-transformers:sentence-transformers/all-MiniLM-L6-v2:score-cache,transformers:cross-encoder/nli-MiniLM2-L6-H768:relation-cache
418,consensus_rag,True,False,True,False,False,0.594,True,True,sentence-transformers:sentence-transformers/all-MiniLM-L6-v2:score-cache,transformers:cross-encoder/nli-MiniLM2-L6-H768:relation-cache
419,consensus_rag,True,False,False,False,False,0.3371,False,True,sentence-transformers:sentence-transformers/all-MiniLM-L6-v2:score-cache,transformers:cross-encoder/nli-MiniLM2-L6-H768:relation-cache
420,consensus_rag,False,False,False,False,False,0.4375,True,True,sentence-transformers:sentence-transformers/all-MiniLM-L6-v2:score-cache,transformers:cross-encoder/nli-MiniLM2-L6-H768:relation-cache
421,consensus_rag,True,False,False,False,False,0.4378,False,True,sentence-transformers:sentence-transformers/all-MiniLM-L6-v2:score-cache,transformers:cross-encoder/nli-MiniLM2-L6-H768:relation-cache
422,consensus_rag,True,False,False,False,False,0.4081,False,True,sentence-transformers:sentence-transformers/all-MiniLM-L6-v2:score-cache,transformers:cross-encoder/nli-MiniLM2-L6-H768:relation-cache
423,consensus_rag,True,False,False,False,False,0.3921,False,True,sentence-transformers:sentence-transformers/all-MiniLM-L6-v2:score-cache,transformers:cross-encoder/nli-MiniLM2-L6-H768:relation-cache
424,consensus_rag,False,False,False,False,False,0.2611,True,True,sentence-transformers:sentence-transformers/all-MiniLM-L6-v2:score-cache,transformers:cross-encoder/nli-MiniLM2-L6-H768:relation-cache
425,consensus_rag,True,False,False,False,False,0.3757,False,True,sentence-transformers:sentence-transformers/all-MiniLM-L6-v2:score-cache,transformers:cross-encoder/nli-MiniLM2-L6-H768:relation-cache
426,consensus_rag,False,False,True,False,False,0.3649,True,True,sentence-transformers:sentence-transformers/all-MiniLM-L6-v2:score-cache,transformers:cross-encoder/nli-MiniLM2-L6-H768:relation-cache
427,consensus_rag,True,False,False,False,False,0.2596,False,True,sentence-transformers:sentence-transformers/all-MiniLM-L6-v2:score-cache,transformers:cross-encoder/nli-MiniLM2-L6-H768:relation-cache
428,consensus_rag,False,False,False,False,False,0.2391,False,True,sentence-transformers:sentence-transformers/all-MiniLM-L6-v2:score-cache,transformers:cross-encoder/nli-MiniLM2-L6-H768:relation-cache
429,consensus_rag,True,False,False,False,False,0.3725,True,True,sentence-transformers:sentence-transformers/all-MiniLM-L6-v2:score-cache,transformers:cross-encoder/nli-MiniLM2-L6-H768:relation-cache
430,consensus_rag,True,False,False,False,False,0.3903,False,True,sentence-transformers:sentence-transformers/all-MiniLM-L6-v2:score-cache,transformers:cross-encoder/nli-MiniLM2-L6-H768:relation-cache
431,consensus_rag,True,False,False,False,False,0.4437,True,True,sentence-transformers:sentence-transformers/all-MiniLM-L6-v2:score-cache,transformers:cross-encoder/nli-MiniLM2-L6-H768:relation-cache
432,consensus_rag,True,False,False,False,False,0.2258,False,True,sentence-transformers:sentence-transformers/all-MiniLM-L6-v2:score-cache,transformers:cross-encoder/nli-MiniLM2-L6-H768:relation-cache
433,consensus_rag,False,False,False,False,False,0.3478,False,True,sentence-transformers:sentence-transformers/all-MiniLM-L6-v2:score-cache,transformers:cross-encoder/nli-MiniLM2-L6-H768:relation-cache
434,consensus_rag,False,False,True,False,False,0.3516,True,True,sentence-transformers:sentence-transformers/all-MiniLM-L6-v2:score-cache,transformers:cross-encoder/nli-MiniLM2-L6-H768:relation-cache
435,consensus_rag,False,False,False,False,False,0.2747,False,True,sentence-transformers:sentence-transformers/all-MiniLM-L6-v2:score-cache,transformers:cross-encoder/nli-MiniLM2-L6-H768:relation-cache
436,consensus_rag,True,False,False,False,False,0.3739,False,True,sentence-transformers:sentence-transformers/all-MiniLM-L6-v2:score-cache,transformers:cross-encoder/nli-MiniLM2-L6-H768:relation-cache
437,consensus_rag,True,False,False,False,False,0.339,False,True,sentence-transformers:sentence-transformers/all-MiniLM-L6-v2:score-cache,transformers:cross-encoder/nli-MiniLM2-L6-H768:relation-cache
438,consensus_rag,True,False,False,False,False,0.3944,True,True,sentence-transformers:sentence-transformers/all-MiniLM-L6-v2:score-cache,transformers:cross-encoder/nli-MiniLM2-L6-H768:relation-cache
439,consensus_rag,True,False,False,False,False,0.4392,False,True,sentence-transformers:sentence-transformers/all-MiniLM-L6-v2:score-cache,transformers:cross-encoder/nli-MiniLM2-L6-H768:relation-cache
440,consensus_rag,True,False,False,False,False,0.3244,False,True,sentence-transformers:sentence-transformers/all-MiniLM-L6-v2:score-cache,transformers:cross-encoder/nli-MiniLM2-L6-H768:relation-cache
441,consensus_rag,False,False,False,False,False,0.2886,False,True,sentence-transformers:sentence-transformers/all-MiniLM-L6-v2:score-cache,transformers:cross-encoder/nli-MiniLM2-L6-H768:relation-cache
442,consensus_rag,False,False,False,False,False,0.5119,True,True,sentence-transformers:sentence-transformers/all-MiniLM-L6-v2:score-cache,transformers:cross-encoder/nli-MiniLM2-L6-H768:relation-cache
443,consensus_rag,True,False,True,False,False,0.3868,True,True,sentence-transformers:sentence-transformers/all-MiniLM-L6-v2:score-cache,transformers:cross-encoder/nli-MiniLM2-L6-H768:relation-cache
444,consensus_rag,False,False,False,False,False,0.3652,True,True,sentence-transformers:sentence-transformers/all-MiniLM-L6-v2:score-cache,transformers:cross-encoder/nli-MiniLM2-L6-H768:relation-cache
445,consensus_rag,False,False,False,False,False,0.4484,False,True,sentence-transformers:sentence-transformers/all-MiniLM-L6-v2:score-cache,transformers:cross-encoder/nli-MiniLM2-L6-H768:relation-cache
446,consensus_rag,False,False,False,False,False,0.4358,True,True,sentence-transformers:sentence-transformers/all-MiniLM-L6-v2:score-cache,transformers:cross-encoder/nli-MiniLM2-L6-H768:relation-cache
447,consensus_rag,True,False,True,False,False,0.3846,True,True,sentence-transformers:sentence-transformers/all-MiniLM-L6-v2:score-cache,transformers:cross-encoder/nli-MiniLM2-L6-H768:relation-cache
448,consensus_rag,False,False,False,False,False,0.5024,True,True,sentence-transformers:sentence-transformers/all-MiniLM-L6-v2:score-cache,transformers:cross-encoder/nli-MiniLM2-L6-H768:relation-cache
449,consensus_rag,True,False,False,False,False,0.2462,False,True,sentence-transformers:sentence-transformers/all-MiniLM-L6-v2:score-cache,transformers:cross-encoder/nli-MiniLM2-L6-H768:relation-cache
450,consensus_rag,True,False,False,False,False,0.4018,True,True,sentence-transformers:sentence-transformers/all-MiniLM-L6-v2:score-cache,transformers:cross-encoder/nli-MiniLM2-L6-H768:relation-cache
451,consensus_rag,True,False,True,False,False,0.4711,True,True,sentence-transformers:sentence-transformers/all-MiniLM-L6-v2:score-cache,transformers:cross-encoder/nli-MiniLM2-L6-H768:relation-cache
452,consensus_rag,False,False,False,False,False,0.5992,False,True,sentence-transformers:sentence-transformers/all-MiniLM-L6-v2:score-cache,transformers:cross-encoder/nli-MiniLM2-L6-H768:relation-cache
453,consensus_rag,True,False,False,False,False,0.4384,True,True,sentence-transformers:sentence-transformers/all-MiniLM-L6-v2:score-cache,transformers:cross-encoder/nli-MiniLM2-L6-H768:relation-cache
454,consensus_rag,True,False,True,False,False,0.4462,False,True,sentence-transformers:sentence-transformers/all-MiniLM-L6-v2:score-cache,transformers:cross-encoder/nli-MiniLM2-L6-H768:relation-cache
455,consensus_rag,True,False,False,False,False,0.5578,True,True,sentence-transformers:sentence-transformers/all-MiniLM-L6-v2:score-cache,transformers:cross-encoder/nli-MiniLM2-L6-H768:relation-cache
456,consensus_rag,True,False,False,False,False,0.4547,False,True,sentence-transformers:sentence-transformers/all-MiniLM-L6-v2:score-cache,transformers:cross-encoder/nli-MiniLM2-L6-H768:relation-cache
457,consensus_rag,True,False,False,False,False,0.3798,True,True,sentence-transformers:sentence-transformers/all-MiniLM-L6-v2:score-cache,transformers:cross-encoder/nli-MiniLM2-L6-H768:relation-cache
458,consensus_rag,True,False,False,False,False,0.5216,False,True,sentence-transformers:sentence-transformers/all-MiniLM-L6-v2:score-cache,transformers:cross-encoder/nli-MiniLM2-L6-H768:relation-cache
459,consensus_rag,True,False,False,False,False,0.3961,False,True,sentence-transformers:sentence-transformers/all-MiniLM-L6-v2:score-cache,transformers:cross-encoder/nli-MiniLM2-L6-H768:relation-cache
460,consensus_rag,True,False,True,False,False,0.4211,True,True,sentence-transformers:sentence-transformers/all-MiniLM-L6-v2:score-cache,transformers:cross-encoder/nli-MiniLM2-L6-H768:relation-cache
461,consensus_rag,True,False,False,False,False,0.2618,True,True,sentence-transformers:sentence-transformers/all-MiniLM-L6-v2:score-cache,transformers:cross-encoder/nli-MiniLM2-L6-H768:relation-cache
462,consensus_rag,True,False,False,False,False,0.4828,False,True,sentence-transformers:sentence-transformers/all-MiniLM-L6-v2:score-cache,transformers:cross-encoder/nli-MiniLM2-L6-H768:relation-cache
463,consensus_rag,False,False,True,False,False,0.4437,True,True,sentence-transformers:sentence-transformers/all-MiniLM-L6-v2:score-cache,transformers:cross-encoder/nli-MiniLM2-L6-H768:relation-cache
464,consensus_rag,False,False,False,False,False,0.4499,True,True,sentence-transformers:sentence-transformers/all-MiniLM-L6-v2:score-cache,transformers:cross-encoder/nli-MiniLM2-L6-H768:relation-cache
465,consensus_rag,False,False,False,False,False,0.5406,True,True,sentence-transformers:sentence-transformers/all-MiniLM-L6-v2:score-cache,transformers:cross-encoder/nli-MiniLM2-L6-H768:relation-cache
466,consensus_rag,True,False,False,False,False,0.3884,True,True,sentence-transformers:sentence-transformers/all-MiniLM-L6-v2:score-cache,transformers:cross-encoder/nli-MiniLM2-L6-H768:relation-cache
467,consensus_rag,True,False,True,False,False,0.3643,True,True,sentence-transformers:sentence-transformers/all-MiniLM-L6-v2:score-cache,transformers:cross-encoder/nli-MiniLM2-L6-H768:relation-cache
468,consensus_rag,True,False,False,False,False,0.2864,True,True,sentence-transformers:sentence-transformers/all-MiniLM-L6-v2:score-cache,transformers:cross-encoder/nli-MiniLM2-L6-H768:relation-cache
469,consensus_rag,False,False,False,False,False,0.3934,True,True,sentence-transformers:sentence-transformers/all-MiniLM-L6-v2:score-cache,transformers:cross-encoder/nli-MiniLM2-L6-H768:relation-cache
470,consensus_rag,False,False,False,False,False,0.4725,True,True,sentence-transformers:sentence-transformers/all-MiniLM-L6-v2:score-cache,transformers:cross-encoder/nli-MiniLM2-L6-H768:relation-cache
471,consensus_rag,True,False,False,False,False,0.4162,False,True,sentence-transformers:sentence-transformers/all-MiniLM-L6-v2:score-cache,transformers:cross-encoder/nli-MiniLM2-L6-H768:relation-cache
472,consensus_rag,True,False,False,False,False,0.4197,False,True,sentence-transformers:sentence-transformers/all-MiniLM-L6-v2:score-cache,transformers:cross-encoder/nli-MiniLM2-L6-H768:relation-cache
473,consensus_rag,False,False,False,False,False,0.4589,True,True,sentence-transformers:sentence-transformers/all-MiniLM-L6-v2:score-cache,transformers:cross-encoder/nli-MiniLM2-L6-H768:relation-cache
474,consensus_rag,False,False,False,False,False,0.4971,True,True,sentence-transformers:sentence-transformers/all-MiniLM-L6-v2:score-cache,transformers:cross-encoder/nli-MiniLM2-L6-H768:relation-cache
475,consensus_rag,False,False,True,False,False,0.3888,True,True,sentence-transformers:sentence-transformers/all-MiniLM-L6-v2:score-cache,transformers:cross-encoder/nli-MiniLM2-L6-H768:relation-cache
476,consensus_rag,True,False,False,False,False,0.3885,False,True,sentence-transformers:sentence-transformers/all-MiniLM-L6-v2:score-cache,transformers:cross-encoder/nli-MiniLM2-L6-H768:relation-cache
477,consensus_rag,True,False,False,False,False,0.4131,True,True,sentence-transformers:sentence-transformers/all-MiniLM-L6-v2:score-cache,transformers:cross-encoder/nli-MiniLM2-L6-H768:relation-cache
478,consensus_rag,True,False,False,False,False,0.4201,False,True,sentence-transformers:sentence-transformers/all-MiniLM-L6-v2:score-cache,transformers:cross-encoder/nli-MiniLM2-L6-H768:relation-cache
479,consensus_rag,False,False,False,False,False,0.4312,True,True,sentence-transformers:sentence-transformers/all-MiniLM-L6-v2:score-cache,transformers:cross-encoder/nli-MiniLM2-L6-H768:relation-cache
480,consensus_rag,True,False,False,False,False,0.4482,False,True,sentence-transformers:sentence-transformers/all-MiniLM-L6-v2:score-cache,transformers:cross-encoder/nli-MiniLM2-L6-H768:relation-cache
481,consensus_rag,True,False,False,False,False,0.3697,False,True,sentence-transformers:sentence-transformers/all-MiniLM-L6-v2:score-cache,transformers:cross-encoder/nli-MiniLM2-L6-H768:relation-cache
482,consensus_rag,False,False,False,False,False,0.4709,True,True,sentence-transformers:sentence-transformers/all-MiniLM-L6-v2:score-cache,transformers:cross-encoder/nli-MiniLM2-L6-H768:relation-cache
483,consensus_rag,False,False,False,False,False,0.3726,False,True,sentence-transformers:sentence-transformers/all-MiniLM-L6-v2:score-cache,transformers:cross-encoder/nli-MiniLM2-L6-H768:relation-cache
484,consensus_rag,True,False,False,False,False,0.4358,False,True,sentence-transformers:sentence-transformers/all-MiniLM-L6-v2:score-cache,transformers:cross-encoder/nli-MiniLM2-L6-H768:relation-cache
485,consensus_rag,False,False,False,False,False,0.4446,True,True,sentence-transformers:sentence-transformers/all-MiniLM-L6-v2:score-cache,transformers:cross-encoder/nli-MiniLM2-L6-H768:relation-cache
486,consensus_rag,True,False,False,False,False,0.3967,True,True,sentence-transformers:sentence-transformers/all-MiniLM-L6-v2:score-cache,transformers:cross-encoder/nli-MiniLM2-L6-H768:relation-cache
487,consensus_rag,True,False,False,False,False,0.3698,True,True,sentence-transformers:sentence-transformers/all-MiniLM-L6-v2:score-cache,transformers:cross-encoder/nli-MiniLM2-L6-H768:relation-cache
488,consensus_rag,False,False,False,False,False,0.3183,False,True,sentence-transformers:sentence-transformers/all-MiniLM-L6-v2:score-cache,transformers:cross-encoder/nli-MiniLM2-L6-H768:relation-cache
489,consensus_rag,True,False,False,False,False,0.3795,False,True,sentence-transformers:sentence-transformers/all-MiniLM-L6-v2:score-cache,transformers:cross-encoder/nli-MiniLM2-L6-H768:relation-cache
490,consensus_rag,False,False,False,False,False,0.4016,True,True,sentence-transformers:sentence-transformers/all-MiniLM-L6-v2:score-cache,transformers:cross-encoder/nli-MiniLM2-L6-H768:relation-cache
491,consensus_rag,True,False,False,False,False,0.4555,False,True,sentence-transformers:sentence-transformers/all-MiniLM-L6-v2:score-cache,transformers:cross-encoder/nli-MiniLM2-L6-H768:relation-cache
492,consensus_rag,True,False,False,False,False,0.3929,False,True,sentence-transformers:sentence-transformers/all-MiniLM-L6-v2:score-cache,transformers:cross-encoder/nli-MiniLM2-L6-H768:relation-cache
493,consensus_rag,True,False,False,False,False,0.4864,True,True,sentence-transformers:sentence-transformers/all-MiniLM-L6-v2:score-cache,transformers:cross-encoder/nli-MiniLM2-L6-H768:relation-cache
494,consensus_rag,True,False,False,False,False,0.3827,False,True,sentence-transformers:sentence-transformers/all-MiniLM-L6-v2:score-cache,transformers:cross-encoder/nli-MiniLM2-L6-H768:relation-cache
495,consensus_rag,False,False,False,False,False,0.5071,True,True,sentence-transformers:sentence-transformers/all-MiniLM-L6-v2:score-cache,transformers:cross-encoder/nli-MiniLM2-L6-H768:relation-cache
496,consensus_rag,False,False,False,False,False,0.423,True,True,sentence-transformers:sentence-transformers/all-MiniLM-L6-v2:score-cache,transformers:cross-encoder/nli-MiniLM2-L6-H768:relation-cache
497,consensus_rag,False,False,False,False,False,0.4909,False,True,sentence-transformers:sentence-transformers/all-MiniLM-L6-v2:score-cache,transformers:cross-encoder/nli-MiniLM2-L6-H768:relation-cache
498,consensus_rag,True,False,True,False,False,0.3258,True,True,sentence-transformers:sentence-transformers/all-MiniLM-L6-v2:score-cache,transformers:cross-encoder/nli-MiniLM2-L6-H768:relation-cache
499,consensus_rag,True,False,True,False,False,0.5612,True,True,sentence-transformers:sentence-transformers/all-MiniLM-L6-v2:score-cache,transformers:cross-encoder/nli-MiniLM2-L6-H768:relation-cache
0,evidenceguard,False,False,False,False,False,0.6638,False,False,sentence-transformers:sentence-transformers/all-MiniLM-L6-v2:score-cache,transformers:cross-encoder/nli-MiniLM2-L6-H768:relation-cache
1,evidenceguard,True,True,False,True,False,0.2169,False,True,sentence-transformers:sentence-transformers/all-MiniLM-L6-v2:score-cache,transformers:cross-encoder/nli-MiniLM2-L6-H768:relation-cache
2,evidenceguard,True,True,False,True,False,0.3579,True,True,sentence-transformers:sentence-transformers/all-MiniLM-L6-v2:score-cache,transformers:cross-encoder/nli-MiniLM2-L6-H768:relation-cache
3,evidenceguard,True,True,True,False,False,0.4042,False,True,sentence-transformers:sentence-transformers/all-MiniLM-L6-v2:score-cache,transformers:cross-encoder/nli-MiniLM2-L6-H768:relation-cache
4,evidenceguard,False,False,True,False,False,0.4477,True,True,sentence-transformers:sentence-transformers/all-MiniLM-L6-v2:score-cache,transformers:cross-encoder/nli-MiniLM2-L6-H768:relation-cache
5,evidenceguard,False,False,False,False,False,0.3984,False,True,sentence-transformers:sentence-transformers/all-MiniLM-L6-v2:score-cache,transformers:cross-encoder/nli-MiniLM2-L6-H768:relation-cache
6,evidenceguard,True,True,False,True,False,0.4863,True,True,sentence-transformers:sentence-transformers/all-MiniLM-L6-v2:score-cache,transformers:cross-encoder/nli-MiniLM2-L6-H768:relation-cache
7,evidenceguard,False,False,True,False,False,0.7202,False,False,sentence-transformers:sentence-transformers/all-MiniLM-L6-v2:score-cache,transformers:cross-encoder/nli-MiniLM2-L6-H768:relation-cache
8,evidenceguard,False,False,True,False,False,0.85,True,False,sentence-transformers:sentence-transformers/all-MiniLM-L6-v2:score-cache,not-loaded
9,evidenceguard,True,True,False,True,False,0.6616,True,False,sentence-transformers:sentence-transformers/all-MiniLM-L6-v2:score-cache,transformers:cross-encoder/nli-MiniLM2-L6-H768:relation-cache
10,evidenceguard,False,False,False,False,False,0.2276,False,True,sentence-transformers:sentence-transformers/all-MiniLM-L6-v2:score-cache,transformers:cross-encoder/nli-MiniLM2-L6-H768:relation-cache
11,evidenceguard,True,True,False,True,False,0.2248,False,True,sentence-transformers:sentence-transformers/all-MiniLM-L6-v2:score-cache,transformers:cross-encoder/nli-MiniLM2-L6-H768:relation-cache
12,evidenceguard,True,True,False,True,False,0.3682,True,True,sentence-transformers:sentence-transformers/all-MiniLM-L6-v2:score-cache,transformers:cross-encoder/nli-MiniLM2-L6-H768:relation-cache
13,evidenceguard,True,True,False,True,False,0.5058,True,True,sentence-transformers:sentence-transformers/all-MiniLM-L6-v2:score-cache,transformers:cross-encoder/nli-MiniLM2-L6-H768:relation-cache
14,evidenceguard,True,True,False,True,False,0.2831,True,True,sentence-transformers:sentence-transformers/all-MiniLM-L6-v2:score-cache,transformers:cross-encoder/nli-MiniLM2-L6-H768:relation-cache
15,evidenceguard,False,False,False,False,False,0.3203,True,True,sentence-transformers:sentence-transformers/all-MiniLM-L6-v2:score-cache,transformers:cross-encoder/nli-MiniLM2-L6-H768:relation-cache
16,evidenceguard,True,True,False,True,False,0.64,False,False,sentence-transformers:sentence-transformers/all-MiniLM-L6-v2:score-cache,transformers:cross-encoder/nli-MiniLM2-L6-H768:relation-cache
17,evidenceguard,True,True,False,True,False,0.6283,False,False,sentence-transformers:sentence-transformers/all-MiniLM-L6-v2:score-cache,not-loaded
18,evidenceguard,False,False,True,False,False,0.3465,False,True,sentence-transformers:sentence-transformers/all-MiniLM-L6-v2:score-cache,transformers:cross-encoder/nli-MiniLM2-L6-H768:relation-cache
19,evidenceguard,True,True,False,True,False,0.3683,False,True,sentence-transformers:sentence-transformers/all-MiniLM-L6-v2:score-cache,transformers:cross-encoder/nli-MiniLM2-L6-H768:relation-cache
20,evidenceguard,False,False,True,False,False,0.4537,True,True,sentence-transformers:sentence-transformers/all-MiniLM-L6-v2:score-cache,transformers:cross-encoder/nli-MiniLM2-L6-H768:relation-cache
21,evidenceguard,False,False,False,False,False,0.2829,True,True,sentence-transformers:sentence-transformers/all-MiniLM-L6-v2:score-cache,transformers:cross-encoder/nli-MiniLM2-L6-H768:relation-cache
22,evidenceguard,False,False,True,False,False,0.308,True,True,sentence-transformers:sentence-transformers/all-MiniLM-L6-v2:score-cache,transformers:cross-encoder/nli-MiniLM2-L6-H768:relation-cache
23,evidenceguard,False,False,False,False,False,0.45,False,True,sentence-transformers:sentence-transformers/all-MiniLM-L6-v2:score-cache,transformers:cross-encoder/nli-MiniLM2-L6-H768:relation-cache
24,evidenceguard,False,False,True,False,False,0.3637,True,True,sentence-transformers:sentence-transformers/all-MiniLM-L6-v2:score-cache,transformers:cross-encoder/nli-MiniLM2-L6-H768:relation-cache
25,evidenceguard,False,False,True,False,False,0.3351,False,True,sentence-transformers:sentence-transformers/all-MiniLM-L6-v2:score-cache,transformers:cross-encoder/nli-MiniLM2-L6-H768:relation-cache
26,evidenceguard,True,True,False,True,False,0.3498,True,True,sentence-transformers:sentence-transformers/all-MiniLM-L6-v2:score-cache,transformers:cross-encoder/nli-MiniLM2-L6-H768:relation-cache
27,evidenceguard,False,False,True,False,False,0.3087,True,True,sentence-transformers:sentence-transformers/all-MiniLM-L6-v2:score-cache,transformers:cross-encoder/nli-MiniLM2-L6-H768:relation-cache
28,evidenceguard,False,False,True,False,False,0.7121,False,False,sentence-transformers:sentence-transformers/all-MiniLM-L6-v2:score-cache,not-loaded
29,evidenceguard,True,True,False,True,False,0.64,False,False,sentence-transformers:sentence-transformers/all-MiniLM-L6-v2:score-cache,transformers:cross-encoder/nli-MiniLM2-L6-H768:relation-cache
30,evidenceguard,True,True,False,True,False,0.3504,True,True,sentence-transformers:sentence-transformers/all-MiniLM-L6-v2:score-cache,transformers:cross-encoder/nli-MiniLM2-L6-H768:relation-cache
31,evidenceguard,True,True,False,True,False,0.3565,False,True,sentence-transformers:sentence-transformers/all-MiniLM-L6-v2:score-cache,transformers:cross-encoder/nli-MiniLM2-L6-H768:relation-cache
32,evidenceguard,False,False,True,False,False,0.6684,True,True,sentence-transformers:sentence-transformers/all-MiniLM-L6-v2:score-cache,transformers:cross-encoder/nli-MiniLM2-L6-H768:relation-cache
33,evidenceguard,True,True,False,True,False,0.6992,True,True,sentence-transformers:sentence-transformers/all-MiniLM-L6-v2:score-cache,transformers:cross-encoder/nli-MiniLM2-L6-H768:relation-cache
34,evidenceguard,False,False,False,False,False,0.625,False,False,sentence-transformers:sentence-transformers/all-MiniLM-L6-v2:score-cache,not-loaded
35,evidenceguard,True,True,False,True,False,0.64,False,False,sentence-transformers:sentence-transformers/all-MiniLM-L6-v2:score-cache,transformers:cross-encoder/nli-MiniLM2-L6-H768:relation-cache
36,evidenceguard,True,True,True,False,False,0.8147,False,False,sentence-transformers:sentence-transformers/all-MiniLM-L6-v2:score-cache,transformers:cross-encoder/nli-MiniLM2-L6-H768:relation-cache
37,evidenceguard,False,False,True,False,False,0.4866,True,True,sentence-transformers:sentence-transformers/all-MiniLM-L6-v2:score-cache,transformers:cross-encoder/nli-MiniLM2-L6-H768:relation-cache
38,evidenceguard,True,True,True,False,False,0.3408,False,True,sentence-transformers:sentence-transformers/all-MiniLM-L6-v2:score-cache,transformers:cross-encoder/nli-MiniLM2-L6-H768:relation-cache
39,evidenceguard,True,True,False,True,False,0.5999,True,True,sentence-transformers:sentence-transformers/all-MiniLM-L6-v2:score-cache,transformers:cross-encoder/nli-MiniLM2-L6-H768:relation-cache
40,evidenceguard,True,True,False,True,False,0.4854,False,True,sentence-transformers:sentence-transformers/all-MiniLM-L6-v2:score-cache,transformers:cross-encoder/nli-MiniLM2-L6-H768:relation-cache
41,evidenceguard,False,False,True,False,False,0.5821,True,True,sentence-transformers:sentence-transformers/all-MiniLM-L6-v2:score-cache,transformers:cross-encoder/nli-MiniLM2-L6-H768:relation-cache
42,evidenceguard,False,False,False,False,False,0.85,False,False,sentence-transformers:sentence-transformers/all-MiniLM-L6-v2:score-cache,not-loaded
43,evidenceguard,True,True,False,True,False,0.6561,False,False,sentence-transformers:sentence-transformers/all-MiniLM-L6-v2:score-cache,not-loaded
44,evidenceguard,True,True,False,True,False,0.64,False,False,sentence-transformers:sentence-transformers/all-MiniLM-L6-v2:score-cache,transformers:cross-encoder/nli-MiniLM2-L6-H768:relation-cache
45,evidenceguard,False,False,False,False,False,0.6056,True,True,sentence-transformers:sentence-transformers/all-MiniLM-L6-v2:score-cache,transformers:cross-encoder/nli-MiniLM2-L6-H768:relation-cache
46,evidenceguard,False,False,False,False,False,0.85,False,False,sentence-transformers:sentence-transformers/all-MiniLM-L6-v2:score-cache,not-loaded
47,evidenceguard,True,True,True,False,False,0.8156,True,False,sentence-transformers:sentence-transformers/all-MiniLM-L6-v2:score-cache,transformers:cross-encoder/nli-MiniLM2-L6-H768:relation-cache
48,evidenceguard,True,True,True,False,False,0.6056,True,False,sentence-transformers:sentence-transformers/all-MiniLM-L6-v2:score-cache,transformers:cross-encoder/nli-MiniLM2-L6-H768:relation-cache
49,evidenceguard,False,False,True,False,False,0.3598,True,True,sentence-transformers:sentence-transformers/all-MiniLM-L6-v2:score-cache,transformers:cross-encoder/nli-MiniLM2-L6-H768:relation-cache
50,evidenceguard,False,False,False,False,False,0.825,False,False,sentence-transformers:sentence-transformers/all-MiniLM-L6-v2:score-cache,transformers:cross-encoder/nli-MiniLM2-L6-H768:relation-cache
51,evidenceguard,True,True,True,False,False,0.64,True,False,sentence-transformers:sentence-transformers/all-MiniLM-L6-v2:score-cache,transformers:cross-encoder/nli-MiniLM2-L6-H768:relation-cache
52,evidenceguard,True,True,False,True,False,0.3516,False,True,sentence-transformers:sentence-transformers/all-MiniLM-L6-v2:score-cache,transformers:cross-encoder/nli-MiniLM2-L6-H768:relation-cache
53,evidenceguard,False,False,True,False,False,0.4016,True,True,sentence-transformers:sentence-transformers/all-MiniLM-L6-v2:score-cache,transformers:cross-encoder/nli-MiniLM2-L6-H768:relation-cache
54,evidenceguard,True,True,False,True,False,0.52,True,True,sentence-transformers:sentence-transformers/all-MiniLM-L6-v2:score-cache,transformers:cross-encoder/nli-MiniLM2-L6-H768:relation-cache
55,evidenceguard,True,True,True,False,False,0.3465,True,True,sentence-transformers:sentence-transformers/all-MiniLM-L6-v2:score-cache,transformers:cross-encoder/nli-MiniLM2-L6-H768:relation-cache
56,evidenceguard,True,True,False,True,False,0.5774,True,True,sentence-transformers:sentence-transformers/all-MiniLM-L6-v2:score-cache,transformers:cross-encoder/nli-MiniLM2-L6-H768:relation-cache
57,evidenceguard,True,True,False,True,False,0.64,False,False,sentence-transformers:sentence-transformers/all-MiniLM-L6-v2:score-cache,not-loaded
58,evidenceguard,False,False,False,False,False,0.83,False,False,sentence-transformers:sentence-transformers/all-MiniLM-L6-v2:score-cache,not-loaded
59,evidenceguard,False,False,False,False,False,0.4308,False,True,sentence-transformers:sentence-transformers/all-MiniLM-L6-v2:score-cache,transformers:cross-encoder/nli-MiniLM2-L6-H768:relation-cache
60,evidenceguard,False,False,True,False,False,0.5242,True,True,sentence-transformers:sentence-transformers/all-MiniLM-L6-v2:score-cache,transformers:cross-encoder/nli-MiniLM2-L6-H768:relation-cache
61,evidenceguard,True,True,False,True,False,0.6708,True,True,sentence-transformers:sentence-transformers/all-MiniLM-L6-v2:score-cache,transformers:cross-encoder/nli-MiniLM2-L6-H768:relation-cache
62,evidenceguard,True,True,True,False,False,0.6932,True,False,sentence-transformers:sentence-transformers/all-MiniLM-L6-v2:score-cache,transformers:cross-encoder/nli-MiniLM2-L6-H768:relation-cache
63,evidenceguard,False,False,False,False,False,0.7507,True,False,sentence-transformers:sentence-transformers/all-MiniLM-L6-v2:score-cache,transformers:cross-encoder/nli-MiniLM2-L6-H768:relation-cache
64,evidenceguard,False,False,False,False,False,0.6993,True,True,sentence-transformers:sentence-transformers/all-MiniLM-L6-v2:score-cache,transformers:cross-encoder/nli-MiniLM2-L6-H768:relation-cache
65,evidenceguard,True,True,False,True,False,0.625,False,False,sentence-transformers:sentence-transformers/all-MiniLM-L6-v2:score-cache,not-loaded
66,evidenceguard,True,True,False,True,False,0.4912,True,True,sentence-transformers:sentence-transformers/all-MiniLM-L6-v2:score-cache,transformers:cross-encoder/nli-MiniLM2-L6-H768:relation-cache
67,evidenceguard,False,False,False,False,False,0.3078,True,True,sentence-transformers:sentence-transformers/all-MiniLM-L6-v2:score-cache,transformers:cross-encoder/nli-MiniLM2-L6-H768:relation-cache
68,evidenceguard,False,False,False,False,False,0.4313,True,True,sentence-transformers:sentence-transformers/all-MiniLM-L6-v2:score-cache,transformers:cross-encoder/nli-MiniLM2-L6-H768:relation-cache
69,evidenceguard,False,False,False,False,False,0.7071,True,False,sentence-transformers:sentence-transformers/all-MiniLM-L6-v2:score-cache,not-loaded
70,evidenceguard,True,True,True,False,False,0.3436,True,True,sentence-transformers:sentence-transformers/all-MiniLM-L6-v2:score-cache,transformers:cross-encoder/nli-MiniLM2-L6-H768:relation-cache
71,evidenceguard,False,False,True,False,False,0.7588,True,True,sentence-transformers:sentence-transformers/all-MiniLM-L6-v2:score-cache,transformers:cross-encoder/nli-MiniLM2-L6-H768:relation-cache
72,evidenceguard,True,True,False,True,False,0.417,False,True,sentence-transformers:sentence-transformers/all-MiniLM-L6-v2:score-cache,transformers:cross-encoder/nli-MiniLM2-L6-H768:relation-cache
73,evidenceguard,True,True,True,False,False,0.3028,True,True,sentence-transformers:sentence-transformers/all-MiniLM-L6-v2:score-cache,transformers:cross-encoder/nli-MiniLM2-L6-H768:relation-cache
74,evidenceguard,True,True,False,True,False,0.2697,True,True,sentence-transformers:sentence-transformers/all-MiniLM-L6-v2:score-cache,transformers:cross-encoder/nli-MiniLM2-L6-H768:relation-cache
75,evidenceguard,True,True,False,True,False,0.2674,False,True,sentence-transformers:sentence-transformers/all-MiniLM-L6-v2:score-cache,transformers:cross-encoder/nli-MiniLM2-L6-H768:relation-cache
76,evidenceguard,False,False,True,False,False,0.3419,True,True,sentence-transformers:sentence-transformers/all-MiniLM-L6-v2:score-cache,transformers:cross-encoder/nli-MiniLM2-L6-H768:relation-cache
77,evidenceguard,True,True,False,True,False,0.3697,True,True,sentence-transformers:sentence-transformers/all-MiniLM-L6-v2:score-cache,transformers:cross-encoder/nli-MiniLM2-L6-H768:relation-cache
78,evidenceguard,True,True,False,True,False,0.625,False,False,sentence-transformers:sentence-transformers/all-MiniLM-L6-v2:score-cache,not-loaded
79,evidenceguard,True,True,False,True,False,0.2334,False,True,sentence-transformers:sentence-transformers/all-MiniLM-L6-v2:score-cache,transformers:cross-encoder/nli-MiniLM2-L6-H768:relation-cache
80,evidenceguard,False,False,False,False,False,0.472,True,True,sentence-transformers:sentence-transformers/all-MiniLM-L6-v2:score-cache,transformers:cross-encoder/nli-MiniLM2-L6-H768:relation-cache
81,evidenceguard,True,True,True,False,False,0.4485,True,True,sentence-transformers:sentence-transformers/all-MiniLM-L6-v2:score-cache,transformers:cross-encoder/nli-MiniLM2-L6-H768:relation-cache
82,evidenceguard,True,True,False,True,False,0.2966,True,True,sentence-transformers:sentence-transformers/all-MiniLM-L6-v2:score-cache,transformers:cross-encoder/nli-MiniLM2-L6-H768:relation-cache
83,evidenceguard,False,False,True,False,False,0.3497,True,True,sentence-transformers:sentence-transformers/all-MiniLM-L6-v2:score-cache,transformers:cross-encoder/nli-MiniLM2-L6-H768:relation-cache
84,evidenceguard,True,True,False,True,False,0.64,False,False,sentence-transformers:sentence-transformers/all-MiniLM-L6-v2:score-cache,not-loaded
85,evidenceguard,False,False,False,False,False,0.64,False,False,sentence-transformers:sentence-transformers/all-MiniLM-L6-v2:score-cache,not-loaded
86,evidenceguard,True,True,False,True,False,0.2371,False,True,sentence-transformers:sentence-transformers/all-MiniLM-L6-v2:score-cache,transformers:cross-encoder/nli-MiniLM2-L6-H768:relation-cache
87,evidenceguard,True,True,False,True,False,0.64,False,False,sentence-transformers:sentence-transformers/all-MiniLM-L6-v2:score-cache,not-loaded
88,evidenceguard,True,True,True,False,False,0.4318,False,True,sentence-transformers:sentence-transformers/all-MiniLM-L6-v2:score-cache,transformers:cross-encoder/nli-MiniLM2-L6-H768:relation-cache
89,evidenceguard,True,True,False,True,False,0.7767,False,False,sentence-transformers:sentence-transformers/all-MiniLM-L6-v2:score-cache,transformers:cross-encoder/nli-MiniLM2-L6-H768:relation-cache
90,evidenceguard,True,True,False,True,False,0.2941,True,True,sentence-transformers:sentence-transformers/all-MiniLM-L6-v2:score-cache,transformers:cross-encoder/nli-MiniLM2-L6-H768:relation-cache
91,evidenceguard,False,False,False,False,False,0.7078,False,False,sentence-transformers:sentence-transformers/all-MiniLM-L6-v2:score-cache,not-loaded
92,evidenceguard,True,True,False,True,False,0.4652,True,True,sentence-transformers:sentence-transformers/all-MiniLM-L6-v2:score-cache,transformers:cross-encoder/nli-MiniLM2-L6-H768:relation-cache
93,evidenceguard,True,True,False,True,False,0.433,False,True,sentence-transformers:sentence-transformers/all-MiniLM-L6-v2:score-cache,transformers:cross-encoder/nli-MiniLM2-L6-H768:relation-cache
94,evidenceguard,False,False,True,False,False,0.5123,False,True,sentence-transformers:sentence-transformers/all-MiniLM-L6-v2:score-cache,transformers:cross-encoder/nli-MiniLM2-L6-H768:relation-cache
95,evidenceguard,True,True,False,True,False,0.5197,True,True,sentence-transformers:sentence-transformers/all-MiniLM-L6-v2:score-cache,transformers:cross-encoder/nli-MiniLM2-L6-H768:relation-cache
96,evidenceguard,True,True,False,True,False,0.4838,True,True,sentence-transformers:sentence-transformers/all-MiniLM-L6-v2:score-cache,transformers:cross-encoder/nli-MiniLM2-L6-H768:relation-cache
97,evidenceguard,False,False,True,False,False,0.7474,True,False,sentence-transformers:sentence-transformers/all-MiniLM-L6-v2:score-cache,not-loaded
98,evidenceguard,False,False,False,False,False,0.625,False,False,sentence-transformers:sentence-transformers/all-MiniLM-L6-v2:score-cache,not-loaded
99,evidenceguard,True,True,False,True,False,0.625,False,False,sentence-transformers:sentence-transformers/all-MiniLM-L6-v2:score-cache,not-loaded
100,evidenceguard,True,False,False,False,False,0.2959,False,True,sentence-transformers:sentence-transformers/all-MiniLM-L6-v2:score-cache,transformers:cross-encoder/nli-MiniLM2-L6-H768:relation-cache
101,evidenceguard,True,False,False,False,False,0.4151,True,True,sentence-transformers:sentence-transformers/all-MiniLM-L6-v2:score-cache,transformers:cross-encoder/nli-MiniLM2-L6-H768:relation-cache
102,evidenceguard,True,True,False,True,False,0.422,True,True,sentence-transformers:sentence-transformers/all-MiniLM-L6-v2:score-cache,transformers:cross-encoder/nli-MiniLM2-L6-H768:relation-cache
103,evidenceguard,False,False,False,False,True,0.1946,False,True,sentence-transformers:sentence-transformers/all-MiniLM-L6-v2:score-cache,transformers:cross-encoder/nli-MiniLM2-L6-H768:relation-cache
104,evidenceguard,False,False,False,False,False,0.3986,True,True,sentence-transformers:sentence-transformers/all-MiniLM-L6-v2:score-cache,transformers:cross-encoder/nli-MiniLM2-L6-H768:relation-cache
105,evidenceguard,False,False,False,False,False,0.4603,False,True,sentence-transformers:sentence-transformers/all-MiniLM-L6-v2:score-cache,transformers:cross-encoder/nli-MiniLM2-L6-H768:relation-cache
106,evidenceguard,True,False,False,False,False,0.3616,False,True,sentence-transformers:sentence-transformers/all-MiniLM-L6-v2:score-cache,transformers:cross-encoder/nli-MiniLM2-L6-H768:relation-cache
107,evidenceguard,False,False,False,False,False,0.3482,False,True,sentence-transformers:sentence-transformers/all-MiniLM-L6-v2:score-cache,transformers:cross-encoder/nli-MiniLM2-L6-H768:relation-cache
108,evidenceguard,True,False,False,False,False,0.43,False,True,sentence-transformers:sentence-transformers/all-MiniLM-L6-v2:score-cache,transformers:cross-encoder/nli-MiniLM2-L6-H768:relation-cache
109,evidenceguard,True,False,False,False,False,0.4902,False,True,sentence-transformers:sentence-transformers/all-MiniLM-L6-v2:score-cache,transformers:cross-encoder/nli-MiniLM2-L6-H768:relation-cache
110,evidenceguard,True,False,False,False,False,0.699,True,True,sentence-transformers:sentence-transformers/all-MiniLM-L6-v2:score-cache,transformers:cross-encoder/nli-MiniLM2-L6-H768:relation-cache
111,evidenceguard,False,False,False,False,False,0.3236,True,True,sentence-transformers:sentence-transformers/all-MiniLM-L6-v2:score-cache,transformers:cross-encoder/nli-MiniLM2-L6-H768:relation-cache
112,evidenceguard,False,False,False,False,True,0.194,False,True,sentence-transformers:sentence-transformers/all-MiniLM-L6-v2:score-cache,transformers:cross-encoder/nli-MiniLM2-L6-H768:relation-cache
113,evidenceguard,True,False,False,False,False,0.5145,False,True,sentence-transformers:sentence-transformers/all-MiniLM-L6-v2:score-cache,transformers:cross-encoder/nli-MiniLM2-L6-H768:relation-cache
114,evidenceguard,True,False,False,False,False,0.4426,True,True,sentence-transformers:sentence-transformers/all-MiniLM-L6-v2:score-cache,transformers:cross-encoder/nli-MiniLM2-L6-H768:relation-cache
115,evidenceguard,False,False,False,False,False,0.4996,False,True,sentence-transformers:sentence-transformers/all-MiniLM-L6-v2:score-cache,transformers:cross-encoder/nli-MiniLM2-L6-H768:relation-cache
116,evidenceguard,True,False,True,False,False,0.3626,False,True,sentence-transformers:sentence-transformers/all-MiniLM-L6-v2:score-cache,transformers:cross-encoder/nli-MiniLM2-L6-H768:relation-cache
117,evidenceguard,False,False,False,False,False,0.4111,False,True,sentence-transformers:sentence-transformers/all-MiniLM-L6-v2:score-cache,transformers:cross-encoder/nli-MiniLM2-L6-H768:relation-cache
118,evidenceguard,False,False,False,False,False,0.5817,True,True,sentence-transformers:sentence-transformers/all-MiniLM-L6-v2:score-cache,transformers:cross-encoder/nli-MiniLM2-L6-H768:relation-cache
119,evidenceguard,True,True,False,True,False,0.4248,True,True,sentence-transformers:sentence-transformers/all-MiniLM-L6-v2:score-cache,transformers:cross-encoder/nli-MiniLM2-L6-H768:relation-cache
120,evidenceguard,True,True,False,True,False,0.2035,False,True,sentence-transformers:sentence-transformers/all-MiniLM-L6-v2:score-cache,transformers:cross-encoder/nli-MiniLM2-L6-H768:relation-cache
121,evidenceguard,True,True,False,True,False,0.8024,False,False,sentence-transformers:sentence-transformers/all-MiniLM-L6-v2:score-cache,transformers:cross-encoder/nli-MiniLM2-L6-H768:relation-cache
122,evidenceguard,True,False,False,False,False,0.3086,False,True,sentence-transformers:sentence-transformers/all-MiniLM-L6-v2:score-cache,transformers:cross-encoder/nli-MiniLM2-L6-H768:relation-cache
123,evidenceguard,True,False,False,False,False,0.3499,False,True,sentence-transformers:sentence-transformers/all-MiniLM-L6-v2:score-cache,transformers:cross-encoder/nli-MiniLM2-L6-H768:relation-cache
124,evidenceguard,False,False,False,False,False,0.7676,True,True,sentence-transformers:sentence-transformers/all-MiniLM-L6-v2:score-cache,transformers:cross-encoder/nli-MiniLM2-L6-H768:relation-cache
125,evidenceguard,True,True,False,True,False,0.7398,False,False,sentence-transformers:sentence-transformers/all-MiniLM-L6-v2:score-cache,transformers:cross-encoder/nli-MiniLM2-L6-H768:relation-cache
126,evidenceguard,True,True,False,True,False,0.545,False,True,sentence-transformers:sentence-transformers/all-MiniLM-L6-v2:score-cache,transformers:cross-encoder/nli-MiniLM2-L6-H768:relation-cache
127,evidenceguard,True,True,False,True,False,0.5142,True,True,sentence-transformers:sentence-transformers/all-MiniLM-L6-v2:score-cache,transformers:cross-encoder/nli-MiniLM2-L6-H768:relation-cache
128,evidenceguard,False,False,True,False,False,0.463,True,True,sentence-transformers:sentence-transformers/all-MiniLM-L6-v2:score-cache,transformers:cross-encoder/nli-MiniLM2-L6-H768:relation-cache
129,evidenceguard,False,False,True,False,False,0.5404,True,True,sentence-transformers:sentence-transformers/all-MiniLM-L6-v2:score-cache,transformers:cross-encoder/nli-MiniLM2-L6-H768:relation-cache
130,evidenceguard,True,True,True,False,False,0.4578,False,True,sentence-transformers:sentence-transformers/all-MiniLM-L6-v2:score-cache,transformers:cross-encoder/nli-MiniLM2-L6-H768:relation-cache
131,evidenceguard,False,False,True,False,False,0.4512,True,True,sentence-transformers:sentence-transformers/all-MiniLM-L6-v2:score-cache,transformers:cross-encoder/nli-MiniLM2-L6-H768:relation-cache
132,evidenceguard,False,False,True,False,False,0.6989,True,False,sentence-transformers:sentence-transformers/all-MiniLM-L6-v2:score-cache,not-loaded
133,evidenceguard,True,False,False,False,False,0.3916,True,True,sentence-transformers:sentence-transformers/all-MiniLM-L6-v2:score-cache,transformers:cross-encoder/nli-MiniLM2-L6-H768:relation-cache
134,evidenceguard,True,False,False,False,False,0.85,False,False,sentence-transformers:sentence-transformers/all-MiniLM-L6-v2:score-cache,not-loaded
135,evidenceguard,False,False,False,False,False,0.4153,True,True,sentence-transformers:sentence-transformers/all-MiniLM-L6-v2:score-cache,transformers:cross-encoder/nli-MiniLM2-L6-H768:relation-cache
136,evidenceguard,True,True,False,True,False,0.3889,False,True,sentence-transformers:sentence-transformers/all-MiniLM-L6-v2:score-cache,transformers:cross-encoder/nli-MiniLM2-L6-H768:relation-cache
137,evidenceguard,False,False,False,False,False,0.4667,True,True,sentence-transformers:sentence-transformers/all-MiniLM-L6-v2:score-cache,transformers:cross-encoder/nli-MiniLM2-L6-H768:relation-cache
138,evidenceguard,True,False,True,False,False,0.4098,False,True,sentence-transformers:sentence-transformers/all-MiniLM-L6-v2:score-cache,transformers:cross-encoder/nli-MiniLM2-L6-H768:relation-cache
139,evidenceguard,False,False,True,False,False,0.6698,True,True,sentence-transformers:sentence-transformers/all-MiniLM-L6-v2:score-cache,transformers:cross-encoder/nli-MiniLM2-L6-H768:relation-cache
140,evidenceguard,True,False,False,False,False,0.4383,True,True,sentence-transformers:sentence-transformers/all-MiniLM-L6-v2:score-cache,transformers:cross-encoder/nli-MiniLM2-L6-H768:relation-cache
141,evidenceguard,False,False,False,False,False,0.4466,True,True,sentence-transformers:sentence-transformers/all-MiniLM-L6-v2:score-cache,transformers:cross-encoder/nli-MiniLM2-L6-H768:relation-cache
142,evidenceguard,True,True,False,True,False,0.3192,False,True,sentence-transformers:sentence-transformers/all-MiniLM-L6-v2:score-cache,transformers:cross-encoder/nli-MiniLM2-L6-H768:relation-cache
143,evidenceguard,False,False,False,False,False,0.3904,False,True,sentence-transformers:sentence-transformers/all-MiniLM-L6-v2:score-cache,transformers:cross-encoder/nli-MiniLM2-L6-H768:relation-cache
144,evidenceguard,True,False,False,False,False,0.5067,False,True,sentence-transformers:sentence-transformers/all-MiniLM-L6-v2:score-cache,transformers:cross-encoder/nli-MiniLM2-L6-H768:relation-cache
145,evidenceguard,True,False,False,False,False,0.3203,False,True,sentence-transformers:sentence-transformers/all-MiniLM-L6-v2:score-cache,transformers:cross-encoder/nli-MiniLM2-L6-H768:relation-cache
146,evidenceguard,False,False,False,False,False,0.4202,True,True,sentence-transformers:sentence-transformers/all-MiniLM-L6-v2:score-cache,transformers:cross-encoder/nli-MiniLM2-L6-H768:relation-cache
147,evidenceguard,True,False,False,False,False,0.7887,False,True,sentence-transformers:sentence-transformers/all-MiniLM-L6-v2:score-cache,transformers:cross-encoder/nli-MiniLM2-L6-H768:relation-cache
148,evidenceguard,True,False,True,False,False,0.5367,True,True,sentence-transformers:sentence-transformers/all-MiniLM-L6-v2:score-cache,transformers:cross-encoder/nli-MiniLM2-L6-H768:relation-cache
149,evidenceguard,False,False,True,False,False,0.3406,True,True,sentence-transformers:sentence-transformers/all-MiniLM-L6-v2:score-cache,transformers:cross-encoder/nli-MiniLM2-L6-H768:relation-cache
150,evidenceguard,True,False,False,False,False,0.3662,False,True,sentence-transformers:sentence-transformers/all-MiniLM-L6-v2:score-cache,transformers:cross-encoder/nli-MiniLM2-L6-H768:relation-cache
151,evidenceguard,True,False,False,False,False,0.2665,False,True,sentence-transformers:sentence-transformers/all-MiniLM-L6-v2:score-cache,transformers:cross-encoder/nli-MiniLM2-L6-H768:relation-cache
152,evidenceguard,True,False,False,False,False,0.4575,True,True,sentence-transformers:sentence-transformers/all-MiniLM-L6-v2:score-cache,transformers:cross-encoder/nli-MiniLM2-L6-H768:relation-cache
153,evidenceguard,False,False,True,False,False,0.3211,True,True,sentence-transformers:sentence-transformers/all-MiniLM-L6-v2:score-cache,transformers:cross-encoder/nli-MiniLM2-L6-H768:relation-cache
154,evidenceguard,False,False,False,False,False,0.7378,False,False,sentence-transformers:sentence-transformers/all-MiniLM-L6-v2:score-cache,transformers:cross-encoder/nli-MiniLM2-L6-H768:relation-cache
155,evidenceguard,True,True,True,False,False,0.4892,True,True,sentence-transformers:sentence-transformers/all-MiniLM-L6-v2:score-cache,transformers:cross-encoder/nli-MiniLM2-L6-H768:relation-cache
156,evidenceguard,True,False,False,False,False,0.4781,True,True,sentence-transformers:sentence-transformers/all-MiniLM-L6-v2:score-cache,transformers:cross-encoder/nli-MiniLM2-L6-H768:relation-cache
157,evidenceguard,True,False,False,False,False,0.3887,True,True,sentence-transformers:sentence-transformers/all-MiniLM-L6-v2:score-cache,transformers:cross-encoder/nli-MiniLM2-L6-H768:relation-cache
158,evidenceguard,True,False,True,False,False,0.4556,False,True,sentence-transformers:sentence-transformers/all-MiniLM-L6-v2:score-cache,transformers:cross-encoder/nli-MiniLM2-L6-H768:relation-cache
159,evidenceguard,False,False,True,False,False,0.3915,False,True,sentence-transformers:sentence-transformers/all-MiniLM-L6-v2:score-cache,transformers:cross-encoder/nli-MiniLM2-L6-H768:relation-cache
160,evidenceguard,True,False,False,False,False,0.4381,True,True,sentence-transformers:sentence-transformers/all-MiniLM-L6-v2:score-cache,transformers:cross-encoder/nli-MiniLM2-L6-H768:relation-cache
161,evidenceguard,False,False,False,False,False,0.5347,False,True,sentence-transformers:sentence-transformers/all-MiniLM-L6-v2:score-cache,transformers:cross-encoder/nli-MiniLM2-L6-H768:relation-cache
162,evidenceguard,False,False,True,False,False,0.3258,True,True,sentence-transformers:sentence-transformers/all-MiniLM-L6-v2:score-cache,transformers:cross-encoder/nli-MiniLM2-L6-H768:relation-cache
163,evidenceguard,False,False,False,False,False,0.6803,True,True,sentence-transformers:sentence-transformers/all-MiniLM-L6-v2:score-cache,transformers:cross-encoder/nli-MiniLM2-L6-H768:relation-cache
164,evidenceguard,False,False,False,False,False,0.3597,True,True,sentence-transformers:sentence-transformers/all-MiniLM-L6-v2:score-cache,transformers:cross-encoder/nli-MiniLM2-L6-H768:relation-cache
165,evidenceguard,True,False,False,False,False,0.4331,False,True,sentence-transformers:sentence-transformers/all-MiniLM-L6-v2:score-cache,transformers:cross-encoder/nli-MiniLM2-L6-H768:relation-cache
166,evidenceguard,True,False,False,False,False,0.3176,False,True,sentence-transformers:sentence-transformers/all-MiniLM-L6-v2:score-cache,transformers:cross-encoder/nli-MiniLM2-L6-H768:relation-cache
167,evidenceguard,True,True,True,False,False,0.4485,False,True,sentence-transformers:sentence-transformers/all-MiniLM-L6-v2:score-cache,transformers:cross-encoder/nli-MiniLM2-L6-H768:relation-cache
168,evidenceguard,True,False,False,False,False,0.3919,True,True,sentence-transformers:sentence-transformers/all-MiniLM-L6-v2:score-cache,transformers:cross-encoder/nli-MiniLM2-L6-H768:relation-cache
169,evidenceguard,True,False,False,False,False,0.4873,True,True,sentence-transformers:sentence-transformers/all-MiniLM-L6-v2:score-cache,transformers:cross-encoder/nli-MiniLM2-L6-H768:relation-cache
170,evidenceguard,False,False,False,False,False,0.2823,False,True,sentence-transformers:sentence-transformers/all-MiniLM-L6-v2:score-cache,transformers:cross-encoder/nli-MiniLM2-L6-H768:relation-cache
171,evidenceguard,False,False,False,False,False,0.225,False,True,sentence-transformers:sentence-transformers/all-MiniLM-L6-v2:score-cache,transformers:cross-encoder/nli-MiniLM2-L6-H768:relation-cache
172,evidenceguard,True,False,True,False,False,0.3452,False,True,sentence-transformers:sentence-transformers/all-MiniLM-L6-v2:score-cache,transformers:cross-encoder/nli-MiniLM2-L6-H768:relation-cache
173,evidenceguard,True,False,False,False,False,0.4011,True,True,sentence-transformers:sentence-transformers/all-MiniLM-L6-v2:score-cache,transformers:cross-encoder/nli-MiniLM2-L6-H768:relation-cache
174,evidenceguard,True,False,False,False,False,0.3375,False,True,sentence-transformers:sentence-transformers/all-MiniLM-L6-v2:score-cache,transformers:cross-encoder/nli-MiniLM2-L6-H768:relation-cache
175,evidenceguard,True,True,False,True,False,0.3774,True,True,sentence-transformers:sentence-transformers/all-MiniLM-L6-v2:score-cache,transformers:cross-encoder/nli-MiniLM2-L6-H768:relation-cache
176,evidenceguard,True,False,False,False,False,0.4325,False,True,sentence-transformers:sentence-transformers/all-MiniLM-L6-v2:score-cache,transformers:cross-encoder/nli-MiniLM2-L6-H768:relation-cache
177,evidenceguard,True,False,False,False,False,0.4315,False,True,sentence-transformers:sentence-transformers/all-MiniLM-L6-v2:score-cache,transformers:cross-encoder/nli-MiniLM2-L6-H768:relation-cache
178,evidenceguard,False,False,False,False,True,0.1801,False,True,sentence-transformers:sentence-transformers/all-MiniLM-L6-v2:score-cache,transformers:cross-encoder/nli-MiniLM2-L6-H768:relation-cache
179,evidenceguard,True,False,False,False,False,0.7887,False,False,sentence-transformers:sentence-transformers/all-MiniLM-L6-v2:score-cache,not-loaded
180,evidenceguard,True,False,False,False,False,0.3037,False,True,sentence-transformers:sentence-transformers/all-MiniLM-L6-v2:score-cache,transformers:cross-encoder/nli-MiniLM2-L6-H768:relation-cache
181,evidenceguard,False,False,False,False,False,0.4192,True,True,sentence-transformers:sentence-transformers/all-MiniLM-L6-v2:score-cache,transformers:cross-encoder/nli-MiniLM2-L6-H768:relation-cache
182,evidenceguard,False,False,True,False,False,0.4445,True,True,sentence-transformers:sentence-transformers/all-MiniLM-L6-v2:score-cache,transformers:cross-encoder/nli-MiniLM2-L6-H768:relation-cache
183,evidenceguard,True,True,False,True,False,0.5503,True,True,sentence-transformers:sentence-transformers/all-MiniLM-L6-v2:score-cache,transformers:cross-encoder/nli-MiniLM2-L6-H768:relation-cache
184,evidenceguard,True,False,False,False,False,0.836,False,False,sentence-transformers:sentence-transformers/all-MiniLM-L6-v2:score-cache,transformers:cross-encoder/nli-MiniLM2-L6-H768:relation-cache
185,evidenceguard,True,True,False,True,False,0.2401,False,True,sentence-transformers:sentence-transformers/all-MiniLM-L6-v2:score-cache,transformers:cross-encoder/nli-MiniLM2-L6-H768:relation-cache
186,evidenceguard,True,False,False,False,False,0.4469,False,True,sentence-transformers:sentence-transformers/all-MiniLM-L6-v2:score-cache,transformers:cross-encoder/nli-MiniLM2-L6-H768:relation-cache
187,evidenceguard,True,False,False,False,False,0.5468,False,True,sentence-transformers:sentence-transformers/all-MiniLM-L6-v2:score-cache,transformers:cross-encoder/nli-MiniLM2-L6-H768:relation-cache
188,evidenceguard,True,False,False,False,False,0.3997,False,True,sentence-transformers:sentence-transformers/all-MiniLM-L6-v2:score-cache,transformers:cross-encoder/nli-MiniLM2-L6-H768:relation-cache
189,evidenceguard,True,True,False,True,False,0.4825,True,True,sentence-transformers:sentence-transformers/all-MiniLM-L6-v2:score-cache,transformers:cross-encoder/nli-MiniLM2-L6-H768:relation-cache
190,evidenceguard,True,False,True,False,False,0.3308,True,True,sentence-transformers:sentence-transformers/all-MiniLM-L6-v2:score-cache,transformers:cross-encoder/nli-MiniLM2-L6-H768:relation-cache
191,evidenceguard,True,False,False,False,False,0.85,False,False,sentence-transformers:sentence-transformers/all-MiniLM-L6-v2:score-cache,not-loaded
192,evidenceguard,True,True,False,True,False,0.3211,False,True,sentence-transformers:sentence-transformers/all-MiniLM-L6-v2:score-cache,transformers:cross-encoder/nli-MiniLM2-L6-H768:relation-cache
193,evidenceguard,True,False,False,False,False,0.4485,True,True,sentence-transformers:sentence-transformers/all-MiniLM-L6-v2:score-cache,transformers:cross-encoder/nli-MiniLM2-L6-H768:relation-cache
194,evidenceguard,False,False,False,False,False,0.5296,True,True,sentence-transformers:sentence-transformers/all-MiniLM-L6-v2:score-cache,transformers:cross-encoder/nli-MiniLM2-L6-H768:relation-cache
195,evidenceguard,False,False,False,False,False,0.2043,False,True,sentence-transformers:sentence-transformers/all-MiniLM-L6-v2:score-cache,transformers:cross-encoder/nli-MiniLM2-L6-H768:relation-cache
196,evidenceguard,False,False,False,False,True,0.1915,False,True,sentence-transformers:sentence-transformers/all-MiniLM-L6-v2:score-cache,transformers:cross-encoder/nli-MiniLM2-L6-H768:relation-cache
197,evidenceguard,True,False,False,False,False,0.85,False,False,sentence-transformers:sentence-transformers/all-MiniLM-L6-v2:score-cache,not-loaded
198,evidenceguard,True,False,True,False,False,0.2084,True,True,sentence-transformers:sentence-transformers/all-MiniLM-L6-v2:score-cache,transformers:cross-encoder/nli-MiniLM2-L6-H768:relation-cache
199,evidenceguard,False,False,False,False,False,0.3078,True,True,sentence-transformers:sentence-transformers/all-MiniLM-L6-v2:score-cache,transformers:cross-encoder/nli-MiniLM2-L6-H768:relation-cache
200,evidenceguard,True,False,False,False,False,0.3266,False,True,sentence-transformers:sentence-transformers/all-MiniLM-L6-v2:score-cache,transformers:cross-encoder/nli-MiniLM2-L6-H768:relation-cache
201,evidenceguard,False,False,False,False,False,0.3938,True,True,sentence-transformers:sentence-transformers/all-MiniLM-L6-v2:score-cache,transformers:cross-encoder/nli-MiniLM2-L6-H768:relation-cache
202,evidenceguard,True,False,False,False,False,0.4019,False,True,sentence-transformers:sentence-transformers/all-MiniLM-L6-v2:score-cache,transformers:cross-encoder/nli-MiniLM2-L6-H768:relation-cache
203,evidenceguard,True,False,True,False,False,0.3797,False,True,sentence-transformers:sentence-transformers/all-MiniLM-L6-v2:score-cache,transformers:cross-encoder/nli-MiniLM2-L6-H768:relation-cache
204,evidenceguard,True,False,False,False,False,0.3759,True,True,sentence-transformers:sentence-transformers/all-MiniLM-L6-v2:score-cache,transformers:cross-encoder/nli-MiniLM2-L6-H768:relation-cache
205,evidenceguard,False,False,False,False,False,0.3537,False,True,sentence-transformers:sentence-transformers/all-MiniLM-L6-v2:score-cache,transformers:cross-encoder/nli-MiniLM2-L6-H768:relation-cache
206,evidenceguard,True,False,False,False,False,0.4343,True,True,sentence-transformers:sentence-transformers/all-MiniLM-L6-v2:score-cache,transformers:cross-encoder/nli-MiniLM2-L6-H768:relation-cache
207,evidenceguard,False,False,True,False,False,0.439,True,True,sentence-transformers:sentence-transformers/all-MiniLM-L6-v2:score-cache,transformers:cross-encoder/nli-MiniLM2-L6-H768:relation-cache
208,evidenceguard,False,False,False,False,False,0.3646,False,True,sentence-transformers:sentence-transformers/all-MiniLM-L6-v2:score-cache,transformers:cross-encoder/nli-MiniLM2-L6-H768:relation-cache
209,evidenceguard,False,False,True,False,False,0.4971,True,True,sentence-transformers:sentence-transformers/all-MiniLM-L6-v2:score-cache,transformers:cross-encoder/nli-MiniLM2-L6-H768:relation-cache
210,evidenceguard,False,False,False,False,True,0.1933,False,True,sentence-transformers:sentence-transformers/all-MiniLM-L6-v2:score-cache,transformers:cross-encoder/nli-MiniLM2-L6-H768:relation-cache
211,evidenceguard,True,True,False,True,False,0.2314,True,True,sentence-transformers:sentence-transformers/all-MiniLM-L6-v2:score-cache,transformers:cross-encoder/nli-MiniLM2-L6-H768:relation-cache
212,evidenceguard,True,False,False,False,False,0.3203,False,True,sentence-transformers:sentence-transformers/all-MiniLM-L6-v2:score-cache,transformers:cross-encoder/nli-MiniLM2-L6-H768:relation-cache
213,evidenceguard,False,False,False,False,False,0.3941,True,True,sentence-transformers:sentence-transformers/all-MiniLM-L6-v2:score-cache,transformers:cross-encoder/nli-MiniLM2-L6-H768:relation-cache
214,evidenceguard,True,False,False,False,False,0.6357,True,True,sentence-transformers:sentence-transformers/all-MiniLM-L6-v2:score-cache,transformers:cross-encoder/nli-MiniLM2-L6-H768:relation-cache
215,evidenceguard,False,False,False,False,False,0.4162,False,True,sentence-transformers:sentence-transformers/all-MiniLM-L6-v2:score-cache,transformers:cross-encoder/nli-MiniLM2-L6-H768:relation-cache
216,evidenceguard,True,False,False,False,False,0.64,False,False,sentence-transformers:sentence-transformers/all-MiniLM-L6-v2:score-cache,transformers:cross-encoder/nli-MiniLM2-L6-H768:relation-cache
217,evidenceguard,False,False,False,False,True,0.1892,False,True,sentence-transformers:sentence-transformers/all-MiniLM-L6-v2:score-cache,transformers:cross-encoder/nli-MiniLM2-L6-H768:relation-cache
218,evidenceguard,False,False,False,False,False,0.9146,True,False,sentence-transformers:sentence-transformers/all-MiniLM-L6-v2:score-cache,transformers:cross-encoder/nli-MiniLM2-L6-H768:relation-cache
219,evidenceguard,False,False,False,False,False,0.2245,False,True,sentence-transformers:sentence-transformers/all-MiniLM-L6-v2:score-cache,transformers:cross-encoder/nli-MiniLM2-L6-H768:relation-cache
220,evidenceguard,True,False,False,False,False,0.3874,False,True,sentence-transformers:sentence-transformers/all-MiniLM-L6-v2:score-cache,transformers:cross-encoder/nli-MiniLM2-L6-H768:relation-cache
221,evidenceguard,True,False,False,False,False,0.3912,True,True,sentence-transformers:sentence-transformers/all-MiniLM-L6-v2:score-cache,transformers:cross-encoder/nli-MiniLM2-L6-H768:relation-cache
222,evidenceguard,False,False,False,False,False,0.3159,False,True,sentence-transformers:sentence-transformers/all-MiniLM-L6-v2:score-cache,transformers:cross-encoder/nli-MiniLM2-L6-H768:relation-cache
223,evidenceguard,True,False,False,False,False,0.377,True,True,sentence-transformers:sentence-transformers/all-MiniLM-L6-v2:score-cache,transformers:cross-encoder/nli-MiniLM2-L6-H768:relation-cache
224,evidenceguard,False,False,False,False,False,0.3546,True,True,sentence-transformers:sentence-transformers/all-MiniLM-L6-v2:score-cache,transformers:cross-encoder/nli-MiniLM2-L6-H768:relation-cache
225,evidenceguard,True,False,False,False,False,0.4851,True,True,sentence-transformers:sentence-transformers/all-MiniLM-L6-v2:score-cache,transformers:cross-encoder/nli-MiniLM2-L6-H768:relation-cache
226,evidenceguard,True,True,False,True,False,0.3908,False,True,sentence-transformers:sentence-transformers/all-MiniLM-L6-v2:score-cache,transformers:cross-encoder/nli-MiniLM2-L6-H768:relation-cache
227,evidenceguard,True,False,True,False,False,0.4973,False,True,sentence-transformers:sentence-transformers/all-MiniLM-L6-v2:score-cache,transformers:cross-encoder/nli-MiniLM2-L6-H768:relation-cache
228,evidenceguard,False,False,False,False,False,0.221,False,True,sentence-transformers:sentence-transformers/all-MiniLM-L6-v2:score-cache,transformers:cross-encoder/nli-MiniLM2-L6-H768:relation-cache
229,evidenceguard,True,False,False,False,False,0.5491,True,True,sentence-transformers:sentence-transformers/all-MiniLM-L6-v2:score-cache,transformers:cross-encoder/nli-MiniLM2-L6-H768:relation-cache
230,evidenceguard,True,False,False,False,False,0.2133,False,True,sentence-transformers:sentence-transformers/all-MiniLM-L6-v2:score-cache,transformers:cross-encoder/nli-MiniLM2-L6-H768:relation-cache
231,evidenceguard,True,False,False,False,False,0.85,False,False,sentence-transformers:sentence-transformers/all-MiniLM-L6-v2:score-cache,not-loaded
232,evidenceguard,False,False,False,False,False,0.3983,False,True,sentence-transformers:sentence-transformers/all-MiniLM-L6-v2:score-cache,transformers:cross-encoder/nli-MiniLM2-L6-H768:relation-cache
233,evidenceguard,True,False,False,False,False,0.3413,True,True,sentence-transformers:sentence-transformers/all-MiniLM-L6-v2:score-cache,transformers:cross-encoder/nli-MiniLM2-L6-H768:relation-cache
234,evidenceguard,True,False,False,False,False,0.3861,True,True,sentence-transformers:sentence-transformers/all-MiniLM-L6-v2:score-cache,transformers:cross-encoder/nli-MiniLM2-L6-H768:relation-cache
235,evidenceguard,True,False,False,False,False,0.5174,False,True,sentence-transformers:sentence-transformers/all-MiniLM-L6-v2:score-cache,transformers:cross-encoder/nli-MiniLM2-L6-H768:relation-cache
236,evidenceguard,True,False,True,False,False,0.415,False,True,sentence-transformers:sentence-transformers/all-MiniLM-L6-v2:score-cache,transformers:cross-encoder/nli-MiniLM2-L6-H768:relation-cache
237,evidenceguard,True,False,False,False,False,0.3116,False,True,sentence-transformers:sentence-transformers/all-MiniLM-L6-v2:score-cache,transformers:cross-encoder/nli-MiniLM2-L6-H768:relation-cache
238,evidenceguard,True,False,False,False,False,0.3082,True,True,sentence-transformers:sentence-transformers/all-MiniLM-L6-v2:score-cache,transformers:cross-encoder/nli-MiniLM2-L6-H768:relation-cache
239,evidenceguard,True,False,False,False,False,0.2034,False,True,sentence-transformers:sentence-transformers/all-MiniLM-L6-v2:score-cache,transformers:cross-encoder/nli-MiniLM2-L6-H768:relation-cache
240,evidenceguard,True,False,True,False,False,0.3881,True,True,sentence-transformers:sentence-transformers/all-MiniLM-L6-v2:score-cache,transformers:cross-encoder/nli-MiniLM2-L6-H768:relation-cache
241,evidenceguard,False,False,True,False,False,0.3421,True,True,sentence-transformers:sentence-transformers/all-MiniLM-L6-v2:score-cache,transformers:cross-encoder/nli-MiniLM2-L6-H768:relation-cache
242,evidenceguard,True,False,True,False,False,0.3778,False,True,sentence-transformers:sentence-transformers/all-MiniLM-L6-v2:score-cache,transformers:cross-encoder/nli-MiniLM2-L6-H768:relation-cache
243,evidenceguard,False,False,False,False,True,0.193,False,True,sentence-transformers:sentence-transformers/all-MiniLM-L6-v2:score-cache,transformers:cross-encoder/nli-MiniLM2-L6-H768:relation-cache
244,evidenceguard,True,True,False,True,False,0.324,False,True,sentence-transformers:sentence-transformers/all-MiniLM-L6-v2:score-cache,transformers:cross-encoder/nli-MiniLM2-L6-H768:relation-cache
245,evidenceguard,True,False,False,False,False,0.4669,False,True,sentence-transformers:sentence-transformers/all-MiniLM-L6-v2:score-cache,transformers:cross-encoder/nli-MiniLM2-L6-H768:relation-cache
246,evidenceguard,True,True,False,True,False,0.3818,False,True,sentence-transformers:sentence-transformers/all-MiniLM-L6-v2:score-cache,transformers:cross-encoder/nli-MiniLM2-L6-H768:relation-cache
247,evidenceguard,True,False,False,False,False,0.3847,False,True,sentence-transformers:sentence-transformers/all-MiniLM-L6-v2:score-cache,transformers:cross-encoder/nli-MiniLM2-L6-H768:relation-cache
248,evidenceguard,True,False,False,False,False,0.4091,False,True,sentence-transformers:sentence-transformers/all-MiniLM-L6-v2:score-cache,transformers:cross-encoder/nli-MiniLM2-L6-H768:relation-cache
249,evidenceguard,True,False,False,False,False,0.634,False,True,sentence-transformers:sentence-transformers/all-MiniLM-L6-v2:score-cache,transformers:cross-encoder/nli-MiniLM2-L6-H768:relation-cache
250,evidenceguard,True,True,False,True,False,0.3556,True,True,sentence-transformers:sentence-transformers/all-MiniLM-L6-v2:score-cache,transformers:cross-encoder/nli-MiniLM2-L6-H768:relation-cache
251,evidenceguard,True,False,False,False,False,0.3381,False,True,sentence-transformers:sentence-transformers/all-MiniLM-L6-v2:score-cache,transformers:cross-encoder/nli-MiniLM2-L6-H768:relation-cache
252,evidenceguard,True,False,True,False,False,0.2698,True,True,sentence-transformers:sentence-transformers/all-MiniLM-L6-v2:score-cache,transformers:cross-encoder/nli-MiniLM2-L6-H768:relation-cache
253,evidenceguard,True,False,False,False,False,0.4462,True,True,sentence-transformers:sentence-transformers/all-MiniLM-L6-v2:score-cache,transformers:cross-encoder/nli-MiniLM2-L6-H768:relation-cache
254,evidenceguard,True,False,False,False,False,0.5304,True,True,sentence-transformers:sentence-transformers/all-MiniLM-L6-v2:score-cache,transformers:cross-encoder/nli-MiniLM2-L6-H768:relation-cache
255,evidenceguard,True,False,False,False,False,0.4276,False,True,sentence-transformers:sentence-transformers/all-MiniLM-L6-v2:score-cache,transformers:cross-encoder/nli-MiniLM2-L6-H768:relation-cache
256,evidenceguard,False,False,True,False,False,0.5039,True,True,sentence-transformers:sentence-transformers/all-MiniLM-L6-v2:score-cache,transformers:cross-encoder/nli-MiniLM2-L6-H768:relation-cache
257,evidenceguard,False,False,False,False,False,0.675,False,False,sentence-transformers:sentence-transformers/all-MiniLM-L6-v2:score-cache,transformers:cross-encoder/nli-MiniLM2-L6-H768:relation-cache
258,evidenceguard,True,False,False,False,False,0.3543,True,True,sentence-transformers:sentence-transformers/all-MiniLM-L6-v2:score-cache,transformers:cross-encoder/nli-MiniLM2-L6-H768:relation-cache
259,evidenceguard,True,False,False,False,False,0.85,False,False,sentence-transformers:sentence-transformers/all-MiniLM-L6-v2:score-cache,not-loaded
260,evidenceguard,False,False,False,False,True,0.1776,False,True,sentence-transformers:sentence-transformers/all-MiniLM-L6-v2:score-cache,transformers:cross-encoder/nli-MiniLM2-L6-H768:relation-cache
261,evidenceguard,False,False,True,False,False,0.4078,True,True,sentence-transformers:sentence-transformers/all-MiniLM-L6-v2:score-cache,transformers:cross-encoder/nli-MiniLM2-L6-H768:relation-cache
262,evidenceguard,True,True,False,True,False,0.3482,False,True,sentence-transformers:sentence-transformers/all-MiniLM-L6-v2:score-cache,transformers:cross-encoder/nli-MiniLM2-L6-H768:relation-cache
263,evidenceguard,False,False,False,False,False,0.4891,True,True,sentence-transformers:sentence-transformers/all-MiniLM-L6-v2:score-cache,transformers:cross-encoder/nli-MiniLM2-L6-H768:relation-cache
264,evidenceguard,True,False,True,False,False,0.3839,False,True,sentence-transformers:sentence-transformers/all-MiniLM-L6-v2:score-cache,transformers:cross-encoder/nli-MiniLM2-L6-H768:relation-cache
265,evidenceguard,True,False,True,False,False,0.4048,False,True,sentence-transformers:sentence-transformers/all-MiniLM-L6-v2:score-cache,transformers:cross-encoder/nli-MiniLM2-L6-H768:relation-cache
266,evidenceguard,False,False,False,False,False,0.6434,True,True,sentence-transformers:sentence-transformers/all-MiniLM-L6-v2:score-cache,transformers:cross-encoder/nli-MiniLM2-L6-H768:relation-cache
267,evidenceguard,True,False,False,False,False,0.4695,True,True,sentence-transformers:sentence-transformers/all-MiniLM-L6-v2:score-cache,transformers:cross-encoder/nli-MiniLM2-L6-H768:relation-cache
268,evidenceguard,True,False,False,False,False,0.4331,False,True,sentence-transformers:sentence-transformers/all-MiniLM-L6-v2:score-cache,transformers:cross-encoder/nli-MiniLM2-L6-H768:relation-cache
269,evidenceguard,False,False,True,False,False,0.5143,False,True,sentence-transformers:sentence-transformers/all-MiniLM-L6-v2:score-cache,transformers:cross-encoder/nli-MiniLM2-L6-H768:relation-cache
270,evidenceguard,True,True,False,True,False,0.413,False,True,sentence-transformers:sentence-transformers/all-MiniLM-L6-v2:score-cache,transformers:cross-encoder/nli-MiniLM2-L6-H768:relation-cache
271,evidenceguard,False,False,False,False,False,0.5452,True,True,sentence-transformers:sentence-transformers/all-MiniLM-L6-v2:score-cache,transformers:cross-encoder/nli-MiniLM2-L6-H768:relation-cache
272,evidenceguard,True,False,False,False,False,0.4042,False,True,sentence-transformers:sentence-transformers/all-MiniLM-L6-v2:score-cache,transformers:cross-encoder/nli-MiniLM2-L6-H768:relation-cache
273,evidenceguard,True,False,False,False,False,0.3489,False,True,sentence-transformers:sentence-transformers/all-MiniLM-L6-v2:score-cache,transformers:cross-encoder/nli-MiniLM2-L6-H768:relation-cache
274,evidenceguard,True,False,False,False,False,0.6781,False,False,sentence-transformers:sentence-transformers/all-MiniLM-L6-v2:score-cache,not-loaded
275,evidenceguard,True,False,False,False,False,0.3419,False,True,sentence-transformers:sentence-transformers/all-MiniLM-L6-v2:score-cache,transformers:cross-encoder/nli-MiniLM2-L6-H768:relation-cache
276,evidenceguard,True,False,False,False,False,0.3892,False,True,sentence-transformers:sentence-transformers/all-MiniLM-L6-v2:score-cache,transformers:cross-encoder/nli-MiniLM2-L6-H768:relation-cache
277,evidenceguard,True,False,False,False,False,0.4202,False,True,sentence-transformers:sentence-transformers/all-MiniLM-L6-v2:score-cache,transformers:cross-encoder/nli-MiniLM2-L6-H768:relation-cache
278,evidenceguard,False,False,True,False,False,0.4879,True,True,sentence-transformers:sentence-transformers/all-MiniLM-L6-v2:score-cache,transformers:cross-encoder/nli-MiniLM2-L6-H768:relation-cache
279,evidenceguard,False,False,False,False,False,0.429,False,True,sentence-transformers:sentence-transformers/all-MiniLM-L6-v2:score-cache,transformers:cross-encoder/nli-MiniLM2-L6-H768:relation-cache
280,evidenceguard,False,False,False,False,False,0.3478,False,True,sentence-transformers:sentence-transformers/all-MiniLM-L6-v2:score-cache,transformers:cross-encoder/nli-MiniLM2-L6-H768:relation-cache
281,evidenceguard,False,False,False,False,False,0.3892,False,True,sentence-transformers:sentence-transformers/all-MiniLM-L6-v2:score-cache,transformers:cross-encoder/nli-MiniLM2-L6-H768:relation-cache
282,evidenceguard,True,False,False,False,False,0.3963,True,True,sentence-transformers:sentence-transformers/all-MiniLM-L6-v2:score-cache,transformers:cross-encoder/nli-MiniLM2-L6-H768:relation-cache
283,evidenceguard,False,False,False,False,False,0.3966,True,True,sentence-transformers:sentence-transformers/all-MiniLM-L6-v2:score-cache,transformers:cross-encoder/nli-MiniLM2-L6-H768:relation-cache
284,evidenceguard,False,False,False,False,False,0.4988,True,True,sentence-transformers:sentence-transformers/all-MiniLM-L6-v2:score-cache,transformers:cross-encoder/nli-MiniLM2-L6-H768:relation-cache
285,evidenceguard,False,False,False,False,False,0.5211,True,True,sentence-transformers:sentence-transformers/all-MiniLM-L6-v2:score-cache,transformers:cross-encoder/nli-MiniLM2-L6-H768:relation-cache
286,evidenceguard,True,False,False,False,False,0.4481,False,True,sentence-transformers:sentence-transformers/all-MiniLM-L6-v2:score-cache,transformers:cross-encoder/nli-MiniLM2-L6-H768:relation-cache
287,evidenceguard,True,False,False,False,False,0.4416,True,True,sentence-transformers:sentence-transformers/all-MiniLM-L6-v2:score-cache,transformers:cross-encoder/nli-MiniLM2-L6-H768:relation-cache
288,evidenceguard,False,False,False,False,False,0.3735,True,True,sentence-transformers:sentence-transformers/all-MiniLM-L6-v2:score-cache,transformers:cross-encoder/nli-MiniLM2-L6-H768:relation-cache
289,evidenceguard,True,False,False,False,False,0.4095,True,True,sentence-transformers:sentence-transformers/all-MiniLM-L6-v2:score-cache,transformers:cross-encoder/nli-MiniLM2-L6-H768:relation-cache
290,evidenceguard,True,False,False,False,False,0.4018,False,True,sentence-transformers:sentence-transformers/all-MiniLM-L6-v2:score-cache,transformers:cross-encoder/nli-MiniLM2-L6-H768:relation-cache
291,evidenceguard,False,False,True,False,False,0.4537,True,True,sentence-transformers:sentence-transformers/all-MiniLM-L6-v2:score-cache,transformers:cross-encoder/nli-MiniLM2-L6-H768:relation-cache
292,evidenceguard,True,True,False,True,False,0.3838,False,True,sentence-transformers:sentence-transformers/all-MiniLM-L6-v2:score-cache,transformers:cross-encoder/nli-MiniLM2-L6-H768:relation-cache
293,evidenceguard,False,False,False,False,False,0.2033,False,True,sentence-transformers:sentence-transformers/all-MiniLM-L6-v2:score-cache,transformers:cross-encoder/nli-MiniLM2-L6-H768:relation-cache
294,evidenceguard,True,False,False,False,False,0.4253,True,True,sentence-transformers:sentence-transformers/all-MiniLM-L6-v2:score-cache,transformers:cross-encoder/nli-MiniLM2-L6-H768:relation-cache
295,evidenceguard,False,False,False,False,False,0.6676,True,True,sentence-transformers:sentence-transformers/all-MiniLM-L6-v2:score-cache,transformers:cross-encoder/nli-MiniLM2-L6-H768:relation-cache
296,evidenceguard,True,False,False,False,False,0.5439,True,True,sentence-transformers:sentence-transformers/all-MiniLM-L6-v2:score-cache,transformers:cross-encoder/nli-MiniLM2-L6-H768:relation-cache
297,evidenceguard,False,False,True,False,False,0.4808,True,True,sentence-transformers:sentence-transformers/all-MiniLM-L6-v2:score-cache,transformers:cross-encoder/nli-MiniLM2-L6-H768:relation-cache
298,evidenceguard,True,False,False,False,False,0.3524,True,True,sentence-transformers:sentence-transformers/all-MiniLM-L6-v2:score-cache,transformers:cross-encoder/nli-MiniLM2-L6-H768:relation-cache
299,evidenceguard,True,False,False,False,False,0.4201,False,True,sentence-transformers:sentence-transformers/all-MiniLM-L6-v2:score-cache,transformers:cross-encoder/nli-MiniLM2-L6-H768:relation-cache
300,evidenceguard,True,False,False,False,False,0.3759,True,True,sentence-transformers:sentence-transformers/all-MiniLM-L6-v2:score-cache,transformers:cross-encoder/nli-MiniLM2-L6-H768:relation-cache
301,evidenceguard,False,False,False,False,False,0.3523,False,True,sentence-transformers:sentence-transformers/all-MiniLM-L6-v2:score-cache,transformers:cross-encoder/nli-MiniLM2-L6-H768:relation-cache
302,evidenceguard,True,False,False,False,False,0.3936,False,True,sentence-transformers:sentence-transformers/all-MiniLM-L6-v2:score-cache,transformers:cross-encoder/nli-MiniLM2-L6-H768:relation-cache
303,evidenceguard,True,False,False,False,False,0.4099,True,True,sentence-transformers:sentence-transformers/all-MiniLM-L6-v2:score-cache,transformers:cross-encoder/nli-MiniLM2-L6-H768:relation-cache
304,evidenceguard,True,False,False,False,False,0.3822,False,True,sentence-transformers:sentence-transformers/all-MiniLM-L6-v2:score-cache,transformers:cross-encoder/nli-MiniLM2-L6-H768:relation-cache
305,evidenceguard,True,False,False,False,False,0.5062,False,True,sentence-transformers:sentence-transformers/all-MiniLM-L6-v2:score-cache,transformers:cross-encoder/nli-MiniLM2-L6-H768:relation-cache
306,evidenceguard,True,False,False,False,False,0.4236,False,True,sentence-transformers:sentence-transformers/all-MiniLM-L6-v2:score-cache,transformers:cross-encoder/nli-MiniLM2-L6-H768:relation-cache
307,evidenceguard,False,False,False,False,False,0.4373,True,True,sentence-transformers:sentence-transformers/all-MiniLM-L6-v2:score-cache,transformers:cross-encoder/nli-MiniLM2-L6-H768:relation-cache
308,evidenceguard,False,False,False,False,False,0.391,True,True,sentence-transformers:sentence-transformers/all-MiniLM-L6-v2:score-cache,transformers:cross-encoder/nli-MiniLM2-L6-H768:relation-cache
309,evidenceguard,True,False,False,False,False,0.5309,True,True,sentence-transformers:sentence-transformers/all-MiniLM-L6-v2:score-cache,transformers:cross-encoder/nli-MiniLM2-L6-H768:relation-cache
310,evidenceguard,True,False,False,False,False,0.4629,False,True,sentence-transformers:sentence-transformers/all-MiniLM-L6-v2:score-cache,transformers:cross-encoder/nli-MiniLM2-L6-H768:relation-cache
311,evidenceguard,True,False,False,False,False,0.3462,False,True,sentence-transformers:sentence-transformers/all-MiniLM-L6-v2:score-cache,transformers:cross-encoder/nli-MiniLM2-L6-H768:relation-cache
312,evidenceguard,True,False,False,False,False,0.3002,False,True,sentence-transformers:sentence-transformers/all-MiniLM-L6-v2:score-cache,transformers:cross-encoder/nli-MiniLM2-L6-H768:relation-cache
313,evidenceguard,True,False,True,False,False,0.2966,True,True,sentence-transformers:sentence-transformers/all-MiniLM-L6-v2:score-cache,transformers:cross-encoder/nli-MiniLM2-L6-H768:relation-cache
314,evidenceguard,False,False,False,False,False,0.429,True,True,sentence-transformers:sentence-transformers/all-MiniLM-L6-v2:score-cache,transformers:cross-encoder/nli-MiniLM2-L6-H768:relation-cache
315,evidenceguard,False,False,False,False,True,0.1829,False,True,sentence-transformers:sentence-transformers/all-MiniLM-L6-v2:score-cache,transformers:cross-encoder/nli-MiniLM2-L6-H768:relation-cache
316,evidenceguard,True,False,False,False,False,0.275,False,True,sentence-transformers:sentence-transformers/all-MiniLM-L6-v2:score-cache,transformers:cross-encoder/nli-MiniLM2-L6-H768:relation-cache
317,evidenceguard,True,False,False,False,False,0.4682,False,True,sentence-transformers:sentence-transformers/all-MiniLM-L6-v2:score-cache,transformers:cross-encoder/nli-MiniLM2-L6-H768:relation-cache
318,evidenceguard,True,False,True,False,False,0.4367,False,True,sentence-transformers:sentence-transformers/all-MiniLM-L6-v2:score-cache,transformers:cross-encoder/nli-MiniLM2-L6-H768:relation-cache
319,evidenceguard,True,False,False,False,False,0.4391,False,True,sentence-transformers:sentence-transformers/all-MiniLM-L6-v2:score-cache,transformers:cross-encoder/nli-MiniLM2-L6-H768:relation-cache
320,evidenceguard,True,False,False,False,False,0.77,False,False,sentence-transformers:sentence-transformers/all-MiniLM-L6-v2:score-cache,transformers:cross-encoder/nli-MiniLM2-L6-H768:relation-cache
321,evidenceguard,True,False,False,False,False,0.313,False,True,sentence-transformers:sentence-transformers/all-MiniLM-L6-v2:score-cache,transformers:cross-encoder/nli-MiniLM2-L6-H768:relation-cache
322,evidenceguard,True,False,True,False,False,0.3476,True,True,sentence-transformers:sentence-transformers/all-MiniLM-L6-v2:score-cache,transformers:cross-encoder/nli-MiniLM2-L6-H768:relation-cache
323,evidenceguard,True,False,False,False,False,0.4027,True,True,sentence-transformers:sentence-transformers/all-MiniLM-L6-v2:score-cache,transformers:cross-encoder/nli-MiniLM2-L6-H768:relation-cache
324,evidenceguard,True,False,True,False,False,0.249,True,True,sentence-transformers:sentence-transformers/all-MiniLM-L6-v2:score-cache,transformers:cross-encoder/nli-MiniLM2-L6-H768:relation-cache
325,evidenceguard,True,False,False,False,False,0.3245,True,True,sentence-transformers:sentence-transformers/all-MiniLM-L6-v2:score-cache,transformers:cross-encoder/nli-MiniLM2-L6-H768:relation-cache
326,evidenceguard,True,False,False,False,False,0.251,False,True,sentence-transformers:sentence-transformers/all-MiniLM-L6-v2:score-cache,transformers:cross-encoder/nli-MiniLM2-L6-H768:relation-cache
327,evidenceguard,True,False,False,False,False,0.4178,False,True,sentence-transformers:sentence-transformers/all-MiniLM-L6-v2:score-cache,transformers:cross-encoder/nli-MiniLM2-L6-H768:relation-cache
328,evidenceguard,True,False,False,False,False,0.4279,True,True,sentence-transformers:sentence-transformers/all-MiniLM-L6-v2:score-cache,transformers:cross-encoder/nli-MiniLM2-L6-H768:relation-cache
329,evidenceguard,True,False,False,False,False,0.4476,True,True,sentence-transformers:sentence-transformers/all-MiniLM-L6-v2:score-cache,transformers:cross-encoder/nli-MiniLM2-L6-H768:relation-cache
330,evidenceguard,True,False,False,False,False,0.2235,False,True,sentence-transformers:sentence-transformers/all-MiniLM-L6-v2:score-cache,transformers:cross-encoder/nli-MiniLM2-L6-H768:relation-cache
331,evidenceguard,True,False,False,False,False,0.4262,True,True,sentence-transformers:sentence-transformers/all-MiniLM-L6-v2:score-cache,transformers:cross-encoder/nli-MiniLM2-L6-H768:relation-cache
332,evidenceguard,True,False,False,False,False,0.4724,False,True,sentence-transformers:sentence-transformers/all-MiniLM-L6-v2:score-cache,transformers:cross-encoder/nli-MiniLM2-L6-H768:relation-cache
333,evidenceguard,True,False,False,False,False,0.4611,False,True,sentence-transformers:sentence-transformers/all-MiniLM-L6-v2:score-cache,transformers:cross-encoder/nli-MiniLM2-L6-H768:relation-cache
334,evidenceguard,True,False,False,False,False,0.4868,True,True,sentence-transformers:sentence-transformers/all-MiniLM-L6-v2:score-cache,transformers:cross-encoder/nli-MiniLM2-L6-H768:relation-cache
335,evidenceguard,True,False,False,False,False,0.4324,False,True,sentence-transformers:sentence-transformers/all-MiniLM-L6-v2:score-cache,transformers:cross-encoder/nli-MiniLM2-L6-H768:relation-cache
336,evidenceguard,False,False,False,False,False,0.4395,False,True,sentence-transformers:sentence-transformers/all-MiniLM-L6-v2:score-cache,transformers:cross-encoder/nli-MiniLM2-L6-H768:relation-cache
337,evidenceguard,True,False,False,False,False,0.465,False,True,sentence-transformers:sentence-transformers/all-MiniLM-L6-v2:score-cache,transformers:cross-encoder/nli-MiniLM2-L6-H768:relation-cache
338,evidenceguard,False,False,False,False,False,0.609,True,True,sentence-transformers:sentence-transformers/all-MiniLM-L6-v2:score-cache,transformers:cross-encoder/nli-MiniLM2-L6-H768:relation-cache
339,evidenceguard,False,False,False,False,False,0.46,False,True,sentence-transformers:sentence-transformers/all-MiniLM-L6-v2:score-cache,transformers:cross-encoder/nli-MiniLM2-L6-H768:relation-cache
340,evidenceguard,True,False,False,False,False,0.3906,False,True,sentence-transformers:sentence-transformers/all-MiniLM-L6-v2:score-cache,transformers:cross-encoder/nli-MiniLM2-L6-H768:relation-cache
341,evidenceguard,True,False,False,False,False,0.3995,False,True,sentence-transformers:sentence-transformers/all-MiniLM-L6-v2:score-cache,transformers:cross-encoder/nli-MiniLM2-L6-H768:relation-cache
342,evidenceguard,False,False,True,False,False,0.3826,True,True,sentence-transformers:sentence-transformers/all-MiniLM-L6-v2:score-cache,transformers:cross-encoder/nli-MiniLM2-L6-H768:relation-cache
343,evidenceguard,True,False,False,False,False,0.4298,False,True,sentence-transformers:sentence-transformers/all-MiniLM-L6-v2:score-cache,transformers:cross-encoder/nli-MiniLM2-L6-H768:relation-cache
344,evidenceguard,True,True,False,True,False,0.2136,False,True,sentence-transformers:sentence-transformers/all-MiniLM-L6-v2:score-cache,transformers:cross-encoder/nli-MiniLM2-L6-H768:relation-cache
345,evidenceguard,True,False,True,False,False,0.3255,True,True,sentence-transformers:sentence-transformers/all-MiniLM-L6-v2:score-cache,transformers:cross-encoder/nli-MiniLM2-L6-H768:relation-cache
346,evidenceguard,True,False,False,False,False,0.3994,True,True,sentence-transformers:sentence-transformers/all-MiniLM-L6-v2:score-cache,transformers:cross-encoder/nli-MiniLM2-L6-H768:relation-cache
347,evidenceguard,True,False,False,False,False,0.2318,False,True,sentence-transformers:sentence-transformers/all-MiniLM-L6-v2:score-cache,transformers:cross-encoder/nli-MiniLM2-L6-H768:relation-cache
348,evidenceguard,False,False,False,False,False,0.3439,False,True,sentence-transformers:sentence-transformers/all-MiniLM-L6-v2:score-cache,transformers:cross-encoder/nli-MiniLM2-L6-H768:relation-cache
349,evidenceguard,False,False,False,False,False,0.3853,True,True,sentence-transformers:sentence-transformers/all-MiniLM-L6-v2:score-cache,transformers:cross-encoder/nli-MiniLM2-L6-H768:relation-cache
350,evidenceguard,False,False,True,False,False,0.4555,True,True,sentence-transformers:sentence-transformers/all-MiniLM-L6-v2:score-cache,transformers:cross-encoder/nli-MiniLM2-L6-H768:relation-cache
351,evidenceguard,True,False,False,False,False,0.4383,True,True,sentence-transformers:sentence-transformers/all-MiniLM-L6-v2:score-cache,transformers:cross-encoder/nli-MiniLM2-L6-H768:relation-cache
352,evidenceguard,True,False,False,False,False,0.286,False,True,sentence-transformers:sentence-transformers/all-MiniLM-L6-v2:score-cache,transformers:cross-encoder/nli-MiniLM2-L6-H768:relation-cache
353,evidenceguard,True,False,False,False,False,0.3707,False,True,sentence-transformers:sentence-transformers/all-MiniLM-L6-v2:score-cache,transformers:cross-encoder/nli-MiniLM2-L6-H768:relation-cache
354,evidenceguard,True,False,False,False,False,0.4259,False,True,sentence-transformers:sentence-transformers/all-MiniLM-L6-v2:score-cache,transformers:cross-encoder/nli-MiniLM2-L6-H768:relation-cache
355,evidenceguard,True,False,False,False,False,0.455,False,True,sentence-transformers:sentence-transformers/all-MiniLM-L6-v2:score-cache,transformers:cross-encoder/nli-MiniLM2-L6-H768:relation-cache
356,evidenceguard,True,False,True,False,False,0.3009,True,True,sentence-transformers:sentence-transformers/all-MiniLM-L6-v2:score-cache,transformers:cross-encoder/nli-MiniLM2-L6-H768:relation-cache
357,evidenceguard,True,False,False,False,False,0.215,True,True,sentence-transformers:sentence-transformers/all-MiniLM-L6-v2:score-cache,transformers:cross-encoder/nli-MiniLM2-L6-H768:relation-cache
358,evidenceguard,False,False,True,False,False,0.3962,True,True,sentence-transformers:sentence-transformers/all-MiniLM-L6-v2:score-cache,transformers:cross-encoder/nli-MiniLM2-L6-H768:relation-cache
359,evidenceguard,False,False,False,False,False,0.4163,True,True,sentence-transformers:sentence-transformers/all-MiniLM-L6-v2:score-cache,transformers:cross-encoder/nli-MiniLM2-L6-H768:relation-cache
360,evidenceguard,False,False,False,False,False,0.2938,False,True,sentence-transformers:sentence-transformers/all-MiniLM-L6-v2:score-cache,transformers:cross-encoder/nli-MiniLM2-L6-H768:relation-cache
361,evidenceguard,True,False,False,False,False,0.5313,False,True,sentence-transformers:sentence-transformers/all-MiniLM-L6-v2:score-cache,transformers:cross-encoder/nli-MiniLM2-L6-H768:relation-cache
362,evidenceguard,True,False,False,False,False,0.4855,True,True,sentence-transformers:sentence-transformers/all-MiniLM-L6-v2:score-cache,transformers:cross-encoder/nli-MiniLM2-L6-H768:relation-cache
363,evidenceguard,True,False,True,False,False,0.4912,False,True,sentence-transformers:sentence-transformers/all-MiniLM-L6-v2:score-cache,transformers:cross-encoder/nli-MiniLM2-L6-H768:relation-cache
364,evidenceguard,True,False,False,False,False,0.4423,True,True,sentence-transformers:sentence-transformers/all-MiniLM-L6-v2:score-cache,transformers:cross-encoder/nli-MiniLM2-L6-H768:relation-cache
365,evidenceguard,False,False,False,False,False,0.428,False,True,sentence-transformers:sentence-transformers/all-MiniLM-L6-v2:score-cache,transformers:cross-encoder/nli-MiniLM2-L6-H768:relation-cache
366,evidenceguard,True,False,False,False,False,0.2392,False,True,sentence-transformers:sentence-transformers/all-MiniLM-L6-v2:score-cache,transformers:cross-encoder/nli-MiniLM2-L6-H768:relation-cache
367,evidenceguard,False,False,False,False,False,0.4106,True,True,sentence-transformers:sentence-transformers/all-MiniLM-L6-v2:score-cache,transformers:cross-encoder/nli-MiniLM2-L6-H768:relation-cache
368,evidenceguard,True,False,False,False,False,0.4175,False,True,sentence-transformers:sentence-transformers/all-MiniLM-L6-v2:score-cache,transformers:cross-encoder/nli-MiniLM2-L6-H768:relation-cache
369,evidenceguard,True,False,False,False,False,0.2913,True,True,sentence-transformers:sentence-transformers/all-MiniLM-L6-v2:score-cache,transformers:cross-encoder/nli-MiniLM2-L6-H768:relation-cache
370,evidenceguard,True,False,False,False,False,0.3508,True,True,sentence-transformers:sentence-transformers/all-MiniLM-L6-v2:score-cache,transformers:cross-encoder/nli-MiniLM2-L6-H768:relation-cache
371,evidenceguard,True,False,False,False,False,0.4679,False,True,sentence-transformers:sentence-transformers/all-MiniLM-L6-v2:score-cache,transformers:cross-encoder/nli-MiniLM2-L6-H768:relation-cache
372,evidenceguard,True,False,False,False,False,0.3548,False,True,sentence-transformers:sentence-transformers/all-MiniLM-L6-v2:score-cache,transformers:cross-encoder/nli-MiniLM2-L6-H768:relation-cache
373,evidenceguard,True,False,False,False,False,0.2541,False,True,sentence-transformers:sentence-transformers/all-MiniLM-L6-v2:score-cache,transformers:cross-encoder/nli-MiniLM2-L6-H768:relation-cache
374,evidenceguard,True,False,False,False,False,0.3432,False,True,sentence-transformers:sentence-transformers/all-MiniLM-L6-v2:score-cache,transformers:cross-encoder/nli-MiniLM2-L6-H768:relation-cache
375,evidenceguard,False,False,False,False,False,0.3743,True,True,sentence-transformers:sentence-transformers/all-MiniLM-L6-v2:score-cache,transformers:cross-encoder/nli-MiniLM2-L6-H768:relation-cache
376,evidenceguard,False,False,False,False,False,0.4915,True,True,sentence-transformers:sentence-transformers/all-MiniLM-L6-v2:score-cache,transformers:cross-encoder/nli-MiniLM2-L6-H768:relation-cache
377,evidenceguard,True,False,False,False,False,0.489,True,True,sentence-transformers:sentence-transformers/all-MiniLM-L6-v2:score-cache,transformers:cross-encoder/nli-MiniLM2-L6-H768:relation-cache
378,evidenceguard,True,False,False,False,False,0.3579,False,True,sentence-transformers:sentence-transformers/all-MiniLM-L6-v2:score-cache,transformers:cross-encoder/nli-MiniLM2-L6-H768:relation-cache
379,evidenceguard,True,False,False,False,False,0.3354,False,True,sentence-transformers:sentence-transformers/all-MiniLM-L6-v2:score-cache,transformers:cross-encoder/nli-MiniLM2-L6-H768:relation-cache
380,evidenceguard,True,False,False,False,False,0.4088,False,True,sentence-transformers:sentence-transformers/all-MiniLM-L6-v2:score-cache,transformers:cross-encoder/nli-MiniLM2-L6-H768:relation-cache
381,evidenceguard,True,False,False,False,False,0.4244,True,True,sentence-transformers:sentence-transformers/all-MiniLM-L6-v2:score-cache,transformers:cross-encoder/nli-MiniLM2-L6-H768:relation-cache
382,evidenceguard,True,False,False,False,False,0.3204,True,True,sentence-transformers:sentence-transformers/all-MiniLM-L6-v2:score-cache,transformers:cross-encoder/nli-MiniLM2-L6-H768:relation-cache
383,evidenceguard,False,False,True,False,False,0.378,False,True,sentence-transformers:sentence-transformers/all-MiniLM-L6-v2:score-cache,transformers:cross-encoder/nli-MiniLM2-L6-H768:relation-cache
384,evidenceguard,False,False,False,False,False,0.4611,False,True,sentence-transformers:sentence-transformers/all-MiniLM-L6-v2:score-cache,transformers:cross-encoder/nli-MiniLM2-L6-H768:relation-cache
385,evidenceguard,True,False,False,False,False,0.3467,False,True,sentence-transformers:sentence-transformers/all-MiniLM-L6-v2:score-cache,transformers:cross-encoder/nli-MiniLM2-L6-H768:relation-cache
386,evidenceguard,True,False,False,False,False,0.5213,True,True,sentence-transformers:sentence-transformers/all-MiniLM-L6-v2:score-cache,transformers:cross-encoder/nli-MiniLM2-L6-H768:relation-cache
387,evidenceguard,False,False,False,False,False,0.3892,False,True,sentence-transformers:sentence-transformers/all-MiniLM-L6-v2:score-cache,transformers:cross-encoder/nli-MiniLM2-L6-H768:relation-cache
388,evidenceguard,False,False,True,False,False,0.4235,True,True,sentence-transformers:sentence-transformers/all-MiniLM-L6-v2:score-cache,transformers:cross-encoder/nli-MiniLM2-L6-H768:relation-cache
389,evidenceguard,True,False,False,False,False,0.3507,False,True,sentence-transformers:sentence-transformers/all-MiniLM-L6-v2:score-cache,transformers:cross-encoder/nli-MiniLM2-L6-H768:relation-cache
390,evidenceguard,True,False,False,False,False,0.3973,True,True,sentence-transformers:sentence-transformers/all-MiniLM-L6-v2:score-cache,transformers:cross-encoder/nli-MiniLM2-L6-H768:relation-cache
391,evidenceguard,True,False,False,False,False,0.3515,True,True,sentence-transformers:sentence-transformers/all-MiniLM-L6-v2:score-cache,transformers:cross-encoder/nli-MiniLM2-L6-H768:relation-cache
392,evidenceguard,False,False,True,False,False,0.2151,True,True,sentence-transformers:sentence-transformers/all-MiniLM-L6-v2:score-cache,transformers:cross-encoder/nli-MiniLM2-L6-H768:relation-cache
393,evidenceguard,True,False,False,False,False,0.3846,True,True,sentence-transformers:sentence-transformers/all-MiniLM-L6-v2:score-cache,transformers:cross-encoder/nli-MiniLM2-L6-H768:relation-cache
394,evidenceguard,True,False,False,False,False,0.3896,False,True,sentence-transformers:sentence-transformers/all-MiniLM-L6-v2:score-cache,transformers:cross-encoder/nli-MiniLM2-L6-H768:relation-cache
395,evidenceguard,True,False,False,False,False,0.456,False,True,sentence-transformers:sentence-transformers/all-MiniLM-L6-v2:score-cache,transformers:cross-encoder/nli-MiniLM2-L6-H768:relation-cache
396,evidenceguard,True,False,False,False,False,0.3,False,True,sentence-transformers:sentence-transformers/all-MiniLM-L6-v2:score-cache,transformers:cross-encoder/nli-MiniLM2-L6-H768:relation-cache
397,evidenceguard,True,False,False,False,False,0.3524,True,True,sentence-transformers:sentence-transformers/all-MiniLM-L6-v2:score-cache,transformers:cross-encoder/nli-MiniLM2-L6-H768:relation-cache
398,evidenceguard,False,False,False,False,False,0.4265,True,True,sentence-transformers:sentence-transformers/all-MiniLM-L6-v2:score-cache,transformers:cross-encoder/nli-MiniLM2-L6-H768:relation-cache
399,evidenceguard,False,False,False,False,False,0.3894,True,True,sentence-transformers:sentence-transformers/all-MiniLM-L6-v2:score-cache,transformers:cross-encoder/nli-MiniLM2-L6-H768:relation-cache
400,evidenceguard,False,False,False,False,False,0.429,False,True,sentence-transformers:sentence-transformers/all-MiniLM-L6-v2:score-cache,transformers:cross-encoder/nli-MiniLM2-L6-H768:relation-cache
401,evidenceguard,True,True,False,True,False,0.7846,False,True,sentence-transformers:sentence-transformers/all-MiniLM-L6-v2:score-cache,transformers:cross-encoder/nli-MiniLM2-L6-H768:relation-cache
402,evidenceguard,True,False,False,False,False,0.3597,False,True,sentence-transformers:sentence-transformers/all-MiniLM-L6-v2:score-cache,transformers:cross-encoder/nli-MiniLM2-L6-H768:relation-cache
403,evidenceguard,True,False,False,False,False,0.3105,False,True,sentence-transformers:sentence-transformers/all-MiniLM-L6-v2:score-cache,transformers:cross-encoder/nli-MiniLM2-L6-H768:relation-cache
404,evidenceguard,True,False,False,False,False,0.3072,False,True,sentence-transformers:sentence-transformers/all-MiniLM-L6-v2:score-cache,transformers:cross-encoder/nli-MiniLM2-L6-H768:relation-cache
405,evidenceguard,True,False,False,False,False,0.4026,False,True,sentence-transformers:sentence-transformers/all-MiniLM-L6-v2:score-cache,transformers:cross-encoder/nli-MiniLM2-L6-H768:relation-cache
406,evidenceguard,False,False,False,False,False,0.4249,True,True,sentence-transformers:sentence-transformers/all-MiniLM-L6-v2:score-cache,transformers:cross-encoder/nli-MiniLM2-L6-H768:relation-cache
407,evidenceguard,True,False,False,False,False,0.4051,True,True,sentence-transformers:sentence-transformers/all-MiniLM-L6-v2:score-cache,transformers:cross-encoder/nli-MiniLM2-L6-H768:relation-cache
408,evidenceguard,False,False,False,False,False,0.3584,True,True,sentence-transformers:sentence-transformers/all-MiniLM-L6-v2:score-cache,transformers:cross-encoder/nli-MiniLM2-L6-H768:relation-cache
409,evidenceguard,True,False,False,False,False,0.4107,True,True,sentence-transformers:sentence-transformers/all-MiniLM-L6-v2:score-cache,transformers:cross-encoder/nli-MiniLM2-L6-H768:relation-cache
410,evidenceguard,True,False,False,False,False,0.7227,True,True,sentence-transformers:sentence-transformers/all-MiniLM-L6-v2:score-cache,transformers:cross-encoder/nli-MiniLM2-L6-H768:relation-cache
411,evidenceguard,True,False,False,False,False,0.4494,False,True,sentence-transformers:sentence-transformers/all-MiniLM-L6-v2:score-cache,transformers:cross-encoder/nli-MiniLM2-L6-H768:relation-cache
412,evidenceguard,False,False,True,False,False,0.4461,True,True,sentence-transformers:sentence-transformers/all-MiniLM-L6-v2:score-cache,transformers:cross-encoder/nli-MiniLM2-L6-H768:relation-cache
413,evidenceguard,False,False,False,False,False,0.4491,True,True,sentence-transformers:sentence-transformers/all-MiniLM-L6-v2:score-cache,transformers:cross-encoder/nli-MiniLM2-L6-H768:relation-cache
414,evidenceguard,False,False,True,False,False,0.4142,True,True,sentence-transformers:sentence-transformers/all-MiniLM-L6-v2:score-cache,transformers:cross-encoder/nli-MiniLM2-L6-H768:relation-cache
415,evidenceguard,True,False,False,False,False,0.3543,True,True,sentence-transformers:sentence-transformers/all-MiniLM-L6-v2:score-cache,transformers:cross-encoder/nli-MiniLM2-L6-H768:relation-cache
416,evidenceguard,False,False,False,False,False,0.3993,False,True,sentence-transformers:sentence-transformers/all-MiniLM-L6-v2:score-cache,transformers:cross-encoder/nli-MiniLM2-L6-H768:relation-cache
417,evidenceguard,True,False,False,False,False,0.4243,False,True,sentence-transformers:sentence-transformers/all-MiniLM-L6-v2:score-cache,transformers:cross-encoder/nli-MiniLM2-L6-H768:relation-cache
418,evidenceguard,True,False,True,False,False,0.594,True,True,sentence-transformers:sentence-transformers/all-MiniLM-L6-v2:score-cache,transformers:cross-encoder/nli-MiniLM2-L6-H768:relation-cache
419,evidenceguard,True,False,False,False,False,0.3371,False,True,sentence-transformers:sentence-transformers/all-MiniLM-L6-v2:score-cache,transformers:cross-encoder/nli-MiniLM2-L6-H768:relation-cache
420,evidenceguard,False,False,False,False,False,0.4375,True,True,sentence-transformers:sentence-transformers/all-MiniLM-L6-v2:score-cache,transformers:cross-encoder/nli-MiniLM2-L6-H768:relation-cache
421,evidenceguard,True,False,False,False,False,0.4378,False,True,sentence-transformers:sentence-transformers/all-MiniLM-L6-v2:score-cache,transformers:cross-encoder/nli-MiniLM2-L6-H768:relation-cache
422,evidenceguard,True,False,False,False,False,0.4081,False,True,sentence-transformers:sentence-transformers/all-MiniLM-L6-v2:score-cache,transformers:cross-encoder/nli-MiniLM2-L6-H768:relation-cache
423,evidenceguard,True,False,False,False,False,0.3921,False,True,sentence-transformers:sentence-transformers/all-MiniLM-L6-v2:score-cache,transformers:cross-encoder/nli-MiniLM2-L6-H768:relation-cache
424,evidenceguard,False,False,False,False,False,0.2611,True,True,sentence-transformers:sentence-transformers/all-MiniLM-L6-v2:score-cache,transformers:cross-encoder/nli-MiniLM2-L6-H768:relation-cache
425,evidenceguard,True,False,False,False,False,0.3757,False,True,sentence-transformers:sentence-transformers/all-MiniLM-L6-v2:score-cache,transformers:cross-encoder/nli-MiniLM2-L6-H768:relation-cache
426,evidenceguard,True,False,True,False,False,0.3649,True,True,sentence-transformers:sentence-transformers/all-MiniLM-L6-v2:score-cache,transformers:cross-encoder/nli-MiniLM2-L6-H768:relation-cache
427,evidenceguard,True,False,False,False,False,0.2596,False,True,sentence-transformers:sentence-transformers/all-MiniLM-L6-v2:score-cache,transformers:cross-encoder/nli-MiniLM2-L6-H768:relation-cache
428,evidenceguard,False,False,False,False,False,0.2391,False,True,sentence-transformers:sentence-transformers/all-MiniLM-L6-v2:score-cache,transformers:cross-encoder/nli-MiniLM2-L6-H768:relation-cache
429,evidenceguard,True,False,False,False,False,0.3725,True,True,sentence-transformers:sentence-transformers/all-MiniLM-L6-v2:score-cache,transformers:cross-encoder/nli-MiniLM2-L6-H768:relation-cache
430,evidenceguard,True,False,False,False,False,0.3903,False,True,sentence-transformers:sentence-transformers/all-MiniLM-L6-v2:score-cache,transformers:cross-encoder/nli-MiniLM2-L6-H768:relation-cache
431,evidenceguard,True,False,False,False,False,0.4437,True,True,sentence-transformers:sentence-transformers/all-MiniLM-L6-v2:score-cache,transformers:cross-encoder/nli-MiniLM2-L6-H768:relation-cache
432,evidenceguard,True,False,False,False,False,0.2258,False,True,sentence-transformers:sentence-transformers/all-MiniLM-L6-v2:score-cache,transformers:cross-encoder/nli-MiniLM2-L6-H768:relation-cache
433,evidenceguard,False,False,False,False,False,0.3478,False,True,sentence-transformers:sentence-transformers/all-MiniLM-L6-v2:score-cache,transformers:cross-encoder/nli-MiniLM2-L6-H768:relation-cache
434,evidenceguard,True,False,True,False,False,0.3516,True,True,sentence-transformers:sentence-transformers/all-MiniLM-L6-v2:score-cache,transformers:cross-encoder/nli-MiniLM2-L6-H768:relation-cache
435,evidenceguard,False,False,False,False,False,0.2747,False,True,sentence-transformers:sentence-transformers/all-MiniLM-L6-v2:score-cache,transformers:cross-encoder/nli-MiniLM2-L6-H768:relation-cache
436,evidenceguard,True,False,False,False,False,0.3739,False,True,sentence-transformers:sentence-transformers/all-MiniLM-L6-v2:score-cache,transformers:cross-encoder/nli-MiniLM2-L6-H768:relation-cache
437,evidenceguard,True,False,False,False,False,0.339,False,True,sentence-transformers:sentence-transformers/all-MiniLM-L6-v2:score-cache,transformers:cross-encoder/nli-MiniLM2-L6-H768:relation-cache
438,evidenceguard,True,False,False,False,False,0.3944,True,True,sentence-transformers:sentence-transformers/all-MiniLM-L6-v2:score-cache,transformers:cross-encoder/nli-MiniLM2-L6-H768:relation-cache
439,evidenceguard,True,False,False,False,False,0.4392,False,True,sentence-transformers:sentence-transformers/all-MiniLM-L6-v2:score-cache,transformers:cross-encoder/nli-MiniLM2-L6-H768:relation-cache
440,evidenceguard,True,False,False,False,False,0.3244,False,True,sentence-transformers:sentence-transformers/all-MiniLM-L6-v2:score-cache,transformers:cross-encoder/nli-MiniLM2-L6-H768:relation-cache
441,evidenceguard,False,False,False,False,False,0.2886,False,True,sentence-transformers:sentence-transformers/all-MiniLM-L6-v2:score-cache,transformers:cross-encoder/nli-MiniLM2-L6-H768:relation-cache
442,evidenceguard,False,False,False,False,False,0.5119,True,True,sentence-transformers:sentence-transformers/all-MiniLM-L6-v2:score-cache,transformers:cross-encoder/nli-MiniLM2-L6-H768:relation-cache
443,evidenceguard,True,False,True,False,False,0.3868,True,True,sentence-transformers:sentence-transformers/all-MiniLM-L6-v2:score-cache,transformers:cross-encoder/nli-MiniLM2-L6-H768:relation-cache
444,evidenceguard,True,False,False,False,False,0.3652,True,True,sentence-transformers:sentence-transformers/all-MiniLM-L6-v2:score-cache,transformers:cross-encoder/nli-MiniLM2-L6-H768:relation-cache
445,evidenceguard,True,False,False,False,False,0.4484,False,True,sentence-transformers:sentence-transformers/all-MiniLM-L6-v2:score-cache,transformers:cross-encoder/nli-MiniLM2-L6-H768:relation-cache
446,evidenceguard,False,False,False,False,False,0.4358,True,True,sentence-transformers:sentence-transformers/all-MiniLM-L6-v2:score-cache,transformers:cross-encoder/nli-MiniLM2-L6-H768:relation-cache
447,evidenceguard,True,False,False,False,False,0.3846,True,True,sentence-transformers:sentence-transformers/all-MiniLM-L6-v2:score-cache,transformers:cross-encoder/nli-MiniLM2-L6-H768:relation-cache
448,evidenceguard,True,False,False,False,False,0.5024,True,True,sentence-transformers:sentence-transformers/all-MiniLM-L6-v2:score-cache,transformers:cross-encoder/nli-MiniLM2-L6-H768:relation-cache
449,evidenceguard,True,False,False,False,False,0.2462,False,True,sentence-transformers:sentence-transformers/all-MiniLM-L6-v2:score-cache,transformers:cross-encoder/nli-MiniLM2-L6-H768:relation-cache
450,evidenceguard,True,False,False,False,False,0.4018,True,True,sentence-transformers:sentence-transformers/all-MiniLM-L6-v2:score-cache,transformers:cross-encoder/nli-MiniLM2-L6-H768:relation-cache
451,evidenceguard,True,False,False,False,False,0.4711,True,True,sentence-transformers:sentence-transformers/all-MiniLM-L6-v2:score-cache,transformers:cross-encoder/nli-MiniLM2-L6-H768:relation-cache
452,evidenceguard,True,False,True,False,False,0.5992,False,True,sentence-transformers:sentence-transformers/all-MiniLM-L6-v2:score-cache,transformers:cross-encoder/nli-MiniLM2-L6-H768:relation-cache
453,evidenceguard,True,False,False,False,False,0.4384,True,True,sentence-transformers:sentence-transformers/all-MiniLM-L6-v2:score-cache,transformers:cross-encoder/nli-MiniLM2-L6-H768:relation-cache
454,evidenceguard,True,False,True,False,False,0.4462,False,True,sentence-transformers:sentence-transformers/all-MiniLM-L6-v2:score-cache,transformers:cross-encoder/nli-MiniLM2-L6-H768:relation-cache
455,evidenceguard,True,False,False,False,False,0.5578,True,True,sentence-transformers:sentence-transformers/all-MiniLM-L6-v2:score-cache,transformers:cross-encoder/nli-MiniLM2-L6-H768:relation-cache
456,evidenceguard,True,False,False,False,False,0.4547,False,True,sentence-transformers:sentence-transformers/all-MiniLM-L6-v2:score-cache,transformers:cross-encoder/nli-MiniLM2-L6-H768:relation-cache
457,evidenceguard,True,False,False,False,False,0.3798,True,True,sentence-transformers:sentence-transformers/all-MiniLM-L6-v2:score-cache,transformers:cross-encoder/nli-MiniLM2-L6-H768:relation-cache
458,evidenceguard,True,False,False,False,False,0.5216,False,True,sentence-transformers:sentence-transformers/all-MiniLM-L6-v2:score-cache,transformers:cross-encoder/nli-MiniLM2-L6-H768:relation-cache
459,evidenceguard,True,False,False,False,False,0.3961,False,True,sentence-transformers:sentence-transformers/all-MiniLM-L6-v2:score-cache,transformers:cross-encoder/nli-MiniLM2-L6-H768:relation-cache
460,evidenceguard,True,False,False,False,False,0.4211,True,True,sentence-transformers:sentence-transformers/all-MiniLM-L6-v2:score-cache,transformers:cross-encoder/nli-MiniLM2-L6-H768:relation-cache
461,evidenceguard,True,False,False,False,False,0.2618,True,True,sentence-transformers:sentence-transformers/all-MiniLM-L6-v2:score-cache,transformers:cross-encoder/nli-MiniLM2-L6-H768:relation-cache
462,evidenceguard,True,False,False,False,False,0.4828,False,True,sentence-transformers:sentence-transformers/all-MiniLM-L6-v2:score-cache,transformers:cross-encoder/nli-MiniLM2-L6-H768:relation-cache
463,evidenceguard,True,False,True,False,False,0.4437,True,True,sentence-transformers:sentence-transformers/all-MiniLM-L6-v2:score-cache,transformers:cross-encoder/nli-MiniLM2-L6-H768:relation-cache
464,evidenceguard,False,False,True,False,False,0.4499,True,True,sentence-transformers:sentence-transformers/all-MiniLM-L6-v2:score-cache,transformers:cross-encoder/nli-MiniLM2-L6-H768:relation-cache
465,evidenceguard,True,False,False,False,False,0.5406,True,True,sentence-transformers:sentence-transformers/all-MiniLM-L6-v2:score-cache,transformers:cross-encoder/nli-MiniLM2-L6-H768:relation-cache
466,evidenceguard,True,False,False,False,False,0.3884,True,True,sentence-transformers:sentence-transformers/all-MiniLM-L6-v2:score-cache,transformers:cross-encoder/nli-MiniLM2-L6-H768:relation-cache
467,evidenceguard,True,False,True,False,False,0.3643,True,True,sentence-transformers:sentence-transformers/all-MiniLM-L6-v2:score-cache,transformers:cross-encoder/nli-MiniLM2-L6-H768:relation-cache
468,evidenceguard,True,False,True,False,False,0.2864,True,True,sentence-transformers:sentence-transformers/all-MiniLM-L6-v2:score-cache,transformers:cross-encoder/nli-MiniLM2-L6-H768:relation-cache
469,evidenceguard,False,False,False,False,False,0.3934,True,True,sentence-transformers:sentence-transformers/all-MiniLM-L6-v2:score-cache,transformers:cross-encoder/nli-MiniLM2-L6-H768:relation-cache
470,evidenceguard,False,False,False,False,False,0.4725,True,True,sentence-transformers:sentence-transformers/all-MiniLM-L6-v2:score-cache,transformers:cross-encoder/nli-MiniLM2-L6-H768:relation-cache
471,evidenceguard,True,False,False,False,False,0.4162,False,True,sentence-transformers:sentence-transformers/all-MiniLM-L6-v2:score-cache,transformers:cross-encoder/nli-MiniLM2-L6-H768:relation-cache
472,evidenceguard,True,False,False,False,False,0.4197,False,True,sentence-transformers:sentence-transformers/all-MiniLM-L6-v2:score-cache,transformers:cross-encoder/nli-MiniLM2-L6-H768:relation-cache
473,evidenceguard,True,False,False,False,False,0.4589,True,True,sentence-transformers:sentence-transformers/all-MiniLM-L6-v2:score-cache,transformers:cross-encoder/nli-MiniLM2-L6-H768:relation-cache
474,evidenceguard,True,False,False,False,False,0.4971,True,True,sentence-transformers:sentence-transformers/all-MiniLM-L6-v2:score-cache,transformers:cross-encoder/nli-MiniLM2-L6-H768:relation-cache
475,evidenceguard,False,False,True,False,False,0.3888,True,True,sentence-transformers:sentence-transformers/all-MiniLM-L6-v2:score-cache,transformers:cross-encoder/nli-MiniLM2-L6-H768:relation-cache
476,evidenceguard,True,False,False,False,False,0.3885,False,True,sentence-transformers:sentence-transformers/all-MiniLM-L6-v2:score-cache,transformers:cross-encoder/nli-MiniLM2-L6-H768:relation-cache
477,evidenceguard,True,False,False,False,False,0.4131,True,True,sentence-transformers:sentence-transformers/all-MiniLM-L6-v2:score-cache,transformers:cross-encoder/nli-MiniLM2-L6-H768:relation-cache
478,evidenceguard,True,False,False,False,False,0.4201,False,True,sentence-transformers:sentence-transformers/all-MiniLM-L6-v2:score-cache,transformers:cross-encoder/nli-MiniLM2-L6-H768:relation-cache
479,evidenceguard,True,False,False,False,False,0.4312,True,True,sentence-transformers:sentence-transformers/all-MiniLM-L6-v2:score-cache,transformers:cross-encoder/nli-MiniLM2-L6-H768:relation-cache
480,evidenceguard,True,False,False,False,False,0.4482,False,True,sentence-transformers:sentence-transformers/all-MiniLM-L6-v2:score-cache,transformers:cross-encoder/nli-MiniLM2-L6-H768:relation-cache
481,evidenceguard,True,False,False,False,False,0.3697,False,True,sentence-transformers:sentence-transformers/all-MiniLM-L6-v2:score-cache,transformers:cross-encoder/nli-MiniLM2-L6-H768:relation-cache
482,evidenceguard,False,False,False,False,False,0.4709,True,True,sentence-transformers:sentence-transformers/all-MiniLM-L6-v2:score-cache,transformers:cross-encoder/nli-MiniLM2-L6-H768:relation-cache
483,evidenceguard,False,False,False,False,False,0.3726,False,True,sentence-transformers:sentence-transformers/all-MiniLM-L6-v2:score-cache,transformers:cross-encoder/nli-MiniLM2-L6-H768:relation-cache
484,evidenceguard,True,False,False,False,False,0.4358,False,True,sentence-transformers:sentence-transformers/all-MiniLM-L6-v2:score-cache,transformers:cross-encoder/nli-MiniLM2-L6-H768:relation-cache
485,evidenceguard,True,False,False,False,False,0.4446,True,True,sentence-transformers:sentence-transformers/all-MiniLM-L6-v2:score-cache,transformers:cross-encoder/nli-MiniLM2-L6-H768:relation-cache
486,evidenceguard,True,False,False,False,False,0.3967,True,True,sentence-transformers:sentence-transformers/all-MiniLM-L6-v2:score-cache,transformers:cross-encoder/nli-MiniLM2-L6-H768:relation-cache
487,evidenceguard,True,False,False,False,False,0.3698,True,True,sentence-transformers:sentence-transformers/all-MiniLM-L6-v2:score-cache,transformers:cross-encoder/nli-MiniLM2-L6-H768:relation-cache
488,evidenceguard,False,False,False,False,False,0.3183,False,True,sentence-transformers:sentence-transformers/all-MiniLM-L6-v2:score-cache,transformers:cross-encoder/nli-MiniLM2-L6-H768:relation-cache
489,evidenceguard,True,False,False,False,False,0.3795,False,True,sentence-transformers:sentence-transformers/all-MiniLM-L6-v2:score-cache,transformers:cross-encoder/nli-MiniLM2-L6-H768:relation-cache
490,evidenceguard,True,False,False,False,False,0.4016,True,True,sentence-transformers:sentence-transformers/all-MiniLM-L6-v2:score-cache,transformers:cross-encoder/nli-MiniLM2-L6-H768:relation-cache
491,evidenceguard,True,False,False,False,False,0.4555,False,True,sentence-transformers:sentence-transformers/all-MiniLM-L6-v2:score-cache,transformers:cross-encoder/nli-MiniLM2-L6-H768:relation-cache
492,evidenceguard,True,False,False,False,False,0.3929,False,True,sentence-transformers:sentence-transformers/all-MiniLM-L6-v2:score-cache,transformers:cross-encoder/nli-MiniLM2-L6-H768:relation-cache
493,evidenceguard,True,False,False,False,False,0.4864,True,True,sentence-transformers:sentence-transformers/all-MiniLM-L6-v2:score-cache,transformers:cross-encoder/nli-MiniLM2-L6-H768:relation-cache
494,evidenceguard,True,False,False,False,False,0.3827,False,True,sentence-transformers:sentence-transformers/all-MiniLM-L6-v2:score-cache,transformers:cross-encoder/nli-MiniLM2-L6-H768:relation-cache
495,evidenceguard,True,False,False,False,False,0.5071,True,True,sentence-transformers:sentence-transformers/all-MiniLM-L6-v2:score-cache,transformers:cross-encoder/nli-MiniLM2-L6-H768:relation-cache
496,evidenceguard,True,False,False,False,False,0.423,True,True,sentence-transformers:sentence-transformers/all-MiniLM-L6-v2:score-cache,transformers:cross-encoder/nli-MiniLM2-L6-H768:relation-cache
497,evidenceguard,True,False,False,False,False,0.4909,False,True,sentence-transformers:sentence-transformers/all-MiniLM-L6-v2:score-cache,transformers:cross-encoder/nli-MiniLM2-L6-H768:relation-cache
498,evidenceguard,True,False,True,False,False,0.3258,True,True,sentence-transformers:sentence-transformers/all-MiniLM-L6-v2:score-cache,transformers:cross-encoder/nli-MiniLM2-L6-H768:relation-cache
499,evidenceguard,True,False,True,False,False,0.5612,True,True,sentence-transformers:sentence-transformers/all-MiniLM-L6-v2:score-cache,transformers:cross-encoder/nli-MiniLM2-L6-H768:relation-cache
